id,minute,xG,h_a,season,h_team,a_team,player,date,ScoredEarlier,ScoredPenEarlier,ScoredLater,ScoredPenLater,IsGoal,MyScore,OppScore,PrevAccumXG
480296,66,0.03238489851355553,a,2022,Bayer Leverkusen,Augsburg,Elvis Rexhbecaj,2022-08-13 13:30:00,0,0,0,0,False,1,1,0.0
486592,62,0.013275399804115295,h,2022,Augsburg,Hertha Berlin,Elvis Rexhbecaj,2022-09-04 13:30:00,0,0,0,0,False,0,1,0.0
487227,40,0.01036749966442585,a,2022,Werder Bremen,Augsburg,Elvis Rexhbecaj,2022-09-09 18:30:00,0,0,0,0,False,0,0,0.0
487228,42,0.012058000080287457,a,2022,Werder Bremen,Augsburg,Elvis Rexhbecaj,2022-09-09 18:30:00,0,0,0,0,False,0,0,0.01036749966442585
491504,62,0.019597100093960762,h,2022,Augsburg,Wolfsburg,Elvis Rexhbecaj,2022-10-08 13:30:00,0,0,0,0,False,1,1,0.0
493722,77,0.021535299718379974,a,2022,FC Cologne,Augsburg,Elvis Rexhbecaj,2022-10-16 13:30:00,0,0,0,0,False,2,2,0.0
496388,49,0.016964999958872795,a,2022,VfB Stuttgart,Augsburg,Elvis Rexhbecaj,2022-10-29 13:30:00,0,0,0,0,False,1,1,0.0
505791,14,0.016659000888466835,a,2022,Freiburg,Augsburg,Elvis Rexhbecaj,2023-01-28 14:30:00,0,0,0,0,False,0,1,0.0
506822,64,0.0242248997092247,h,2022,Augsburg,Bayer Leverkusen,Elvis Rexhbecaj,2023-02-03 19:30:00,0,0,0,0,False,1,0,0.0
509329,37,0.03397350013256073,h,2022,Augsburg,Hoffenheim,Elvis Rexhbecaj,2023-02-17 19:30:00,0,0,0,0,False,0,0,0.0
514863,22,0.019698800519108772,h,2022,Augsburg,Schalke 04,Elvis Rexhbecaj,2023-03-18 14:30:00,0,0,0,0,False,0,0,0.0
516219,42,0.031141500920057297,a,2022,Wolfsburg,Augsburg,Elvis Rexhbecaj,2023-04-01 13:30:00,0,0,0,0,False,1,0,0.0
517855,28,0.020619099959731102,h,2022,Augsburg,FC Cologne,Elvis Rexhbecaj,2023-04-08 13:30:00,0,0,0,0,False,0,2,0.0
519283,86,0.014042099937796593,a,2022,RasenBallsport Leipzig,Augsburg,Elvis Rexhbecaj,2023-04-15 13:30:00,0,0,0,0,False,2,3,0.0
522628,6,0.01617041788995266,a,2022,Eintracht Frankfurt,Augsburg,Elvis Rexhbecaj,2023-04-29 13:30:00,0,0,0,0,False,0,0,0.0
522630,24,0,a,2022,Eintracht Frankfurt,Augsburg,Elvis Rexhbecaj,2023-04-29 13:30:00,0,0,0,0,False,0,0,0.01617041788995266
522644,86,0.03158613294363022,a,2022,Eintracht Frankfurt,Augsburg,Elvis Rexhbecaj,2023-04-29 13:30:00,0,0,0,0,False,1,0,0.01617041788995266
522710,33,0.030979832634329796,a,2022,VfB Stuttgart,Borussia M.Gladbach,Luca Netz,2023-04-29 13:30:00,0,0,0,0,False,0,1,0.0
526225,75,0.3268575966358185,a,2022,Borussia Dortmund,Borussia M.Gladbach,Luca Netz,2023-05-13 16:30:00,0,0,0,0,False,1,4,0.0
528258,45,0.03677228093147278,a,2022,Bayer Leverkusen,Borussia M.Gladbach,Luca Netz,2023-05-21 17:30:00,0,0,0,0,False,0,2,0.0
529078,2,0.5166290402412415,h,2022,Borussia M.Gladbach,Augsburg,Luca Netz,2023-05-27 13:30:00,0,0,0,0,True,0,0,0.0
497271,51,0.0335610993206501,a,2022,Union Berlin,Borussia M.Gladbach,Nathan N&#039;Goumou Minpol,2022-10-30 14:30:00,0,0,0,0,False,1,0,0.0
505052,34,0.0392875000834465,h,2022,Borussia M.Gladbach,Bayer Leverkusen,Nathan N&#039;Goumou Minpol,2023-01-22 16:30:00,0,0,0,0,False,0,1,0.0
518657,30,0.022607700899243355,h,2022,Borussia M.Gladbach,Wolfsburg,Nathan N&#039;Goumou Minpol,2023-04-09 13:30:00,0,0,1,0,False,0,0,0.0
518659,33,0.06995850056409836,h,2022,Borussia M.Gladbach,Wolfsburg,Nathan N&#039;Goumou Minpol,2023-04-09 13:30:00,0,0,0,0,True,0,0,0.022607700899243355
518664,56,0.06207570061087608,h,2022,Borussia M.Gladbach,Wolfsburg,Nathan N&#039;Goumou Minpol,2023-04-09 13:30:00,1,0,0,0,False,1,0,0.09256620146334171
522718,62,0.027803713455796242,a,2022,VfB Stuttgart,Borussia M.Gladbach,Nathan N&#039;Goumou Minpol,2023-04-29 13:30:00,0,0,0,0,False,0,1,0.0
524469,31,0.012770222499966621,h,2022,Borussia M.Gladbach,Bochum,Nathan N&#039;Goumou Minpol,2023-05-06 13:30:00,0,0,0,0,False,0,0,0.0
524472,38,0.47981715202331543,h,2022,Borussia M.Gladbach,Bochum,Nathan N&#039;Goumou Minpol,2023-05-06 13:30:00,0,0,0,0,False,1,0,0.012770222499966621
524485,60,0.08198200911283493,h,2022,Borussia M.Gladbach,Bochum,Nathan N&#039;Goumou Minpol,2023-05-06 13:30:00,0,0,0,0,False,1,0,0.49258737452328205
524489,72,0.053141068667173386,h,2022,Borussia M.Gladbach,Bochum,Nathan N&#039;Goumou Minpol,2023-05-06 13:30:00,0,0,0,0,False,1,0,0.574569383636117
524491,76,0.2516321539878845,h,2022,Borussia M.Gladbach,Bochum,Nathan N&#039;Goumou Minpol,2023-05-06 13:30:00,0,0,0,0,False,1,0,0.6277104523032904
526201,26,0.05051759257912636,a,2022,Borussia Dortmund,Borussia M.Gladbach,Nathan N&#039;Goumou Minpol,2023-05-13 16:30:00,0,0,0,0,False,0,3,0.0
526216,53,0.013882269151508808,a,2022,Borussia Dortmund,Borussia M.Gladbach,Nathan N&#039;Goumou Minpol,2023-05-13 16:30:00,0,0,0,0,False,0,4,0.05051759257912636
506212,1,0.063093401491642,h,2022,Schalke 04,FC Cologne,Moritz Jenz,2023-01-29 14:30:00,0,0,0,0,False,0,0,0.0
507348,27,0.015975400805473328,a,2022,Borussia M.Gladbach,Schalke 04,Moritz Jenz,2023-02-04 17:30:00,0,0,0,0,False,0,0,0.0
508104,60,0.06848660111427307,h,2022,Schalke 04,Wolfsburg,Moritz Jenz,2023-02-10 19:30:00,0,0,0,0,False,0,0,0.0
508106,65,0.08802930265665054,h,2022,Schalke 04,Wolfsburg,Moritz Jenz,2023-02-10 19:30:00,0,0,0,0,False,0,0,0.06848660111427307
510265,69,0.015667099505662918,a,2022,Union Berlin,Schalke 04,Moritz Jenz,2023-02-19 14:30:00,0,0,0,0,False,0,0,0.0
510981,70,0.48685500025749207,h,2022,Schalke 04,VfB Stuttgart,Moritz Jenz,2023-02-25 17:30:00,0,0,0,0,False,2,1,0.0
513732,75,0.0393855981528759,h,2022,Schalke 04,Borussia Dortmund,Moritz Jenz,2023-03-11 17:30:00,0,0,0,0,False,1,2,0.0
514880,88,0.061757199466228485,a,2022,Augsburg,Schalke 04,Moritz Jenz,2023-03-18 14:30:00,0,0,0,0,False,0,1,0.0
527344,14,0.03876609727740288,h,2022,Schalke 04,Eintracht Frankfurt,Moritz Jenz,2023-05-20 13:30:00,0,0,0,0,False,1,0,0.0
527355,78,0.07925381511449814,h,2022,Schalke 04,Eintracht Frankfurt,Moritz Jenz,2023-05-20 13:30:00,0,0,0,0,False,1,2,0.03876609727740288
481780,55,0.04804680123925209,h,2022,Wolfsburg,Schalke 04,Maxence Lacroix,2022-08-20 13:30:00,0,0,0,0,False,0,0,0.0
487476,59,0.13431300222873688,a,2022,Eintracht Frankfurt,Wolfsburg,Maxence Lacroix,2022-09-10 13:30:00,0,0,0,0,True,0,0,0.0
487477,67,0.01535130012780428,a,2022,Eintracht Frankfurt,Wolfsburg,Maxence Lacroix,2022-09-10 13:30:00,1,0,0,0,False,1,0,0.13431300222873688
505351,73,0.08774760365486145,a,2022,Hertha Berlin,Wolfsburg,Maxence Lacroix,2023-01-24 19:30:00,0,0,0,0,False,4,0,0.0
516234,80,0.13111799955368042,h,2022,Wolfsburg,Augsburg,Maxence Lacroix,2023-04-01 13:30:00,0,0,0,0,False,0,1,0.0
479145,20,0.0619313009083271,h,2022,Borussia M.Gladbach,Hoffenheim,Alassane Pléa,2022-08-06 13:30:00,0,0,0,0,False,0,0,0.0
479147,31,0.02153480052947998,h,2022,Borussia M.Gladbach,Hoffenheim,Alassane Pléa,2022-08-06 13:30:00,0,0,0,0,False,0,1,0.0619313009083271
479157,61,0.022419199347496033,h,2022,Borussia M.Gladbach,Hoffenheim,Alassane Pléa,2022-08-06 13:30:00,0,0,0,0,False,1,1,0.08346610143780708
479159,76,0.5083079934120178,h,2022,Borussia M.Gladbach,Hoffenheim,Alassane Pléa,2022-08-06 13:30:00,0,0,0,0,False,2,1,0.10588530078530312
479161,81,0.08972729742527008,h,2022,Borussia M.Gladbach,Hoffenheim,Alassane Pléa,2022-08-06 13:30:00,0,0,0,0,False,3,1,0.6141932941973209
480574,36,0.02192560024559498,a,2022,Schalke 04,Borussia M.Gladbach,Alassane Pléa,2022-08-13 16:30:00,0,0,0,0,False,0,1,0.0
481526,6,0.09153109788894653,h,2022,Borussia M.Gladbach,Hertha Berlin,Alassane Pléa,2022-08-19 18:30:00,0,0,1,0,False,0,0,0.0
481535,33,0.7577769756317139,h,2022,Borussia M.Gladbach,Hertha Berlin,Alassane Pléa,2022-08-19 18:30:00,0,0,0,0,True,0,0,0.09153109788894653
492221,55,0.07264160364866257,h,2022,Borussia M.Gladbach,FC Cologne,Alassane Pléa,2022-10-09 13:30:00,0,0,0,0,False,3,1,0.0
492229,93,0.1014610007405281,h,2022,Borussia M.Gladbach,FC Cologne,Alassane Pléa,2022-10-09 13:30:00,0,0,0,0,False,5,2,0.07264160364866257
497263,23,0.05689070001244545,a,2022,Union Berlin,Borussia M.Gladbach,Alassane Pléa,2022-10-30 14:30:00,0,0,0,0,False,0,0,0.0
497270,48,0.016787100583314896,a,2022,Union Berlin,Borussia M.Gladbach,Alassane Pléa,2022-10-30 14:30:00,0,0,0,0,False,1,0,0.05689070001244545
497649,14,0.08830379694700241,h,2022,Borussia M.Gladbach,VfB Stuttgart,Alassane Pléa,2022-11-04 18:30:00,0,0,0,0,False,1,0,0.0
499158,52,0.014580800198018551,a,2022,Bochum,Borussia M.Gladbach,Alassane Pléa,2022-11-08 19:30:00,0,0,1,0,False,0,2,0.0
499160,61,0.09739869832992554,a,2022,Bochum,Borussia M.Gladbach,Alassane Pléa,2022-11-08 19:30:00,0,0,0,0,True,0,2,0.014580800198018551
505044,9,0.028148600831627846,h,2022,Borussia M.Gladbach,Bayer Leverkusen,Alassane Pléa,2023-01-22 16:30:00,0,0,0,0,False,0,0,0.0
505054,38,0.01901629939675331,h,2022,Borussia M.Gladbach,Bayer Leverkusen,Alassane Pléa,2023-01-22 16:30:00,0,0,0,0,False,0,1,0.028148600831627846
508977,91,0.06597980111837387,a,2022,Hertha Berlin,Borussia M.Gladbach,Alassane Pléa,2023-02-12 14:30:00,0,0,0,0,False,1,3,0.0
509588,33,0.12589700520038605,h,2022,Borussia M.Gladbach,Bayern Munich,Alassane Pléa,2023-02-18 14:30:00,0,0,0,0,False,1,0,0.0
509592,37,0.13936300575733185,h,2022,Borussia M.Gladbach,Bayern Munich,Alassane Pléa,2023-02-18 14:30:00,0,0,0,0,False,1,1,0.12589700520038605
511999,5,0.01711690053343773,h,2022,Borussia M.Gladbach,Freiburg,Alassane Pléa,2023-03-04 14:30:00,0,0,0,0,False,0,0,0.0
512001,17,0.34538599848747253,h,2022,Borussia M.Gladbach,Freiburg,Alassane Pléa,2023-03-04 14:30:00,0,0,0,0,False,0,0,0.01711690053343773
512013,63,0.04587480053305626,h,2022,Borussia M.Gladbach,Freiburg,Alassane Pléa,2023-03-04 14:30:00,0,0,0,0,False,0,0,0.36250289902091026
512014,73,0.42256298661231995,h,2022,Borussia M.Gladbach,Freiburg,Alassane Pléa,2023-03-04 14:30:00,0,0,0,0,False,0,0,0.4083776995539665
513419,49,0.06716360151767731,a,2022,RasenBallsport Leipzig,Borussia M.Gladbach,Alassane Pléa,2023-03-11 14:30:00,0,0,0,0,False,0,0,0.0
513420,52,0.7577769756317139,a,2022,RasenBallsport Leipzig,Borussia M.Gladbach,Alassane Pléa,2023-03-11 14:30:00,0,0,0,0,False,0,0,0.06716360151767731
518653,21,0.027525100857019424,h,2022,Borussia M.Gladbach,Wolfsburg,Alassane Pléa,2023-04-09 13:30:00,0,0,0,0,False,0,0,0.0
522708,32,0.29110434651374817,a,2022,VfB Stuttgart,Borussia M.Gladbach,Alassane Pléa,2023-04-29 13:30:00,0,0,0,0,False,0,1,0.0
522709,33,0.021700233221054077,a,2022,VfB Stuttgart,Borussia M.Gladbach,Alassane Pléa,2023-04-29 13:30:00,0,0,0,0,False,0,1,0.29110434651374817
480917,88,0.047747399657964706,a,2022,Mainz 05,Union Berlin,Kevin Behrens,2022-08-14 13:30:00,0,0,0,0,False,0,0,0.0
493830,85,0.10836199671030045,h,2022,Union Berlin,Borussia Dortmund,Kevin Behrens,2022-10-16 15:30:00,0,0,0,0,False,2,0,0.0
497276,78,0.29604899883270264,h,2022,Union Berlin,Borussia M.Gladbach,Kevin Behrens,2022-10-30 14:30:00,0,0,0,0,True,0,1,0.0
497278,81,0.09273199737071991,h,2022,Union Berlin,Borussia M.Gladbach,Kevin Behrens,2022-10-30 14:30:00,1,0,0,0,False,1,1,0.29604899883270264
499475,21,0.5379819869995117,h,2022,Union Berlin,Augsburg,Kevin Behrens,2022-11-09 19:30:00,0,0,0,0,True,1,1,0.0
499484,56,0.01429080031812191,h,2022,Union Berlin,Augsburg,Kevin Behrens,2022-11-09 19:30:00,1,0,0,0,False,2,2,0.5379819869995117
499485,67,0.5384500026702881,h,2022,Union Berlin,Augsburg,Kevin Behrens,2022-11-09 19:30:00,1,0,0,0,False,2,2,0.5522727873176336
499487,77,0.06538829952478409,h,2022,Union Berlin,Augsburg,Kevin Behrens,2022-11-09 19:30:00,1,0,0,0,False,2,2,1.0907227899879217
504577,74,0.021097300574183464,h,2022,Union Berlin,Hoffenheim,Kevin Behrens,2023-01-21 14:30:00,0,0,0,0,False,1,1,0.0
505519,45,0.11579299718141556,a,2022,Werder Bremen,Union Berlin,Kevin Behrens,2023-01-25 19:30:00,0,0,0,0,True,1,1,0.0
507004,31,0.6313589811325073,h,2022,Union Berlin,Mainz 05,Kevin Behrens,2023-02-04 14:30:00,0,0,0,0,True,0,0,0.0
508626,47,0.022129999473690987,a,2022,RasenBallsport Leipzig,Union Berlin,Kevin Behrens,2023-02-11 17:30:00,0,0,0,0,False,0,1,0.0
512062,3,0.05713700130581856,h,2022,Union Berlin,FC Cologne,Kevin Behrens,2023-03-04 14:30:00,0,0,0,0,False,0,0,0.0
512066,38,0.059251900762319565,h,2022,Union Berlin,FC Cologne,Kevin Behrens,2023-03-04 14:30:00,0,0,0,0,False,0,0,0.05713700130581856
515670,74,0.07578969746828079,h,2022,Union Berlin,Eintracht Frankfurt,Kevin Behrens,2023-03-19 14:30:00,0,0,0,0,True,1,0,0.0
516241,17,0.021376999095082283,h,2022,Union Berlin,VfB Stuttgart,Kevin Behrens,2023-04-01 13:30:00,0,0,1,0,False,0,0,0.0
516243,30,0.021487999707460403,h,2022,Union Berlin,VfB Stuttgart,Kevin Behrens,2023-04-01 13:30:00,0,0,1,0,False,0,0,0.021376999095082283
516258,64,0.6224430203437805,h,2022,Union Berlin,VfB Stuttgart,Kevin Behrens,2023-04-01 13:30:00,0,0,0,0,True,1,0,0.042864998802542686
517966,60,0.39170798659324646,a,2022,Borussia Dortmund,Union Berlin,Kevin Behrens,2023-04-08 13:30:00,0,0,0,0,True,0,1,0.0
520205,19,0.0682206004858017,h,2022,Union Berlin,Bochum,Kevin Behrens,2023-04-16 15:30:00,0,0,0,0,False,0,0,0.0
520214,56,0.06524299830198288,h,2022,Union Berlin,Bochum,Kevin Behrens,2023-04-16 15:30:00,0,0,0,0,False,1,1,0.0682206004858017
520220,73,0.021619899198412895,h,2022,Union Berlin,Bochum,Kevin Behrens,2023-04-16 15:30:00,0,0,0,0,False,1,1,0.13346359878778458
520222,78,0.05143100023269653,h,2022,Union Berlin,Bochum,Kevin Behrens,2023-04-16 15:30:00,0,0,0,0,False,1,1,0.15508349798619747
520225,84,0.5798140168190002,h,2022,Union Berlin,Bochum,Kevin Behrens,2023-04-16 15:30:00,0,0,0,0,False,1,1,0.206514498218894
521720,21,0.09114153683185577,a,2022,Borussia M.Gladbach,Union Berlin,Kevin Behrens,2023-04-23 17:30:00,0,0,0,0,False,0,0,0.0
521728,53,0.045558441430330276,a,2022,Borussia M.Gladbach,Union Berlin,Kevin Behrens,2023-04-23 17:30:00,0,0,0,0,False,0,0,0.09114153683185577
521729,54,0.12221735715866089,a,2022,Borussia M.Gladbach,Union Berlin,Kevin Behrens,2023-04-23 17:30:00,0,0,0,0,False,0,0,0.13669997826218605
524557,15,0.08130287379026413,a,2022,Augsburg,Union Berlin,Kevin Behrens,2023-05-06 13:30:00,0,0,0,0,False,0,0,0.0
524558,21,0.010405405424535275,a,2022,Augsburg,Union Berlin,Kevin Behrens,2023-05-06 13:30:00,0,0,0,0,False,0,0,0.08130287379026413
524567,56,0.06969701498746872,a,2022,Augsburg,Union Berlin,Kevin Behrens,2023-05-06 13:30:00,0,0,0,0,False,0,1,0.0917082792147994
525936,4,0.15511871874332428,h,2022,Union Berlin,Freiburg,Kevin Behrens,2023-05-13 13:30:00,0,0,0,0,True,0,0,0.0
527390,19,0.029106078669428825,a,2022,Hoffenheim,Union Berlin,Kevin Behrens,2023-05-20 13:30:00,0,0,0,0,False,0,0,0.0
527392,27,0.023114582523703575,a,2022,Hoffenheim,Union Berlin,Kevin Behrens,2023-05-20 13:30:00,0,0,0,0,False,0,1,0.029106078669428825
527412,91,0.09382466971874237,a,2022,Hoffenheim,Union Berlin,Kevin Behrens,2023-05-20 13:30:00,0,0,0,0,False,1,3,0.0522206611931324
529111,36,0.10269808769226074,h,2022,Union Berlin,Werder Bremen,Kevin Behrens,2023-05-27 13:30:00,0,0,0,0,False,0,0,0.0
478995,9,0.08804389834403992,a,2022,Eintracht Frankfurt,Bayern Munich,Benjamin Pavard,2022-08-05 18:30:00,0,0,0,0,True,1,0,0.0
481027,13,0.08089230209589005,h,2022,Bayern Munich,Wolfsburg,Benjamin Pavard,2022-08-14 15:30:00,0,0,0,0,False,0,0,0.0
481031,36,0.019023900851607323,h,2022,Bayern Munich,Wolfsburg,Benjamin Pavard,2022-08-14 15:30:00,0,0,0,0,False,1,0,0.08089230209589005
482505,10,0.09647169709205627,a,2022,Bochum,Bayern Munich,Benjamin Pavard,2022-08-21 15:30:00,0,0,0,0,False,1,0,0.0
482507,16,0.018626200035214424,a,2022,Bochum,Bayern Munich,Benjamin Pavard,2022-08-21 15:30:00,0,0,0,0,False,1,0,0.09647169709205627
483906,54,0.02848609909415245,h,2022,Bayern Munich,Borussia M.Gladbach,Benjamin Pavard,2022-08-27 16:30:00,0,0,0,0,False,0,1,0.0
483916,74,0.017155300825834274,h,2022,Bayern Munich,Borussia M.Gladbach,Benjamin Pavard,2022-08-27 16:30:00,0,0,0,0,False,0,1,0.02848609909415245
483922,86,0.011422599665820599,h,2022,Bayern Munich,Borussia M.Gladbach,Benjamin Pavard,2022-08-27 16:30:00,0,0,0,0,False,1,1,0.045641399919986725
483926,90,0.015162800438702106,h,2022,Bayern Munich,Borussia M.Gladbach,Benjamin Pavard,2022-08-27 16:30:00,0,0,0,0,False,1,1,0.05706399958580732
485816,8,0.015588800422847271,a,2022,Union Berlin,Bayern Munich,Benjamin Pavard,2022-09-03 13:30:00,0,0,0,0,False,0,0,0.0
485827,46,0.017087599262595177,a,2022,Union Berlin,Bayern Munich,Benjamin Pavard,2022-09-03 13:30:00,0,0,0,0,False,1,1,0.015588800422847271
485838,93,0.03331010043621063,a,2022,Union Berlin,Bayern Munich,Benjamin Pavard,2022-09-03 13:30:00,0,0,0,0,False,1,1,0.03267639968544245
494874,16,0.024302000179886818,a,2022,Hoffenheim,Bayern Munich,Benjamin Pavard,2022-10-22 13:30:00,0,0,0,0,False,0,0,0.0
500310,74,0.05712750181555748,a,2022,Schalke 04,Bayern Munich,Benjamin Pavard,2022-11-12 17:30:00,0,0,0,0,False,2,0,0.0
505392,43,0.044937700033187866,h,2022,Bayern Munich,FC Cologne,Benjamin Pavard,2023-01-24 19:30:00,0,0,0,0,False,0,1,0.0
505397,52,0.01878580078482628,h,2022,Bayern Munich,FC Cologne,Benjamin Pavard,2023-01-24 19:30:00,0,0,0,0,False,0,1,0.044937700033187866
511457,55,0.044697798788547516,h,2022,Bayern Munich,Union Berlin,Benjamin Pavard,2023-02-26 16:30:00,0,0,0,0,False,3,0,0.0
513437,18,0.13847799599170685,h,2022,Bayern Munich,Augsburg,Benjamin Pavard,2023-03-11 14:30:00,0,0,1,0,True,1,1,0.0
513443,34,0.13926400244235992,h,2022,Bayern Munich,Augsburg,Benjamin Pavard,2023-03-11 14:30:00,1,0,0,0,True,2,1,0.13847799599170685
516601,14,0.036906201392412186,h,2022,Bayern Munich,Borussia Dortmund,Benjamin Pavard,2023-04-01 16:30:00,0,0,0,0,False,0,0,0.0
516609,28,0.014179299585521221,h,2022,Bayern Munich,Borussia Dortmund,Benjamin Pavard,2023-04-01 16:30:00,0,0,0,0,False,2,0,0.036906201392412186
517905,33,0.10047899931669235,a,2022,Freiburg,Bayern Munich,Benjamin Pavard,2023-04-08 13:30:00,0,0,0,0,False,0,0,0.0
517915,57,0.02516390010714531,a,2022,Freiburg,Bayern Munich,Benjamin Pavard,2023-04-08 13:30:00,0,0,0,0,False,1,0,0.10047899931669235
517920,67,0.09190580248832703,a,2022,Freiburg,Bayern Munich,Benjamin Pavard,2023-04-08 13:30:00,0,0,0,0,False,1,0,0.12564289942383766
517923,78,0.06054279953241348,a,2022,Freiburg,Bayern Munich,Benjamin Pavard,2023-04-08 13:30:00,0,0,0,0,False,1,0,0.2175487019121647
519356,4,0.014035199768841267,h,2022,Bayern Munich,Hoffenheim,Benjamin Pavard,2023-04-15 13:30:00,0,0,1,0,False,0,0,0.0
519360,16,0.500914990901947,h,2022,Bayern Munich,Hoffenheim,Benjamin Pavard,2023-04-15 13:30:00,0,0,0,0,True,0,0,0.014035199768841267
523310,22,0.03463823348283768,h,2022,Bayern Munich,Hertha Berlin,Benjamin Pavard,2023-04-30 13:30:00,0,0,0,0,False,0,0,0.0
523311,23,0.01777731254696846,h,2022,Bayern Munich,Hertha Berlin,Benjamin Pavard,2023-04-30 13:30:00,0,0,0,0,False,0,0,0.03463823348283768
523314,38,0.014803854748606682,h,2022,Bayern Munich,Hertha Berlin,Benjamin Pavard,2023-04-30 13:30:00,0,0,0,0,False,0,0,0.05241554602980614
523322,53,0.02436790056526661,h,2022,Bayern Munich,Hertha Berlin,Benjamin Pavard,2023-04-30 13:30:00,0,0,0,0,False,0,0,0.06721940077841282
524791,18,0.0663321390748024,a,2022,Werder Bremen,Bayern Munich,Benjamin Pavard,2023-05-06 16:30:00,0,0,0,0,False,0,0,0.0
524792,20,0.2778971791267395,a,2022,Werder Bremen,Bayern Munich,Benjamin Pavard,2023-05-06 16:30:00,0,0,0,0,False,0,0,0.0663321390748024
527688,89,0.05829189345240593,h,2022,Bayern Munich,RasenBallsport Leipzig,Benjamin Pavard,2023-05-20 16:30:00,0,0,0,0,False,1,3,0.0
479235,64,0.04145300015807152,h,2022,Augsburg,Freiburg,Florian Niederlechner,2022-08-06 13:30:00,0,0,0,0,False,0,3,0.0
483521,56,0.09089010208845139,a,2022,Hoffenheim,Augsburg,Florian Niederlechner,2022-08-27 13:30:00,0,0,0,0,False,0,1,0.0
483528,86,0.04317830130457878,a,2022,Hoffenheim,Augsburg,Florian Niederlechner,2022-08-27 13:30:00,0,0,0,0,False,0,1,0.09089010208845139
487232,47,0.012048999778926373,a,2022,Werder Bremen,Augsburg,Florian Niederlechner,2022-09-09 18:30:00,0,0,0,0,False,0,0,0.0
487230,48,0.009861930273473263,a,2022,Werder Bremen,Augsburg,Florian Niederlechner,2022-09-09 18:30:00,0,0,0,0,False,0,0,0.012048999778926373
487234,59,0.03741230070590973,a,2022,Werder Bremen,Augsburg,Florian Niederlechner,2022-09-09 18:30:00,0,0,0,0,False,0,0,0.021910930052399635
488613,1,0.08201389759778976,h,2022,Augsburg,Bayern Munich,Florian Niederlechner,2022-09-17 13:30:00,0,0,0,0,False,0,0,0.0
488614,11,0.2879830002784729,h,2022,Augsburg,Bayern Munich,Florian Niederlechner,2022-09-17 13:30:00,0,0,0,0,False,0,0,0.08201389759778976
488619,23,0.04028879851102829,h,2022,Augsburg,Bayern Munich,Florian Niederlechner,2022-09-17 13:30:00,0,0,0,0,False,0,0,0.36999689787626266
488618,23,0.3541710078716278,h,2022,Augsburg,Bayern Munich,Florian Niederlechner,2022-09-17 13:30:00,0,0,0,0,False,0,0,0.41028569638729095
490904,54,0.013264300301671028,a,2022,Schalke 04,Augsburg,Florian Niederlechner,2022-10-02 15:30:00,0,0,0,0,False,2,1,0.0
491491,17,0.01816999912261963,h,2022,Augsburg,Wolfsburg,Florian Niederlechner,2022-10-08 13:30:00,0,0,0,0,False,0,0,0.0
491509,66,0.04403449967503548,h,2022,Augsburg,Wolfsburg,Florian Niederlechner,2022-10-08 13:30:00,0,0,0,0,False,1,1,0.01816999912261963
493706,13,0.043960899114608765,a,2022,FC Cologne,Augsburg,Florian Niederlechner,2022-10-16 13:30:00,0,0,0,0,True,0,0,0.0
494849,44,0.01596049964427948,h,2022,Augsburg,RasenBallsport Leipzig,Florian Niederlechner,2022-10-22 13:30:00,0,0,0,0,False,1,0,0.0
494857,74,0.07195889949798584,h,2022,Augsburg,RasenBallsport Leipzig,Florian Niederlechner,2022-10-22 13:30:00,0,0,0,0,False,3,1,0.01596049964427948
496372,3,0.2941659986972809,a,2022,VfB Stuttgart,Augsburg,Florian Niederlechner,2022-10-29 13:30:00,0,0,0,0,True,0,0,0.0
496375,16,0.05737850069999695,a,2022,VfB Stuttgart,Augsburg,Florian Niederlechner,2022-10-29 13:30:00,1,0,0,0,False,1,1,0.2941659986972809
496381,32,0.0934968963265419,a,2022,VfB Stuttgart,Augsburg,Florian Niederlechner,2022-10-29 13:30:00,1,0,0,0,False,1,1,0.35154449939727783
497960,43,0.025322699919342995,h,2022,Augsburg,Eintracht Frankfurt,Florian Niederlechner,2022-11-05 14:30:00,0,0,0,0,False,1,1,0.0
499469,7,0.0817892998456955,a,2022,Union Berlin,Augsburg,Florian Niederlechner,2022-11-09 19:30:00,0,0,1,0,True,0,1,0.0
499480,38,0.0856098011136055,a,2022,Union Berlin,Augsburg,Florian Niederlechner,2022-11-09 19:30:00,1,0,0,0,True,1,2,0.0817892998456955
500017,2,0.036201901733875275,h,2022,Augsburg,Bochum,Florian Niederlechner,2022-11-12 14:30:00,0,0,0,0,False,0,0,0.0
500022,14,0.6739799976348877,h,2022,Augsburg,Bochum,Florian Niederlechner,2022-11-12 14:30:00,0,0,0,0,False,0,0,0.036201901733875275
500034,68,0.3084610104560852,h,2022,Augsburg,Bochum,Florian Niederlechner,2022-11-12 14:30:00,0,0,0,0,False,0,1,0.710181899368763
500040,83,0.03705909848213196,h,2022,Augsburg,Bochum,Florian Niederlechner,2022-11-12 14:30:00,0,0,0,0,False,0,1,1.0186429098248482
500042,88,0.04180369898676872,h,2022,Augsburg,Bochum,Florian Niederlechner,2022-11-12 14:30:00,0,0,0,0,False,0,1,1.0557020083069801
500044,93,0.06883160024881363,h,2022,Augsburg,Bochum,Florian Niederlechner,2022-11-12 14:30:00,0,0,0,0,False,0,1,1.0975057072937489
505706,73,0.07322929799556732,h,2022,Hertha Berlin,Union Berlin,Florian Niederlechner,2023-01-28 14:30:00,0,0,0,0,False,0,2,0.0
507048,48,0.034370601177215576,a,2022,Eintracht Frankfurt,Hertha Berlin,Florian Niederlechner,2023-02-04 14:30:00,0,0,0,0,False,0,2,0.0
507054,65,0.047517698258161545,a,2022,Eintracht Frankfurt,Hertha Berlin,Florian Niederlechner,2023-02-04 14:30:00,0,0,0,0,False,0,2,0.034370601177215576
507052,65,0.06580139696598053,a,2022,Eintracht Frankfurt,Hertha Berlin,Florian Niederlechner,2023-02-04 14:30:00,0,0,0,0,False,0,2,0.08188829943537712
508957,24,0.06031410023570061,h,2022,Hertha Berlin,Borussia M.Gladbach,Florian Niederlechner,2023-02-12 14:30:00,0,0,0,0,False,0,1,0.0
508967,45,0.48707398772239685,h,2022,Hertha Berlin,Borussia M.Gladbach,Florian Niederlechner,2023-02-12 14:30:00,0,0,0,0,False,1,1,0.06031410023570061
510326,20,0.0272745992988348,a,2022,Borussia Dortmund,Hertha Berlin,Florian Niederlechner,2023-02-19 16:30:00,0,0,0,0,False,0,0,0.0
510328,21,0.01749970018863678,a,2022,Borussia Dortmund,Hertha Berlin,Florian Niederlechner,2023-02-19 16:30:00,0,0,0,0,False,0,0,0.0272745992988348
510341,50,0.04903259873390198,a,2022,Borussia Dortmund,Hertha Berlin,Florian Niederlechner,2023-02-19 16:30:00,0,0,0,0,False,1,2,0.04477429948747158
510704,2,0.09256549924612045,h,2022,Hertha Berlin,Augsburg,Florian Niederlechner,2023-02-25 14:30:00,0,0,0,0,False,0,0,0.0
510714,65,0.08091620355844498,h,2022,Hertha Berlin,Augsburg,Florian Niederlechner,2023-02-25 14:30:00,0,0,0,0,False,1,0,0.09256549924612045
513400,40,0.09473290294408798,h,2022,Hertha Berlin,Mainz 05,Florian Niederlechner,2023-03-11 14:30:00,0,0,0,0,False,1,0,0.0
514915,10,0.09198740124702454,a,2022,Hoffenheim,Hertha Berlin,Florian Niederlechner,2023-03-18 14:30:00,0,0,0,0,False,0,0,0.0
514920,27,0.03135500103235245,a,2022,Hoffenheim,Hertha Berlin,Florian Niederlechner,2023-03-18 14:30:00,0,0,0,0,False,0,1,0.09198740124702454
520749,72,0.019584471359848976,h,2022,Hertha Berlin,Werder Bremen,Florian Niederlechner,2023-04-22 13:30:00,0,0,0,0,False,1,4,0.0
523306,5,0.04576053470373154,a,2022,Bayern Munich,Hertha Berlin,Florian Niederlechner,2023-04-30 13:30:00,0,0,0,0,False,0,0,0.0
524544,46,0.5370554327964783,h,2022,Hertha Berlin,VfB Stuttgart,Florian Niederlechner,2023-05-06 13:30:00,0,0,0,0,True,1,1,0.0
525554,35,0.044041797518730164,a,2022,FC Cologne,Hertha Berlin,Florian Niederlechner,2023-05-12 18:30:00,0,0,0,0,False,2,1,0.0
529051,3,0.0906120240688324,a,2022,Wolfsburg,Hertha Berlin,Florian Niederlechner,2023-05-27 13:30:00,0,0,0,0,False,0,1,0.0
529064,50,0.4711994230747223,a,2022,Wolfsburg,Hertha Berlin,Florian Niederlechner,2023-05-27 13:30:00,0,0,0,0,False,0,1,0.0906120240688324
489738,70,0.10362900048494339,h,2022,Bayern Munich,Bayer Leverkusen,Dayotchanculle Upamecano,2022-09-30 18:30:00,0,0,0,0,False,3,0,0.0
494887,59,0.07374829798936844,a,2022,Hoffenheim,Bayern Munich,Dayotchanculle Upamecano,2022-10-22 13:30:00,0,0,0,0,False,2,0,0.0
500297,26,0.01987539976835251,a,2022,Schalke 04,Bayern Munich,Dayotchanculle Upamecano,2022-11-12 17:30:00,0,0,0,0,False,0,0,0.0
500312,79,0.048703599721193314,a,2022,Schalke 04,Bayern Munich,Dayotchanculle Upamecano,2022-11-12 17:30:00,0,0,0,0,False,2,0,0.01987539976835251
505938,35,0.3295550048351288,h,2022,Bayern Munich,Eintracht Frankfurt,Dayotchanculle Upamecano,2023-01-28 17:30:00,0,0,0,0,False,1,0,0.0
512357,30,0.49768099188804626,a,2022,VfB Stuttgart,Bayern Munich,Dayotchanculle Upamecano,2023-03-04 17:30:00,0,0,0,0,False,0,0,0.0
513456,63,0.014661800116300583,h,2022,Bayern Munich,Augsburg,Dayotchanculle Upamecano,2023-03-11 14:30:00,0,0,0,0,False,4,2,0.0
480066,92,0.051512401551008224,h,2022,Freiburg,Borussia Dortmund,Kiliann Sildillia,2022-08-12 18:30:00,0,0,0,0,False,1,3,0.0
485849,46,0.05285460129380226,a,2022,Bayer Leverkusen,Freiburg,Kiliann Sildillia,2022-09-03 13:30:00,0,0,0,0,False,0,1,0.0
489612,67,0.030020499601960182,a,2022,Hoffenheim,Freiburg,Kiliann Sildillia,2022-09-18 17:30:00,0,0,0,0,False,0,0,0.0
494899,15,0.3059679865837097,h,2022,Freiburg,Werder Bremen,Kiliann Sildillia,2022-10-22 13:30:00,0,0,0,0,False,0,0,0.0
494920,70,0.04843410104513168,h,2022,Freiburg,Werder Bremen,Kiliann Sildillia,2022-10-22 13:30:00,0,0,0,0,False,1,0,0.3059679865837097
500807,33,0.020615100860595703,h,2022,Freiburg,Union Berlin,Kiliann Sildillia,2022-11-13 16:30:00,0,0,0,0,False,3,0,0.0
505802,58,0.08296290040016174,h,2022,Freiburg,Augsburg,Kiliann Sildillia,2023-01-28 14:30:00,0,0,0,0,False,2,1,0.0
505814,88,0.014567299745976925,h,2022,Freiburg,Augsburg,Kiliann Sildillia,2023-01-28 14:30:00,0,0,0,0,False,3,1,0.08296290040016174
512007,47,0.035500600934028625,a,2022,Borussia M.Gladbach,Freiburg,Kiliann Sildillia,2023-03-04 14:30:00,0,0,0,0,False,0,0,0.0
515838,4,0.07340449839830399,a,2022,Mainz 05,Freiburg,Kiliann Sildillia,2023-03-19 18:30:00,0,0,0,0,False,0,0,0.0
479880,51,0.029360700398683548,h,2022,FC Cologne,Schalke 04,Florian Kainz,2022-08-07 15:30:00,0,0,1,0,False,1,0,0.0
479887,61,0.49726900458335876,h,2022,FC Cologne,Schalke 04,Florian Kainz,2022-08-07 15:30:00,0,0,0,0,True,1,0,0.029360700398683548
479888,66,0.028887800872325897,h,2022,FC Cologne,Schalke 04,Florian Kainz,2022-08-07 15:30:00,1,0,0,0,False,2,0,0.5266297049820423
480245,54,0.017182299867272377,a,2022,RasenBallsport Leipzig,FC Cologne,Florian Kainz,2022-08-13 13:30:00,0,0,0,0,False,1,1,0.0
480251,74,0.01738080009818077,a,2022,RasenBallsport Leipzig,FC Cologne,Florian Kainz,2022-08-13 13:30:00,0,0,0,0,False,1,2,0.017182299867272377
482434,81,0.05083940178155899,a,2022,Eintracht Frankfurt,FC Cologne,Florian Kainz,2022-08-21 13:30:00,0,0,0,0,False,0,1,0.0
485761,6,0.05533279851078987,a,2022,Wolfsburg,FC Cologne,Florian Kainz,2022-09-03 13:30:00,0,0,1,0,False,0,1,0.0
485770,46,0.7577769756317139,a,2022,Wolfsburg,FC Cologne,Florian Kainz,2022-09-03 13:30:00,0,0,0,0,True,1,1,0.05533279851078987
485776,57,0.04275539889931679,a,2022,Wolfsburg,FC Cologne,Florian Kainz,2022-09-03 13:30:00,1,0,0,0,False,2,1,0.8131097741425037
485777,65,0.030995100736618042,a,2022,Wolfsburg,FC Cologne,Florian Kainz,2022-09-03 13:30:00,1,0,0,0,False,2,1,0.8558651730418205
488027,68,0.07519009709358215,h,2022,FC Cologne,Union Berlin,Florian Kainz,2022-09-11 13:30:00,0,0,0,0,False,0,0,0.0
489470,7,0.09189890325069427,a,2022,Bochum,FC Cologne,Florian Kainz,2022-09-18 15:30:00,0,0,0,0,False,0,0,0.0
489478,32,0.022662999108433723,a,2022,Bochum,FC Cologne,Florian Kainz,2022-09-18 15:30:00,0,0,0,0,False,0,0,0.09189890325069427
489480,44,0.026942700147628784,a,2022,Bochum,FC Cologne,Florian Kainz,2022-09-18 15:30:00,0,0,0,0,False,0,0,0.114561902359128
489920,27,0.015870200470089912,h,2022,FC Cologne,Borussia Dortmund,Florian Kainz,2022-10-01 13:30:00,0,0,1,0,False,0,0,0.0
489921,28,0.07101400196552277,h,2022,FC Cologne,Borussia Dortmund,Florian Kainz,2022-10-01 13:30:00,0,0,1,0,False,0,0,0.015870200470089912
489935,52,0.46233299374580383,h,2022,FC Cologne,Borussia Dortmund,Florian Kainz,2022-10-01 13:30:00,0,0,0,0,True,0,1,0.08688420243561268
489943,65,0.032333701848983765,h,2022,FC Cologne,Borussia Dortmund,Florian Kainz,2022-10-01 13:30:00,1,0,0,0,False,2,1,0.5492171961814165
492216,30,0.7577769756317139,a,2022,Borussia M.Gladbach,FC Cologne,Florian Kainz,2022-10-09 13:30:00,0,0,0,0,True,0,1,0.0
494669,40,0.056084100157022476,a,2022,Mainz 05,FC Cologne,Florian Kainz,2022-10-21 18:30:00,0,0,0,0,False,0,3,0.0
494671,56,0.02755730040371418,a,2022,Mainz 05,FC Cologne,Florian Kainz,2022-10-21 18:30:00,0,0,0,0,False,0,3,0.056084100157022476
497472,12,0.37176498770713806,h,2022,FC Cologne,Hoffenheim,Florian Kainz,2022-10-30 18:30:00,0,0,0,0,True,0,0,0.0
497479,32,0.08643530309200287,h,2022,FC Cologne,Hoffenheim,Florian Kainz,2022-10-30 18:30:00,1,0,0,0,False,1,0,0.37176498770713806
497484,51,0.09257960319519043,h,2022,FC Cologne,Hoffenheim,Florian Kainz,2022-10-30 18:30:00,1,0,0,0,False,1,1,0.45820029079914093
497486,58,0.027221500873565674,h,2022,FC Cologne,Hoffenheim,Florian Kainz,2022-10-30 18:30:00,1,0,0,0,False,1,1,0.5507798939943314
498818,5,0.0649683028459549,a,2022,Freiburg,FC Cologne,Florian Kainz,2022-11-06 16:30:00,0,0,0,0,False,0,0,0.0
499275,38,0.054852601140737534,h,2022,FC Cologne,Bayer Leverkusen,Florian Kainz,2022-11-09 17:30:00,0,0,0,0,False,1,0,0.0
499994,11,0.014259199611842632,a,2022,Hertha Berlin,FC Cologne,Florian Kainz,2022-11-12 14:30:00,0,0,0,0,False,0,1,0.0
500008,50,0.0373711995780468,a,2022,Hertha Berlin,FC Cologne,Florian Kainz,2022-11-12 14:30:00,0,0,0,0,False,0,1,0.014259199611842632
500011,62,0.05688310042023659,a,2022,Hertha Berlin,FC Cologne,Florian Kainz,2022-11-12 14:30:00,0,0,0,0,False,0,2,0.05163039918988943
504811,57,0.10762300342321396,h,2022,FC Cologne,Werder Bremen,Florian Kainz,2023-01-21 17:30:00,0,0,0,0,False,6,1,0.0
507026,16,0.008799550123512745,h,2022,FC Cologne,RasenBallsport Leipzig,Florian Kainz,2023-02-04 14:30:00,0,0,0,0,False,0,0,0.0
509500,4,0.014934100210666656,a,2022,VfB Stuttgart,FC Cologne,Florian Kainz,2023-02-18 14:30:00,0,0,0,0,False,0,0,0.0
509512,49,0.010959699749946594,a,2022,VfB Stuttgart,FC Cologne,Florian Kainz,2023-02-18 14:30:00,0,0,0,0,False,0,1,0.014934100210666656
509513,52,0.07131540030241013,a,2022,VfB Stuttgart,FC Cologne,Florian Kainz,2023-02-18 14:30:00,0,0,0,0,False,0,1,0.02589379996061325
512071,58,0.06510300189256668,a,2022,Union Berlin,FC Cologne,Florian Kainz,2023-03-04 14:30:00,0,0,0,0,False,0,0,0.0
512070,58,0.07396340370178223,a,2022,Union Berlin,FC Cologne,Florian Kainz,2023-03-04 14:30:00,0,0,0,0,False,0,0,0.06510300189256668
512077,74,0.024096200242638588,a,2022,Union Berlin,FC Cologne,Florian Kainz,2023-03-04 14:30:00,0,0,0,0,False,0,0,0.1390664055943489
513132,43,0.04735700041055679,h,2022,FC Cologne,Bochum,Florian Kainz,2023-03-10 19:30:00,0,0,0,0,False,0,1,0.0
515244,38,0.04355359822511673,a,2022,Borussia Dortmund,FC Cologne,Florian Kainz,2023-03-18 17:30:00,0,0,0,0,False,0,4,0.0
516989,21,0.077743299305439,h,2022,FC Cologne,Borussia M.Gladbach,Florian Kainz,2023-04-02 13:30:00,0,0,0,0,False,0,0,0.0
519350,62,0.06468740105628967,h,2022,FC Cologne,Mainz 05,Florian Kainz,2023-04-15 13:30:00,0,0,0,0,False,1,1,0.0
520792,10,0.08198627084493637,a,2022,Hoffenheim,FC Cologne,Florian Kainz,2023-04-22 13:30:00,0,0,1,0,False,0,0,0.0
520793,17,0.75777667760849,a,2022,Hoffenheim,FC Cologne,Florian Kainz,2023-04-22 13:30:00,0,0,0,0,True,0,0,0.08198627084493637
520794,19,0.020305195823311806,a,2022,Hoffenheim,FC Cologne,Florian Kainz,2023-04-22 13:30:00,1,0,0,0,False,1,0,0.8397629484534264
522646,16,0.028912805020809174,h,2022,FC Cologne,Freiburg,Florian Kainz,2023-04-29 13:30:00,0,0,0,0,False,0,0,0.0
522669,72,0.02258063293993473,h,2022,FC Cologne,Freiburg,Florian Kainz,2023-04-29 13:30:00,0,0,0,0,False,0,1,0.028912805020809174
524383,17,0.09990958124399185,a,2022,Bayer Leverkusen,FC Cologne,Florian Kainz,2023-05-05 18:30:00,0,0,0,0,False,1,0,0.0
524390,46,0.037222038954496384,a,2022,Bayer Leverkusen,FC Cologne,Florian Kainz,2023-05-05 18:30:00,0,0,0,0,False,2,1,0.09990958124399185
525560,46,0.07449924945831299,h,2022,FC Cologne,Hertha Berlin,Florian Kainz,2023-05-12 18:30:00,0,0,0,0,False,3,2,0.0
527289,12,0.06645205616950989,a,2022,Werder Bremen,FC Cologne,Florian Kainz,2023-05-20 13:30:00,0,0,0,0,False,0,0,0.0
527301,64,0.017422782257199287,a,2022,Werder Bremen,FC Cologne,Florian Kainz,2023-05-20 13:30:00,0,0,0,0,False,1,0,0.06645205616950989
529030,1,0.061094533652067184,h,2022,FC Cologne,Bayern Munich,Florian Kainz,2023-05-27 13:30:00,0,0,0,0,False,0,0,0.0
529035,26,0.017752036452293396,h,2022,FC Cologne,Bayern Munich,Florian Kainz,2023-05-27 13:30:00,0,0,0,0,False,0,1,0.061094533652067184
479881,52,0.024597499519586563,h,2022,FC Cologne,Schalke 04,Jonas Hector,2022-08-07 15:30:00,0,0,0,0,False,1,0,0.0
482425,32,0.03272470086812973,a,2022,Eintracht Frankfurt,FC Cologne,Jonas Hector,2022-08-21 13:30:00,0,0,0,0,False,0,0,0.0
482426,39,0.07577189803123474,a,2022,Eintracht Frankfurt,FC Cologne,Jonas Hector,2022-08-21 13:30:00,0,0,0,0,False,0,0,0.03272470086812973
484391,25,0.015636499971151352,h,2022,FC Cologne,VfB Stuttgart,Jonas Hector,2022-08-28 13:30:00,0,0,0,0,False,0,0,0.0
484394,36,0.11458099633455276,h,2022,FC Cologne,VfB Stuttgart,Jonas Hector,2022-08-28 13:30:00,0,0,0,0,False,0,0,0.015636499971151352
484401,69,0.01643799990415573,h,2022,FC Cologne,VfB Stuttgart,Jonas Hector,2022-08-28 13:30:00,0,0,0,0,False,0,0,0.13021749630570412
488013,11,0.024979399517178535,h,2022,FC Cologne,Union Berlin,Jonas Hector,2022-09-11 13:30:00,0,0,0,0,False,0,0,0.0
489477,28,0.08512149751186371,a,2022,Bochum,FC Cologne,Jonas Hector,2022-09-18 15:30:00,0,0,0,0,False,0,0,0.0
489487,76,0.05671529844403267,a,2022,Bochum,FC Cologne,Jonas Hector,2022-09-18 15:30:00,0,0,0,0,False,0,0,0.08512149751186371
499268,7,0.0769387036561966,h,2022,FC Cologne,Bayer Leverkusen,Jonas Hector,2022-11-09 17:30:00,0,0,0,0,False,0,0,0.0
499278,48,0.02305000089108944,h,2022,FC Cologne,Bayer Leverkusen,Jonas Hector,2022-11-09 17:30:00,0,0,0,0,False,1,0,0.0769387036561966
504815,86,0.08296090364456177,h,2022,FC Cologne,Werder Bremen,Jonas Hector,2023-01-21 17:30:00,0,0,0,0,False,6,1,0.0
509053,47,0.055231500416994095,h,2022,FC Cologne,Eintracht Frankfurt,Jonas Hector,2023-02-12 16:30:00,0,0,0,0,False,0,0,0.0
509507,35,0.04892279952764511,a,2022,VfB Stuttgart,FC Cologne,Jonas Hector,2023-02-18 14:30:00,0,0,0,0,False,0,1,0.0
509523,66,0.0493226982653141,a,2022,VfB Stuttgart,FC Cologne,Jonas Hector,2023-02-18 14:30:00,0,0,0,0,False,0,2,0.04892279952764511
510788,79,0.020653000101447105,h,2022,FC Cologne,Wolfsburg,Jonas Hector,2023-02-25 14:30:00,0,0,0,0,False,0,2,0.0
510790,88,0.10911200195550919,h,2022,FC Cologne,Wolfsburg,Jonas Hector,2023-02-25 14:30:00,0,0,0,0,False,0,2,0.020653000101447105
512073,65,0.041602201759815216,a,2022,Union Berlin,FC Cologne,Jonas Hector,2023-03-04 14:30:00,0,0,0,0,False,0,0,0.0
515239,25,0.06237360090017319,a,2022,Borussia Dortmund,FC Cologne,Jonas Hector,2023-03-18 17:30:00,0,0,0,0,False,0,2,0.0
520791,9,0.01648361049592495,a,2022,Hoffenheim,FC Cologne,Jonas Hector,2023-04-22 13:30:00,0,0,0,0,False,0,0,0.0
522670,73,0.040931250900030136,h,2022,FC Cologne,Freiburg,Jonas Hector,2023-04-29 13:30:00,0,0,0,0,False,0,1,0.0
524391,51,0.02846980281174183,a,2022,Bayer Leverkusen,FC Cologne,Jonas Hector,2023-05-05 18:30:00,0,0,0,0,False,2,1,0.0
525546,14,0.07406961917877197,h,2022,FC Cologne,Hertha Berlin,Jonas Hector,2023-05-12 18:30:00,0,0,0,0,False,1,0,0.0
527290,12,0.06305893510580063,a,2022,Werder Bremen,FC Cologne,Jonas Hector,2023-05-20 13:30:00,0,0,0,0,False,0,0,0.0
529038,55,0.013934509828686714,h,2022,FC Cologne,Bayern Munich,Jonas Hector,2023-05-27 13:30:00,0,0,0,0,False,0,1,0.0
482424,29,0.012319699861109257,h,2022,Eintracht Frankfurt,FC Cologne,Luca Pellegrini,2022-08-21 13:30:00,0,0,0,0,False,0,0,0.0
482430,54,0.03648630157113075,h,2022,Eintracht Frankfurt,FC Cologne,Luca Pellegrini,2022-08-21 13:30:00,0,0,0,0,False,0,0,0.012319699861109257
487464,10,0.04020629823207855,h,2022,Eintracht Frankfurt,Wolfsburg,Luca Pellegrini,2022-09-10 13:30:00,0,0,0,0,False,0,0,0.0
489960,21,0.06977950036525726,h,2022,Eintracht Frankfurt,Union Berlin,Luca Pellegrini,2022-10-01 13:30:00,0,0,0,0,False,1,0,0.0
489961,25,0.044346000999212265,h,2022,Eintracht Frankfurt,Union Berlin,Luca Pellegrini,2022-10-01 13:30:00,0,0,0,0,False,1,0,0.06977950036525726
489966,35,0.06534130126237869,h,2022,Eintracht Frankfurt,Union Berlin,Luca Pellegrini,2022-10-01 13:30:00,0,0,0,0,False,1,0,0.11412550136446953
489970,48,0.012478300370275974,h,2022,Eintracht Frankfurt,Union Berlin,Luca Pellegrini,2022-10-01 13:30:00,0,0,0,0,False,2,0,0.17946680262684822
489971,53,0.054569900035858154,h,2022,Eintracht Frankfurt,Union Berlin,Luca Pellegrini,2022-10-01 13:30:00,0,0,0,0,False,2,0,0.1919451029971242
491434,30,0.005812840070575476,a,2022,Bochum,Eintracht Frankfurt,Luca Pellegrini,2022-10-08 13:30:00,0,0,0,0,False,0,0,0.0
491445,73,0.008838470093905926,a,2022,Bochum,Eintracht Frankfurt,Luca Pellegrini,2022-10-08 13:30:00,0,0,0,0,False,0,1,0.005812840070575476
496740,46,0.013760900124907494,h,2022,Eintracht Frankfurt,Borussia Dortmund,Luca Pellegrini,2022-10-29 16:30:00,0,0,0,0,False,1,1,0.0
496749,82,0.07098080217838287,h,2022,Eintracht Frankfurt,Borussia Dortmund,Luca Pellegrini,2022-10-29 16:30:00,0,0,0,0,False,1,2,0.013760900124907494
497958,31,0.059234898537397385,a,2022,Augsburg,Eintracht Frankfurt,Luca Pellegrini,2022-11-05 14:30:00,0,0,0,0,False,1,1,0.0
500728,59,0.05951580032706261,a,2022,Mainz 05,Eintracht Frankfurt,Luca Pellegrini,2022-11-13 14:30:00,0,0,0,0,False,0,1,0.0
528905,88,0.020404910668730736,h,2022,Borussia Dortmund,Mainz 05,Julien Duranville,2023-05-27 13:30:00,0,0,0,0,False,1,2,0.0
488717,59,0.10654400289058685,a,2022,Bayer Leverkusen,Werder Bremen,Milos Veljkovic,2022-09-17 13:30:00,0,0,1,0,False,0,1,0.0
488728,81,0.6156190037727356,a,2022,Bayer Leverkusen,Werder Bremen,Milos Veljkovic,2022-09-17 13:30:00,0,0,0,0,True,0,1,0.10654400289058685
520731,29,0.05154981091618538,a,2022,Hertha Berlin,Werder Bremen,Milos Veljkovic,2023-04-22 13:30:00,0,0,0,0,False,2,0,0.0
529115,43,0.09350202232599258,a,2022,Union Berlin,Werder Bremen,Milos Veljkovic,2023-05-27 13:30:00,0,0,0,0,False,0,0,0.0
479140,75,0.0714344009757042,a,2022,Union Berlin,Hertha Berlin,Filip Uremovic,2022-08-06 13:30:00,0,0,0,0,False,0,3,0.0
481541,56,0.11792600154876709,a,2022,Borussia M.Gladbach,Hertha Berlin,Filip Uremovic,2022-08-19 18:30:00,0,0,0,0,False,0,1,0.0
505348,64,0.3491249978542328,h,2022,Hertha Berlin,Wolfsburg,Filip Uremovic,2023-01-24 19:30:00,0,0,0,0,False,0,3,0.0
507053,65,0.055439598858356476,a,2022,Eintracht Frankfurt,Hertha Berlin,Filip Uremovic,2023-02-04 14:30:00,0,0,0,0,False,0,2,0.0
508966,43,0.05480320006608963,h,2022,Hertha Berlin,Borussia M.Gladbach,Filip Uremovic,2023-02-12 14:30:00,0,0,0,0,False,1,1,0.0
510335,33,0.44032400846481323,a,2022,Borussia Dortmund,Hertha Berlin,Filip Uremovic,2023-02-19 16:30:00,0,0,0,0,False,0,2,0.0
513393,11,0.0748153030872345,h,2022,Hertha Berlin,Mainz 05,Filip Uremovic,2023-03-11 14:30:00,0,0,0,0,False,0,0,0.0
518308,46,0.0109612001106143,h,2022,Hertha Berlin,RasenBallsport Leipzig,Filip Uremovic,2023-04-08 16:30:00,0,0,0,0,False,0,1,0.0
519035,8,0.0696324035525322,a,2022,Schalke 04,Hertha Berlin,Filip Uremovic,2023-04-14 18:30:00,0,0,0,0,False,0,1,0.0
508333,83,0.5481799840927124,h,2022,Bayern Munich,Bochum,Arijon Ibrahimovic,2023-02-11 14:30:00,0,0,0,0,False,3,0,0.0
508335,87,0.049254100769758224,h,2022,Bayern Munich,Bochum,Arijon Ibrahimovic,2023-02-11 14:30:00,0,0,0,0,False,3,0,0.5481799840927124
487411,82,0.13930100202560425,h,2022,Bayern Munich,VfB Stuttgart,Eric Maxim Choupo-Moting,2022-09-10 13:30:00,0,0,0,0,False,2,1,0.0
493962,32,0.1038220003247261,h,2022,Bayern Munich,Freiburg,Eric Maxim Choupo-Moting,2022-10-16 17:30:00,0,0,0,0,True,1,0,0.0
494872,10,0.07611159980297089,a,2022,Hoffenheim,Bayern Munich,Eric Maxim Choupo-Moting,2022-10-22 13:30:00,0,0,1,0,False,0,0,0.0
494883,37,0.5858129858970642,a,2022,Hoffenheim,Bayern Munich,Eric Maxim Choupo-Moting,2022-10-22 13:30:00,0,0,0,0,True,1,0,0.07611159980297089
496431,53,0.4957990050315857,h,2022,Bayern Munich,Mainz 05,Eric Maxim Choupo-Moting,2022-10-29 13:30:00,0,0,1,0,False,3,1,0.0
496441,68,0.07311289757490158,h,2022,Bayern Munich,Mainz 05,Eric Maxim Choupo-Moting,2022-10-29 13:30:00,0,0,1,0,False,4,1,0.4957990050315857
496442,75,0.02280299924314022,h,2022,Bayern Munich,Mainz 05,Eric Maxim Choupo-Moting,2022-10-29 13:30:00,0,0,1,0,False,4,1,0.5689119026064873
496448,85,0.5121150016784668,h,2022,Bayern Munich,Mainz 05,Eric Maxim Choupo-Moting,2022-10-29 13:30:00,0,0,0,0,True,5,2,0.5917149018496275
497926,36,0.3959679901599884,a,2022,Hertha Berlin,Bayern Munich,Eric Maxim Choupo-Moting,2022-11-05 14:30:00,0,0,1,0,True,1,0,0.0
497927,37,0.74235999584198,a,2022,Hertha Berlin,Bayern Munich,Eric Maxim Choupo-Moting,2022-11-05 14:30:00,1,0,0,0,True,2,0,0.3959679901599884
497929,40,0.013196500018239021,a,2022,Hertha Berlin,Bayern Munich,Eric Maxim Choupo-Moting,2022-11-05 14:30:00,1,0,0,0,False,3,1,1.1383279860019684
499169,16,0.7577769756317139,h,2022,Bayern Munich,Werder Bremen,Eric Maxim Choupo-Moting,2022-11-08 19:30:00,0,0,0,0,False,1,1,0.0
499181,55,0.1146320030093193,h,2022,Bayern Munich,Werder Bremen,Eric Maxim Choupo-Moting,2022-11-08 19:30:00,0,0,0,0,False,4,1,0.7577769756317139
500298,32,0.016302399337291718,a,2022,Schalke 04,Bayern Munich,Eric Maxim Choupo-Moting,2022-11-12 17:30:00,0,0,1,0,False,0,0,0.0
500303,51,0.5740709900856018,a,2022,Schalke 04,Bayern Munich,Eric Maxim Choupo-Moting,2022-11-12 17:30:00,0,0,0,0,True,1,0,0.016302399337291718
504375,36,0.517225980758667,a,2022,RasenBallsport Leipzig,Bayern Munich,Eric Maxim Choupo-Moting,2023-01-20 19:30:00,0,0,0,0,True,0,0,0.0
504382,77,0.06948350369930267,a,2022,RasenBallsport Leipzig,Bayern Munich,Eric Maxim Choupo-Moting,2023-01-20 19:30:00,1,0,0,0,False,1,1,0.517225980758667
505391,42,0.09027110040187836,h,2022,Bayern Munich,FC Cologne,Eric Maxim Choupo-Moting,2023-01-24 19:30:00,0,0,0,0,False,0,1,0.0
505399,61,0.14180800318717957,h,2022,Bayern Munich,FC Cologne,Eric Maxim Choupo-Moting,2023-01-24 19:30:00,0,0,0,0,False,0,1,0.09027110040187836
505401,68,0.058779601007699966,h,2022,Bayern Munich,FC Cologne,Eric Maxim Choupo-Moting,2023-01-24 19:30:00,0,0,0,0,False,0,1,0.23207910358905792
505405,88,0.056814901530742645,h,2022,Bayern Munich,FC Cologne,Eric Maxim Choupo-Moting,2023-01-24 19:30:00,0,0,0,0,False,0,1,0.2908587045967579
505942,59,0.12378499656915665,h,2022,Bayern Munich,Eintracht Frankfurt,Eric Maxim Choupo-Moting,2023-01-28 17:30:00,0,0,0,0,False,1,0,0.0
508308,15,0.43859899044036865,h,2022,Bayern Munich,Bochum,Eric Maxim Choupo-Moting,2023-02-11 14:30:00,0,0,0,0,False,0,0,0.0
508322,53,0.2443390041589737,h,2022,Bayern Munich,Bochum,Eric Maxim Choupo-Moting,2023-02-11 14:30:00,0,0,0,0,False,1,0,0.43859899044036865
509587,27,0.05673769861459732,a,2022,Borussia M.Gladbach,Bayern Munich,Eric Maxim Choupo-Moting,2023-02-18 14:30:00,0,0,1,0,False,0,1,0.0
509590,34,0.35457301139831543,a,2022,Borussia M.Gladbach,Bayern Munich,Eric Maxim Choupo-Moting,2023-02-18 14:30:00,0,0,0,0,True,0,1,0.05673769861459732
511451,30,0.05718269944190979,h,2022,Bayern Munich,Union Berlin,Eric Maxim Choupo-Moting,2023-02-26 16:30:00,0,0,0,0,True,0,0,0.0
512367,61,0.45799800753593445,a,2022,VfB Stuttgart,Bayern Munich,Eric Maxim Choupo-Moting,2023-03-04 17:30:00,0,0,0,0,True,1,0,0.0
516612,38,0.09692919999361038,h,2022,Bayern Munich,Borussia Dortmund,Eric Maxim Choupo-Moting,2023-04-01 16:30:00,0,0,0,0,False,2,0,0.0
516617,62,0.8617200255393982,h,2022,Bayern Munich,Borussia Dortmund,Eric Maxim Choupo-Moting,2023-04-01 16:30:00,0,0,0,0,False,3,0,0.09692919999361038
529046,76,0.09537146985530853,a,2022,FC Cologne,Bayern Munich,Eric Maxim Choupo-Moting,2023-05-27 13:30:00,0,0,0,0,False,1,0,0.0
485858,75,0.019424499943852425,h,2022,Bayer Leverkusen,Freiburg,Daley Sinkgraven,2022-09-03 13:30:00,0,0,0,0,False,2,3,0.0
494981,74,0.07705129683017731,h,2022,Bayer Leverkusen,Wolfsburg,Daley Sinkgraven,2022-10-22 13:30:00,0,0,0,0,False,1,1,0.0
496335,60,0.043543700128793716,a,2022,RasenBallsport Leipzig,Bayer Leverkusen,Daley Sinkgraven,2022-10-29 13:30:00,0,0,0,0,False,0,1,0.0
510443,43,0.02709919959306717,h,2022,Bayer Leverkusen,Mainz 05,Daley Sinkgraven,2023-02-19 18:30:00,0,0,0,0,False,1,1,0.0
514265,93,0.012745399959385395,a,2022,Werder Bremen,Bayer Leverkusen,Daley Sinkgraven,2023-03-12 16:30:00,0,0,0,0,False,3,2,0.0
480250,72,0.03892559930682182,a,2022,RasenBallsport Leipzig,FC Cologne,Ondrej Duda,2022-08-13 13:30:00,0,0,0,0,False,1,2,0.0
480254,85,0.021635599434375763,a,2022,RasenBallsport Leipzig,FC Cologne,Ondrej Duda,2022-08-13 13:30:00,0,0,0,0,False,1,2,0.03892559930682182
485764,15,0.00996106956154108,a,2022,Wolfsburg,FC Cologne,Ondrej Duda,2022-09-03 13:30:00,0,0,0,0,False,0,1,0.0
485768,38,0.08441829681396484,a,2022,Wolfsburg,FC Cologne,Ondrej Duda,2022-09-03 13:30:00,0,0,0,0,False,1,1,0.00996106956154108
489930,46,0.08682779967784882,h,2022,FC Cologne,Borussia Dortmund,Ondrej Duda,2022-10-01 13:30:00,0,0,0,0,False,0,1,0.0
489933,50,0.055271901190280914,h,2022,FC Cologne,Borussia Dortmund,Ondrej Duda,2022-10-01 13:30:00,0,0,0,0,False,0,1,0.08682779967784882
493711,49,0.02877650037407875,h,2022,FC Cologne,Augsburg,Ondrej Duda,2022-10-16 13:30:00,0,0,0,0,False,1,1,0.0
493719,66,0.047113098204135895,h,2022,FC Cologne,Augsburg,Ondrej Duda,2022-10-16 13:30:00,0,0,0,0,False,2,1,0.02877650037407875
497474,15,0.07291799783706665,h,2022,FC Cologne,Hoffenheim,Ondrej Duda,2022-10-30 18:30:00,0,0,0,0,False,1,0,0.0
497475,16,0.017010899260640144,h,2022,FC Cologne,Hoffenheim,Ondrej Duda,2022-10-30 18:30:00,0,0,0,0,False,1,0,0.07291799783706665
499998,16,0.0885246992111206,a,2022,Hertha Berlin,FC Cologne,Ondrej Duda,2022-11-12 14:30:00,0,0,0,0,False,0,1,0.0
500003,30,0.05868159979581833,a,2022,Hertha Berlin,FC Cologne,Ondrej Duda,2022-11-12 14:30:00,0,0,0,0,False,0,1,0.0885246992111206
479242,87,0.0633833035826683,a,2022,Augsburg,Freiburg,Nils Petersen,2022-08-06 13:30:00,0,0,0,0,False,4,0,0.0
483307,80,0.04870599880814552,h,2022,Freiburg,Bochum,Nils Petersen,2022-08-26 18:30:00,0,0,0,0,False,1,0,0.0
483312,88,0.1844400018453598,h,2022,Freiburg,Bochum,Nils Petersen,2022-08-26 18:30:00,0,0,0,0,False,1,0,0.04870599880814552
494931,94,0.29175499081611633,h,2022,Freiburg,Werder Bremen,Nils Petersen,2022-10-22 13:30:00,0,0,0,0,False,2,0,0.0
509496,86,0.11358500272035599,a,2022,Bochum,Freiburg,Nils Petersen,2023-02-18 14:30:00,0,0,0,0,False,2,0,0.0
521544,86,0.03105071373283863,h,2022,Freiburg,Schalke 04,Nils Petersen,2023-04-23 13:30:00,0,0,0,0,False,4,0,0.0
524619,90,0.07617645710706711,h,2022,Freiburg,RasenBallsport Leipzig,Nils Petersen,2023-05-06 13:30:00,0,0,0,0,False,0,1,0.0
527058,74,0.590124249458313,h,2022,Freiburg,Wolfsburg,Nils Petersen,2023-05-19 18:30:00,0,0,0,0,True,1,0,0.0
527062,91,0.029231807217001915,h,2022,Freiburg,Wolfsburg,Nils Petersen,2023-05-19 18:30:00,1,0,0,0,False,2,0,0.590124249458313
486187,48,0.0646957978606224,a,2022,Eintracht Frankfurt,RasenBallsport Leipzig,Emil Forsberg,2022-09-03 16:30:00,0,0,0,0,False,0,2,0.0
491518,17,0.050449199974536896,a,2022,Mainz 05,RasenBallsport Leipzig,Emil Forsberg,2022-10-08 13:30:00,0,0,0,0,False,0,0,0.0
493222,24,0.7187359929084778,h,2022,RasenBallsport Leipzig,Hertha Berlin,Emil Forsberg,2022-10-15 16:30:00,0,0,0,0,True,0,0,0.0
494844,26,0.10680299997329712,a,2022,Augsburg,RasenBallsport Leipzig,Emil Forsberg,2022-10-22 13:30:00,0,0,0,0,False,0,0,0.0
499510,77,0.7577769756317139,h,2022,RasenBallsport Leipzig,Freiburg,Emil Forsberg,2022-11-09 19:30:00,0,0,0,0,True,2,1,0.0
504373,21,0.03455419838428497,h,2022,RasenBallsport Leipzig,Bayern Munich,Emil Forsberg,2023-01-20 19:30:00,0,0,0,0,False,0,0,0.0
504376,38,0.048572901636362076,h,2022,RasenBallsport Leipzig,Bayern Munich,Emil Forsberg,2023-01-20 19:30:00,0,0,0,0,False,0,1,0.03455419838428497
508630,93,0.10264000296592712,h,2022,RasenBallsport Leipzig,Union Berlin,Emil Forsberg,2023-02-11 17:30:00,0,0,0,0,False,1,2,0.0
509530,13,0.025292500853538513,a,2022,Wolfsburg,RasenBallsport Leipzig,Emil Forsberg,2023-02-18 14:30:00,0,0,0,0,True,0,0,0.0
510759,4,0.06804540008306503,h,2022,RasenBallsport Leipzig,Eintracht Frankfurt,Emil Forsberg,2023-02-25 14:30:00,0,0,1,0,False,0,0,0.0
510764,39,0.4721739888191223,h,2022,RasenBallsport Leipzig,Eintracht Frankfurt,Emil Forsberg,2023-02-25 14:30:00,0,0,0,0,True,1,0,0.06804540008306503
511785,73,0.772221028804779,a,2022,Borussia Dortmund,RasenBallsport Leipzig,Emil Forsberg,2023-03-03 19:30:00,0,0,0,0,True,0,2,0.0
511786,88,0.07662229984998703,a,2022,Borussia Dortmund,RasenBallsport Leipzig,Emil Forsberg,2023-03-03 19:30:00,1,0,0,0,False,1,2,0.772221028804779
511790,94,0.060476601123809814,a,2022,Borussia Dortmund,RasenBallsport Leipzig,Emil Forsberg,2023-03-03 19:30:00,1,0,0,0,False,1,2,0.8488433286547661
513412,11,0.019976099953055382,h,2022,RasenBallsport Leipzig,Borussia M.Gladbach,Emil Forsberg,2023-03-11 14:30:00,0,0,1,0,False,0,0,0.0
513418,44,0.11609199643135071,h,2022,RasenBallsport Leipzig,Borussia M.Gladbach,Emil Forsberg,2023-03-11 14:30:00,0,0,1,0,False,0,0,0.019976099953055382
513424,70,0.7577769756317139,h,2022,RasenBallsport Leipzig,Borussia M.Gladbach,Emil Forsberg,2023-03-11 14:30:00,0,0,0,0,True,1,0,0.1360680963844061
514902,83,0.03283480182290077,a,2022,Bochum,RasenBallsport Leipzig,Emil Forsberg,2023-03-18 14:30:00,0,0,0,0,False,0,1,0.0
514906,89,0.0445047989487648,a,2022,Bochum,RasenBallsport Leipzig,Emil Forsberg,2023-03-18 14:30:00,0,0,0,0,False,0,1,0.03283480182290077
518299,4,0.04502030089497566,a,2022,Hertha Berlin,RasenBallsport Leipzig,Emil Forsberg,2023-04-08 16:30:00,0,0,0,0,False,0,0,0.0
521654,89,0.05535785108804703,a,2022,Bayer Leverkusen,RasenBallsport Leipzig,Emil Forsberg,2023-04-23 15:30:00,0,0,0,0,False,0,2,0.0
526706,26,0.047422345727682114,h,2022,RasenBallsport Leipzig,Werder Bremen,Emil Forsberg,2023-05-14 15:30:00,0,0,0,0,False,0,0,0.0
527691,92,0.11239440739154816,a,2022,Bayern Munich,RasenBallsport Leipzig,Emil Forsberg,2023-05-20 16:30:00,0,0,0,0,False,3,1,0.0
478997,11,0.023749200627207756,h,2022,Eintracht Frankfurt,Bayern Munich,Ansgar Knauff,2022-08-05 18:30:00,0,0,0,0,False,0,2,0.0
479010,61,0.012697399593889713,h,2022,Eintracht Frankfurt,Bayern Munich,Ansgar Knauff,2022-08-05 18:30:00,0,0,0,0,False,0,5,0.023749200627207756
479012,68,0.04670000076293945,h,2022,Eintracht Frankfurt,Bayern Munich,Ansgar Knauff,2022-08-05 18:30:00,0,0,0,0,False,1,5,0.03644660022109747
486195,80,0.09534010291099548,h,2022,Eintracht Frankfurt,RasenBallsport Leipzig,Ansgar Knauff,2022-09-03 16:30:00,0,0,0,0,False,3,0,0.0
488675,41,0.04494820162653923,a,2022,VfB Stuttgart,Eintracht Frankfurt,Ansgar Knauff,2022-09-17 13:30:00,0,0,0,0,False,1,0,0.0
497962,46,0.025462299585342407,a,2022,Augsburg,Eintracht Frankfurt,Ansgar Knauff,2022-11-05 14:30:00,0,0,1,0,False,1,1,0.0
497964,63,0.05133970081806183,a,2022,Augsburg,Eintracht Frankfurt,Ansgar Knauff,2022-11-05 14:30:00,0,0,0,0,True,1,1,0.025462299585342407
497968,79,0.05794389918446541,a,2022,Augsburg,Eintracht Frankfurt,Ansgar Knauff,2022-11-05 14:30:00,1,0,0,0,False,2,1,0.07680200040340424
499444,12,0.02412169985473156,h,2022,Eintracht Frankfurt,Hoffenheim,Ansgar Knauff,2022-11-09 19:30:00,0,0,0,0,False,2,0,0.0
499447,34,0.07661289721727371,h,2022,Eintracht Frankfurt,Hoffenheim,Ansgar Knauff,2022-11-09 19:30:00,0,0,0,0,False,3,0,0.02412169985473156
499449,40,0.066628597676754,h,2022,Eintracht Frankfurt,Hoffenheim,Ansgar Knauff,2022-11-09 19:30:00,0,0,0,0,False,3,1,0.10073459707200527
509884,27,0.34598198533058167,h,2022,Eintracht Frankfurt,Werder Bremen,Ansgar Knauff,2023-02-18 17:30:00,0,0,0,0,False,0,0,0.0
521046,33,0.02147449180483818,a,2022,Borussia Dortmund,Eintracht Frankfurt,Ansgar Knauff,2023-04-22 16:30:00,0,0,0,0,False,0,2,0.0
522632,34,0.09103696048259735,h,2022,Eintracht Frankfurt,Augsburg,Ansgar Knauff,2023-04-29 13:30:00,0,0,0,0,False,0,0,0.0
522633,36,0.022344248369336128,h,2022,Eintracht Frankfurt,Augsburg,Ansgar Knauff,2023-04-29 13:30:00,0,0,0,0,False,0,0,0.09103696048259735
479150,45,0.04238159954547882,h,2022,Borussia M.Gladbach,Hoffenheim,Jonas Hofmann,2022-08-06 13:30:00,0,0,0,0,False,1,1,0.0
479156,60,0.09863080084323883,h,2022,Borussia M.Gladbach,Hoffenheim,Jonas Hofmann,2022-08-06 13:30:00,0,0,0,0,False,1,1,0.04238159954547882
480584,71,0.20636700093746185,a,2022,Schalke 04,Borussia M.Gladbach,Jonas Hofmann,2022-08-13 16:30:00,0,0,0,0,True,0,1,0.0
481522,2,0.006473919842392206,h,2022,Borussia M.Gladbach,Hertha Berlin,Jonas Hofmann,2022-08-19 18:30:00,0,0,0,0,False,0,0,0.0
481542,65,0.12135700136423111,h,2022,Borussia M.Gladbach,Hertha Berlin,Jonas Hofmann,2022-08-19 18:30:00,0,0,0,0,False,1,0,0.006473919842392206
481543,69,0.7577769756317139,h,2022,Borussia M.Gladbach,Hertha Berlin,Jonas Hofmann,2022-08-19 18:30:00,0,0,0,0,False,1,0,0.12783092120662332
486724,73,0.0898514986038208,h,2022,Borussia M.Gladbach,Mainz 05,Jonas Hofmann,2022-09-04 15:30:00,0,0,0,0,False,0,1,0.0
488114,27,0.021934300661087036,a,2022,Freiburg,Borussia M.Gladbach,Jonas Hofmann,2022-09-11 15:30:00,0,0,0,0,False,0,0,0.0
488878,9,0.49378401041030884,h,2022,Borussia M.Gladbach,RasenBallsport Leipzig,Jonas Hofmann,2022-09-17 16:30:00,0,0,1,0,True,0,0,0.0
488883,34,0.3396730124950409,h,2022,Borussia M.Gladbach,RasenBallsport Leipzig,Jonas Hofmann,2022-09-17 16:30:00,1,0,0,0,True,1,0,0.49378401041030884
488884,36,0.021146699786186218,h,2022,Borussia M.Gladbach,RasenBallsport Leipzig,Jonas Hofmann,2022-09-17 16:30:00,1,0,0,0,False,2,0,0.8334570229053497
488893,51,0.2519499957561493,h,2022,Borussia M.Gladbach,RasenBallsport Leipzig,Jonas Hofmann,2022-09-17 16:30:00,1,0,0,0,False,2,0,0.854603722691536
488898,57,0.07901159673929214,h,2022,Borussia M.Gladbach,RasenBallsport Leipzig,Jonas Hofmann,2022-09-17 16:30:00,1,0,0,0,False,3,0,1.1065537184476852
488900,66,0.09416619688272476,h,2022,Borussia M.Gladbach,RasenBallsport Leipzig,Jonas Hofmann,2022-09-17 16:30:00,1,0,0,0,False,3,0,1.1855653151869774
488903,87,0.3252989947795868,h,2022,Borussia M.Gladbach,RasenBallsport Leipzig,Jonas Hofmann,2022-09-17 16:30:00,1,0,0,0,False,3,0,1.2797315120697021
493007,46,0.026416299864649773,a,2022,Wolfsburg,Borussia M.Gladbach,Jonas Hofmann,2022-10-15 13:30:00,0,0,0,0,False,1,1,0.0
497644,3,0.3058300018310547,h,2022,Borussia M.Gladbach,VfB Stuttgart,Jonas Hofmann,2022-11-04 18:30:00,0,0,0,0,True,0,0,0.0
497661,61,0.024486100301146507,h,2022,Borussia M.Gladbach,VfB Stuttgart,Jonas Hofmann,2022-11-04 18:30:00,1,0,0,0,False,2,1,0.3058300018310547
497663,65,0.11466299742460251,h,2022,Borussia M.Gladbach,VfB Stuttgart,Jonas Hofmann,2022-11-04 18:30:00,1,0,0,0,False,2,1,0.3303161021322012
499744,3,0.35026198625564575,h,2022,Borussia M.Gladbach,Borussia Dortmund,Jonas Hofmann,2022-11-11 19:30:00,0,0,0,0,True,0,0,0.0
505714,11,0.09843199700117111,a,2022,Hoffenheim,Borussia M.Gladbach,Jonas Hofmann,2023-01-28 14:30:00,0,0,1,0,True,0,0,0.0
505722,36,0.08832159638404846,a,2022,Hoffenheim,Borussia M.Gladbach,Jonas Hofmann,2023-01-28 14:30:00,1,0,0,0,True,1,0,0.09843199700117111
507374,89,0.04787420108914375,h,2022,Borussia M.Gladbach,Schalke 04,Jonas Hofmann,2023-02-04 17:30:00,0,0,0,0,False,0,0,0.0
509591,36,0.016139600425958633,h,2022,Borussia M.Gladbach,Bayern Munich,Jonas Hofmann,2023-02-18 14:30:00,0,0,1,0,False,1,1,0.0
509593,38,0.06852920353412628,h,2022,Borussia M.Gladbach,Bayern Munich,Jonas Hofmann,2023-02-18 14:30:00,0,0,1,0,False,1,1,0.016139600425958633
509598,54,0.4491940140724182,h,2022,Borussia M.Gladbach,Bayern Munich,Jonas Hofmann,2023-02-18 14:30:00,0,0,0,0,True,1,1,0.08466880396008492
510593,10,0.022724900394678116,a,2022,Mainz 05,Borussia M.Gladbach,Jonas Hofmann,2023-02-24 19:30:00,0,0,0,0,False,0,0,0.0
510599,46,0.06359589844942093,a,2022,Mainz 05,Borussia M.Gladbach,Jonas Hofmann,2023-02-24 19:30:00,0,0,0,0,False,0,1,0.022724900394678116
512002,20,0.09500499814748764,h,2022,Borussia M.Gladbach,Freiburg,Jonas Hofmann,2023-03-04 14:30:00,0,0,0,0,False,0,0,0.0
514594,54,0.5989919900894165,h,2022,Borussia M.Gladbach,Werder Bremen,Jonas Hofmann,2023-03-17 19:30:00,0,0,0,0,False,1,0,0.0
514597,58,0.029084499925374985,h,2022,Borussia M.Gladbach,Werder Bremen,Jonas Hofmann,2023-03-17 19:30:00,0,0,0,0,False,1,0,0.5989919900894165
514596,58,0.046696700155735016,h,2022,Borussia M.Gladbach,Werder Bremen,Jonas Hofmann,2023-03-17 19:30:00,0,0,0,0,False,1,0,0.6280764900147915
519695,12,0.4386279881000519,a,2022,Eintracht Frankfurt,Borussia M.Gladbach,Jonas Hofmann,2023-04-15 16:30:00,0,0,0,0,True,0,0,0.0
522717,48,0.058521345257759094,a,2022,VfB Stuttgart,Borussia M.Gladbach,Jonas Hofmann,2023-04-29 13:30:00,0,0,0,0,False,0,1,0.0
524470,34,0.31692269444465637,h,2022,Borussia M.Gladbach,Bochum,Jonas Hofmann,2023-05-06 13:30:00,0,0,0,0,True,0,0,0.0
524487,67,0.07117974013090134,h,2022,Borussia M.Gladbach,Bochum,Jonas Hofmann,2023-05-06 13:30:00,1,0,0,0,False,1,0,0.31692269444465637
524490,73,0.06358838826417923,h,2022,Borussia M.Gladbach,Bochum,Jonas Hofmann,2023-05-06 13:30:00,1,0,0,0,False,1,0,0.3881024345755577
526213,52,0.10043780505657196,a,2022,Borussia Dortmund,Borussia M.Gladbach,Jonas Hofmann,2023-05-13 16:30:00,0,0,0,0,False,0,4,0.0
528254,38,0.04085954278707504,a,2022,Bayer Leverkusen,Borussia M.Gladbach,Jonas Hofmann,2023-05-21 17:30:00,0,0,1,0,False,0,2,0.0
528261,57,0.2891281247138977,a,2022,Bayer Leverkusen,Borussia M.Gladbach,Jonas Hofmann,2023-05-21 17:30:00,0,0,0,0,True,0,2,0.04085954278707504
529080,10,0.059392623603343964,h,2022,Borussia M.Gladbach,Augsburg,Jonas Hofmann,2023-05-27 13:30:00,0,0,1,0,False,1,0,0.0
529087,34,0.04203920438885689,h,2022,Borussia M.Gladbach,Augsburg,Jonas Hofmann,2023-05-27 13:30:00,0,0,1,0,False,1,0,0.059392623603343964
529089,39,0.3033354878425598,h,2022,Borussia M.Gladbach,Augsburg,Jonas Hofmann,2023-05-27 13:30:00,0,0,0,0,True,1,0,0.10143182799220085
529100,77,0.040461424738168716,h,2022,Borussia M.Gladbach,Augsburg,Jonas Hofmann,2023-05-27 13:30:00,1,0,0,0,False,2,0,0.40476731583476067
529104,92,0.10374300181865692,h,2022,Borussia M.Gladbach,Augsburg,Jonas Hofmann,2023-05-27 13:30:00,1,0,0,0,False,2,0,0.4452287405729294
492227,87,0.04448670148849487,a,2022,Borussia M.Gladbach,FC Cologne,Mark Uth,2022-10-09 13:30:00,0,0,0,0,False,2,4,0.0
479215,4,0.014405599795281887,a,2022,Augsburg,Freiburg,Vincenzo Grifo,2022-08-06 13:30:00,0,0,1,0,False,0,0,0.0
479217,28,0.05581609904766083,a,2022,Augsburg,Freiburg,Vincenzo Grifo,2022-08-06 13:30:00,0,0,1,0,False,0,0,0.014405599795281887
479228,47,0.04333930090069771,a,2022,Augsburg,Freiburg,Vincenzo Grifo,2022-08-06 13:30:00,0,0,0,0,True,1,0,0.07022169884294271
479232,59,0.01242270041257143,a,2022,Augsburg,Freiburg,Vincenzo Grifo,2022-08-06 13:30:00,1,0,0,0,False,2,0,0.11356099974364042
480045,33,0.0484996996819973,h,2022,Freiburg,Borussia Dortmund,Vincenzo Grifo,2022-08-12 18:30:00,0,0,0,0,False,0,0,0.0
480049,40,0.05986449867486954,h,2022,Freiburg,Borussia Dortmund,Vincenzo Grifo,2022-08-12 18:30:00,0,0,0,0,False,1,0,0.0484996996819973
481722,10,0.527396023273468,a,2022,VfB Stuttgart,Freiburg,Vincenzo Grifo,2022-08-20 13:30:00,0,0,0,0,True,0,0,0.0
483286,47,0.672173023223877,h,2022,Freiburg,Bochum,Vincenzo Grifo,2022-08-26 18:30:00,0,0,0,0,True,0,0,0.0
483285,47,0.3631890118122101,h,2022,Freiburg,Bochum,Vincenzo Grifo,2022-08-26 18:30:00,1,0,0,0,False,0,0,0.672173023223877
483284,47,0.7577769756317139,h,2022,Freiburg,Bochum,Vincenzo Grifo,2022-08-26 18:30:00,1,0,0,0,False,0,0,1.035362035036087
483287,50,0.05415539816021919,h,2022,Freiburg,Bochum,Vincenzo Grifo,2022-08-26 18:30:00,1,0,0,0,False,1,0,1.793139010667801
483288,52,0.024737300351262093,h,2022,Freiburg,Bochum,Vincenzo Grifo,2022-08-26 18:30:00,1,0,0,0,False,1,0,1.84729440882802
483303,71,0.03691139817237854,h,2022,Freiburg,Bochum,Vincenzo Grifo,2022-08-26 18:30:00,1,0,0,0,False,1,0,1.8720317091792822
483300,71,0.09055580198764801,h,2022,Freiburg,Bochum,Vincenzo Grifo,2022-08-26 18:30:00,1,0,0,0,False,1,0,1.9089431073516607
485843,26,0.033698998391628265,a,2022,Bayer Leverkusen,Freiburg,Vincenzo Grifo,2022-09-03 13:30:00,0,0,0,0,False,0,1,0.0
489603,40,0.018417099490761757,a,2022,Hoffenheim,Freiburg,Vincenzo Grifo,2022-09-18 17:30:00,0,0,0,0,False,0,0,0.0
490033,53,0.06906650215387344,h,2022,Freiburg,Mainz 05,Vincenzo Grifo,2022-10-01 13:30:00,0,0,0,0,False,2,1,0.0
492593,24,0.04088030010461807,a,2022,Hertha Berlin,Freiburg,Vincenzo Grifo,2022-10-09 15:30:00,0,0,0,0,False,1,0,0.0
492598,43,0.05394190177321434,a,2022,Hertha Berlin,Freiburg,Vincenzo Grifo,2022-10-09 15:30:00,0,0,0,0,False,1,1,0.04088030010461807
494898,15,0.07675570249557495,h,2022,Freiburg,Werder Bremen,Vincenzo Grifo,2022-10-22 13:30:00,0,0,1,0,False,0,0,0.0
494913,61,0.03482240065932274,h,2022,Freiburg,Werder Bremen,Vincenzo Grifo,2022-10-22 13:30:00,0,0,1,0,False,1,0,0.07675570249557495
494917,68,0.038837600499391556,h,2022,Freiburg,Werder Bremen,Vincenzo Grifo,2022-10-22 13:30:00,0,0,1,0,False,1,0,0.11157810315489769
494922,75,0.06547070294618607,h,2022,Freiburg,Werder Bremen,Vincenzo Grifo,2022-10-22 13:30:00,0,0,1,0,False,1,0,0.15041570365428925
494923,76,0.035716600716114044,h,2022,Freiburg,Werder Bremen,Vincenzo Grifo,2022-10-22 13:30:00,0,0,1,0,False,1,0,0.2158864066004753
494924,79,0.7577769756317139,h,2022,Freiburg,Werder Bremen,Vincenzo Grifo,2022-10-22 13:30:00,0,0,0,0,True,1,0,0.25160300731658936
494927,86,0.06718579679727554,h,2022,Freiburg,Werder Bremen,Vincenzo Grifo,2022-10-22 13:30:00,1,0,0,0,False,2,0,1.0093799829483032
497406,45,0.028172900900244713,a,2022,Schalke 04,Freiburg,Vincenzo Grifo,2022-10-30 16:30:00,0,0,1,0,True,0,0,0.0
497407,50,0.019644200801849365,a,2022,Schalke 04,Freiburg,Vincenzo Grifo,2022-10-30 16:30:00,1,0,1,0,False,1,0,0.028172900900244713
497409,52,0.035257499665021896,a,2022,Schalke 04,Freiburg,Vincenzo Grifo,2022-10-30 16:30:00,1,0,1,0,False,1,0,0.04781710170209408
497412,53,0.04800890013575554,a,2022,Schalke 04,Freiburg,Vincenzo Grifo,2022-10-30 16:30:00,1,0,1,0,False,1,0,0.08307460136711597
497415,60,0.7577769756317139,a,2022,Schalke 04,Freiburg,Vincenzo Grifo,2022-10-30 16:30:00,1,0,0,0,True,1,0,0.1310835015028715
498817,2,0.05476149916648865,h,2022,Freiburg,FC Cologne,Vincenzo Grifo,2022-11-06 16:30:00,0,0,0,0,False,0,0,0.0
500802,3,0.7577769756317139,h,2022,Freiburg,Union Berlin,Vincenzo Grifo,2022-11-13 16:30:00,0,0,1,0,True,0,0,0.0
500803,5,0.7098299860954285,h,2022,Freiburg,Union Berlin,Vincenzo Grifo,2022-11-13 16:30:00,1,0,1,0,True,1,0,0.7577769756317139
500805,19,0.7577769756317139,h,2022,Freiburg,Union Berlin,Vincenzo Grifo,2022-11-13 16:30:00,1,0,0,0,True,2,0,1.4676069617271423
505811,84,0.10746999830007553,h,2022,Freiburg,Augsburg,Vincenzo Grifo,2023-01-28 14:30:00,0,0,0,0,False,2,1,0.0
508351,59,0.7577769756317139,h,2022,Freiburg,VfB Stuttgart,Vincenzo Grifo,2023-02-11 14:30:00,0,0,1,0,True,0,1,0.0
508357,83,0.7577769756317139,h,2022,Freiburg,VfB Stuttgart,Vincenzo Grifo,2023-02-11 14:30:00,1,0,0,0,True,1,1,0.7577769756317139
509468,13,0.05726649984717369,a,2022,Bochum,Freiburg,Vincenzo Grifo,2023-02-18 14:30:00,0,0,0,0,False,0,0,0.0
509470,24,0.053291600197553635,a,2022,Bochum,Freiburg,Vincenzo Grifo,2023-02-18 14:30:00,0,0,0,0,False,0,0,0.05726649984717369
511370,16,0.0559408999979496,h,2022,Freiburg,Bayer Leverkusen,Vincenzo Grifo,2023-02-26 14:30:00,0,0,1,0,False,0,0,0.0
511373,27,0.05913250148296356,h,2022,Freiburg,Bayer Leverkusen,Vincenzo Grifo,2023-02-26 14:30:00,0,0,0,0,True,0,0,0.0559408999979496
511384,60,0.08466300368309021,h,2022,Freiburg,Bayer Leverkusen,Vincenzo Grifo,2023-02-26 14:30:00,1,0,0,0,False,1,0,0.11507340148091316
512012,62,0.048078201711177826,a,2022,Borussia M.Gladbach,Freiburg,Vincenzo Grifo,2023-03-04 14:30:00,0,0,0,0,False,0,0,0.0
515848,62,0.018058300018310547,a,2022,Mainz 05,Freiburg,Vincenzo Grifo,2023-03-19 18:30:00,0,0,0,0,False,1,0,0.0
515851,73,0.022235099226236343,a,2022,Mainz 05,Freiburg,Vincenzo Grifo,2023-03-19 18:30:00,0,0,0,0,False,1,0,0.018058300018310547
516126,25,0.05693019926548004,h,2022,Freiburg,Hertha Berlin,Vincenzo Grifo,2023-04-01 13:30:00,0,0,1,0,False,0,0,0.0
516130,39,0.01210089959204197,h,2022,Freiburg,Hertha Berlin,Vincenzo Grifo,2023-04-01 13:30:00,0,0,1,0,False,0,0,0.05693019926548004
516134,51,0.14160500466823578,h,2022,Freiburg,Hertha Berlin,Vincenzo Grifo,2023-04-01 13:30:00,0,0,0,0,True,0,0,0.06903109885752201
516145,78,0.0459366999566555,h,2022,Freiburg,Hertha Berlin,Vincenzo Grifo,2023-04-01 13:30:00,1,0,0,0,False,1,1,0.2106361035257578
516147,82,0.04196630045771599,h,2022,Freiburg,Hertha Berlin,Vincenzo Grifo,2023-04-01 13:30:00,1,0,0,0,False,1,1,0.2565728034824133
517898,4,0.050889499485492706,h,2022,Freiburg,Bayern Munich,Vincenzo Grifo,2023-04-08 13:30:00,0,0,0,0,False,0,0,0.0
520090,6,0.0964490994811058,a,2022,Werder Bremen,Freiburg,Vincenzo Grifo,2023-04-16 13:30:00,0,0,0,0,False,0,0,0.0
520094,25,0.05138060078024864,a,2022,Werder Bremen,Freiburg,Vincenzo Grifo,2023-04-16 13:30:00,0,0,0,0,False,0,0,0.0964490994811058
520096,45,0.05634310096502304,a,2022,Werder Bremen,Freiburg,Vincenzo Grifo,2023-04-16 13:30:00,0,0,0,0,False,0,0,0.14782970026135445
521517,12,0.1480242908000946,h,2022,Freiburg,Schalke 04,Vincenzo Grifo,2023-04-23 13:30:00,0,0,0,0,False,1,0,0.0
521523,33,0.024556675925850868,h,2022,Freiburg,Schalke 04,Vincenzo Grifo,2023-04-23 13:30:00,0,0,0,0,False,1,0,0.1480242908000946
525948,59,0.015996765345335007,a,2022,Union Berlin,Freiburg,Vincenzo Grifo,2023-05-13 13:30:00,0,0,1,0,False,1,3,0.0
525950,69,0.75777667760849,a,2022,Union Berlin,Freiburg,Vincenzo Grifo,2023-05-13 13:30:00,0,0,0,0,True,1,3,0.015996765345335007
527042,13,0.04298768937587738,h,2022,Freiburg,Wolfsburg,Vincenzo Grifo,2023-05-19 18:30:00,0,0,0,0,False,0,0,0.0
527047,23,0.06967642158269882,h,2022,Freiburg,Wolfsburg,Vincenzo Grifo,2023-05-19 18:30:00,0,0,0,0,False,0,0,0.04298768937587738
527049,35,0.06955556571483612,h,2022,Freiburg,Wolfsburg,Vincenzo Grifo,2023-05-19 18:30:00,0,0,0,0,False,0,0,0.1126641109585762
529132,29,0.047195758670568466,a,2022,Eintracht Frankfurt,Freiburg,Vincenzo Grifo,2023-05-27 13:30:00,0,0,1,0,False,0,0,0.0
529138,43,0.5032550692558289,a,2022,Eintracht Frankfurt,Freiburg,Vincenzo Grifo,2023-05-27 13:30:00,0,0,0,0,True,0,0,0.047195758670568466
529139,48,0.039303943514823914,a,2022,Eintracht Frankfurt,Freiburg,Vincenzo Grifo,2023-05-27 13:30:00,1,0,0,0,False,1,0,0.5504508279263973
529142,53,0.10213316231966019,a,2022,Eintracht Frankfurt,Freiburg,Vincenzo Grifo,2023-05-27 13:30:00,1,0,0,0,False,1,0,0.5897547714412212
515254,88,0.0984577015042305,h,2022,Borussia Dortmund,FC Cologne,Tom Rothe,2023-03-18 17:30:00,0,0,0,0,False,6,1,0.0
479767,70,0.10535600036382675,a,2022,VfB Stuttgart,RasenBallsport Leipzig,André Silva,2022-08-07 13:30:00,0,0,0,0,False,1,1,0.0
479777,81,0.057562198489904404,a,2022,VfB Stuttgart,RasenBallsport Leipzig,André Silva,2022-08-07 13:30:00,0,0,0,0,False,1,1,0.10535600036382675
480253,81,0.08228900283575058,h,2022,RasenBallsport Leipzig,FC Cologne,André Silva,2022-08-13 13:30:00,0,0,0,0,False,2,1,0.0
483559,11,0.07492650300264359,h,2022,RasenBallsport Leipzig,Wolfsburg,André Silva,2022-08-27 13:30:00,0,0,0,0,False,1,0,0.0
483563,34,0.07366719841957092,h,2022,RasenBallsport Leipzig,Wolfsburg,André Silva,2022-08-27 13:30:00,0,0,0,0,False,1,0,0.07492650300264359
483568,54,0.09936580061912537,h,2022,RasenBallsport Leipzig,Wolfsburg,André Silva,2022-08-27 13:30:00,0,0,0,0,False,1,0,0.1485937014222145
488880,24,0.07549340277910233,a,2022,Borussia M.Gladbach,RasenBallsport Leipzig,André Silva,2022-09-17 16:30:00,0,0,0,0,False,0,1,0.0
488881,28,0.07557220011949539,a,2022,Borussia M.Gladbach,RasenBallsport Leipzig,André Silva,2022-09-17 16:30:00,0,0,0,0,False,0,1,0.07549340277910233
488888,46,0.35645800828933716,a,2022,Borussia M.Gladbach,RasenBallsport Leipzig,André Silva,2022-09-17 16:30:00,0,0,0,0,False,0,2,0.15106560289859772
490049,13,0.09061910212039948,h,2022,RasenBallsport Leipzig,Bochum,André Silva,2022-10-01 13:30:00,0,0,0,0,False,0,0,0.0
490057,52,0.3231180012226105,h,2022,RasenBallsport Leipzig,Bochum,André Silva,2022-10-01 13:30:00,0,0,0,0,False,2,0,0.09061910212039948
493227,44,0.44764798879623413,h,2022,RasenBallsport Leipzig,Hertha Berlin,André Silva,2022-10-15 16:30:00,0,0,0,0,False,2,0,0.0
493230,49,0.12177000194787979,h,2022,RasenBallsport Leipzig,Hertha Berlin,André Silva,2022-10-15 16:30:00,0,0,0,0,False,3,0,0.44764798879623413
494842,6,0.05212999880313873,a,2022,Augsburg,RasenBallsport Leipzig,André Silva,2022-10-22 13:30:00,0,0,1,0,False,0,0,0.0
494853,58,0.12218400090932846,a,2022,Augsburg,RasenBallsport Leipzig,André Silva,2022-10-22 13:30:00,0,0,1,0,False,0,2,0.05212999880313873
494856,71,0.6673309803009033,a,2022,Augsburg,RasenBallsport Leipzig,André Silva,2022-10-22 13:30:00,0,0,0,0,True,0,3,0.1743139997124672
494864,89,0.0947830006480217,a,2022,Augsburg,RasenBallsport Leipzig,André Silva,2022-10-22 13:30:00,1,0,0,0,False,2,3,0.8416449800133705
494866,90,0.10950399935245514,a,2022,Augsburg,RasenBallsport Leipzig,André Silva,2022-10-22 13:30:00,1,0,0,0,False,3,3,0.9364279806613922
497975,9,0.011976500041782856,a,2022,Hoffenheim,RasenBallsport Leipzig,André Silva,2022-11-05 14:30:00,0,0,0,0,False,0,0,0.0
497977,18,0.1059970036149025,a,2022,Hoffenheim,RasenBallsport Leipzig,André Silva,2022-11-05 14:30:00,0,0,0,0,False,1,0,0.011976500041782856
497996,74,0.09270469844341278,a,2022,Hoffenheim,RasenBallsport Leipzig,André Silva,2022-11-05 14:30:00,0,0,0,0,False,3,1,0.11797350365668535
499494,23,0.06613820046186447,h,2022,RasenBallsport Leipzig,Freiburg,André Silva,2022-11-09 19:30:00,0,0,0,0,False,0,0,0.0
499506,57,0.14321699738502502,h,2022,RasenBallsport Leipzig,Freiburg,André Silva,2022-11-09 19:30:00,0,0,0,0,False,2,0,0.06613820046186447
499971,12,0.28829100728034973,a,2022,Werder Bremen,RasenBallsport Leipzig,André Silva,2022-11-12 14:30:00,0,0,0,0,True,0,0,0.0
499981,57,0.013868199661374092,a,2022,Werder Bremen,RasenBallsport Leipzig,André Silva,2022-11-12 14:30:00,1,0,0,0,False,1,1,0.28829100728034973
499986,73,0.59306401014328,a,2022,Werder Bremen,RasenBallsport Leipzig,André Silva,2022-11-12 14:30:00,1,0,0,0,False,2,1,0.3021592069417238
505304,6,0.12692900002002716,a,2022,Schalke 04,RasenBallsport Leipzig,André Silva,2023-01-24 17:30:00,0,0,1,0,True,0,0,0.0
505308,18,0.3291560113430023,a,2022,Schalke 04,RasenBallsport Leipzig,André Silva,2023-01-24 17:30:00,1,0,1,0,False,2,0,0.12692900002002716
505313,43,0.5911930203437805,a,2022,Schalke 04,RasenBallsport Leipzig,André Silva,2023-01-24 17:30:00,1,0,0,0,True,2,0,0.4560850113630295
505325,65,0.31387001276016235,a,2022,Schalke 04,RasenBallsport Leipzig,André Silva,2023-01-24 17:30:00,1,0,0,0,False,4,1,1.04727803170681
505330,77,0.112916000187397,a,2022,Schalke 04,RasenBallsport Leipzig,André Silva,2023-01-24 17:30:00,1,0,0,0,False,4,1,1.3611480444669724
505559,22,0.4820699989795685,h,2022,RasenBallsport Leipzig,VfB Stuttgart,André Silva,2023-01-27 19:30:00,0,0,0,0,False,0,0,0.0
505561,31,0.27856799960136414,h,2022,RasenBallsport Leipzig,VfB Stuttgart,André Silva,2023-01-27 19:30:00,0,0,0,0,False,1,0,0.4820699989795685
505563,34,0.059953298419713974,h,2022,RasenBallsport Leipzig,VfB Stuttgart,André Silva,2023-01-27 19:30:00,0,0,0,0,False,1,0,0.7606379985809326
505570,62,0.38384100794792175,h,2022,RasenBallsport Leipzig,VfB Stuttgart,André Silva,2023-01-27 19:30:00,0,0,0,0,False,2,0,0.8205912970006466
507027,25,0.34784799814224243,a,2022,FC Cologne,RasenBallsport Leipzig,André Silva,2023-02-04 14:30:00,0,0,0,0,False,0,0,0.0
507032,46,0.10866600275039673,a,2022,FC Cologne,RasenBallsport Leipzig,André Silva,2023-02-04 14:30:00,0,0,0,0,False,0,0,0.34784799814224243
508623,30,0.09733229875564575,h,2022,RasenBallsport Leipzig,Union Berlin,André Silva,2023-02-11 17:30:00,0,0,0,0,False,1,0,0.0
508627,52,0.026596099138259888,h,2022,RasenBallsport Leipzig,Union Berlin,André Silva,2023-02-11 17:30:00,0,0,0,0,False,1,0,0.09733229875564575
509534,38,0.5527510046958923,a,2022,Wolfsburg,RasenBallsport Leipzig,André Silva,2023-02-18 14:30:00,0,0,0,0,False,1,0,0.0
509539,56,0.6055150032043457,a,2022,Wolfsburg,RasenBallsport Leipzig,André Silva,2023-02-18 14:30:00,0,0,0,0,False,1,0,0.5527510046958923
510774,86,0.3404330015182495,h,2022,RasenBallsport Leipzig,Eintracht Frankfurt,André Silva,2023-02-25 14:30:00,0,0,0,0,False,2,1,0.0
511777,47,0.04157689958810806,a,2022,Borussia Dortmund,RasenBallsport Leipzig,André Silva,2023-03-03 19:30:00,0,0,0,0,False,0,2,0.0
511781,68,0.2793020009994507,a,2022,Borussia Dortmund,RasenBallsport Leipzig,André Silva,2023-03-03 19:30:00,0,0,0,0,False,0,2,0.04157689958810806
511782,69,0.0442316010594368,a,2022,Borussia Dortmund,RasenBallsport Leipzig,André Silva,2023-03-03 19:30:00,0,0,0,0,False,0,2,0.32087890058755875
513417,41,0.02218629978597164,h,2022,RasenBallsport Leipzig,Borussia M.Gladbach,André Silva,2023-03-11 14:30:00,0,0,0,0,False,0,0,0.0
513422,56,0.014623500406742096,h,2022,RasenBallsport Leipzig,Borussia M.Gladbach,André Silva,2023-03-11 14:30:00,0,0,0,0,False,0,0,0.02218629978597164
514884,9,0.09988279640674591,a,2022,Bochum,RasenBallsport Leipzig,André Silva,2023-03-18 14:30:00,0,0,0,0,False,0,0,0.0
514890,41,0.10050900280475616,a,2022,Bochum,RasenBallsport Leipzig,André Silva,2023-03-18 14:30:00,0,0,0,0,False,0,0,0.09988279640674591
514894,54,0.07624589651823044,a,2022,Bochum,RasenBallsport Leipzig,André Silva,2023-03-18 14:30:00,0,0,0,0,False,0,1,0.20039179921150208
514896,63,0.13799500465393066,a,2022,Bochum,RasenBallsport Leipzig,André Silva,2023-03-18 14:30:00,0,0,0,0,False,0,1,0.2766376957297325
514897,64,0.029537899419665337,a,2022,Bochum,RasenBallsport Leipzig,André Silva,2023-03-18 14:30:00,0,0,0,0,False,0,1,0.4146327003836632
514911,91,0.286763995885849,a,2022,Bochum,RasenBallsport Leipzig,André Silva,2023-03-18 14:30:00,0,0,0,0,False,0,1,0.4441705998033285
516153,22,0.08429329842329025,h,2022,RasenBallsport Leipzig,Mainz 05,André Silva,2023-04-01 13:30:00,0,0,0,0,False,0,1,0.0
516159,42,0.026837799698114395,h,2022,RasenBallsport Leipzig,Mainz 05,André Silva,2023-04-01 13:30:00,0,0,0,0,False,0,1,0.08429329842329025
518314,63,0.07553710043430328,a,2022,Hertha Berlin,RasenBallsport Leipzig,André Silva,2023-04-08 16:30:00,0,0,0,0,False,1,0,0.0
518320,83,0.08901560306549072,a,2022,Hertha Berlin,RasenBallsport Leipzig,André Silva,2023-04-08 16:30:00,0,0,0,0,False,1,0,0.07553710043430328
518322,85,0.111005999147892,a,2022,Hertha Berlin,RasenBallsport Leipzig,André Silva,2023-04-08 16:30:00,0,0,0,0,False,1,0,0.164552703499794
522605,73,0.1522163301706314,h,2022,RasenBallsport Leipzig,Hoffenheim,André Silva,2023-04-29 13:30:00,0,0,0,0,False,1,0,0.0
490000,32,0.08784980326890945,h,2022,Wolfsburg,VfB Stuttgart,Yannick Gerhardt,2022-10-01 13:30:00,0,0,1,0,False,1,1,0.0
490002,41,0.028173500671982765,h,2022,Wolfsburg,VfB Stuttgart,Yannick Gerhardt,2022-10-01 13:30:00,0,0,1,0,False,2,1,0.08784980326890945
490010,75,0.06063750013709068,h,2022,Wolfsburg,VfB Stuttgart,Yannick Gerhardt,2022-10-01 13:30:00,0,0,1,0,False,2,2,0.11602330394089222
490017,90,0.6538519859313965,h,2022,Wolfsburg,VfB Stuttgart,Yannick Gerhardt,2022-10-01 13:30:00,0,0,0,0,True,2,2,0.1766608040779829
491493,26,0.7821930050849915,a,2022,Augsburg,Wolfsburg,Yannick Gerhardt,2022-10-08 13:30:00,0,0,0,0,True,0,0,0.0
491502,57,0.3667910099029541,a,2022,Augsburg,Wolfsburg,Yannick Gerhardt,2022-10-08 13:30:00,1,0,0,0,False,1,1,0.7821930050849915
491513,91,0.27420899271965027,a,2022,Augsburg,Wolfsburg,Yannick Gerhardt,2022-10-08 13:30:00,1,0,0,0,False,1,1,1.1489840149879456
492997,8,0.10664699971675873,h,2022,Wolfsburg,Borussia M.Gladbach,Yannick Gerhardt,2022-10-15 13:30:00,0,0,1,0,False,0,0,0.0
493001,15,0.024107500910758972,h,2022,Wolfsburg,Borussia M.Gladbach,Yannick Gerhardt,2022-10-15 13:30:00,0,0,1,0,False,0,1,0.10664699971675873
493005,42,0.5256819725036621,h,2022,Wolfsburg,Borussia M.Gladbach,Yannick Gerhardt,2022-10-15 13:30:00,0,0,0,0,True,0,1,0.1307545006275177
496356,50,0.028540700674057007,h,2022,Wolfsburg,Bochum,Yannick Gerhardt,2022-10-29 13:30:00,0,0,0,0,False,2,0,0.0
500054,26,0.06051630154252052,a,2022,Hoffenheim,Wolfsburg,Yannick Gerhardt,2022-11-12 14:30:00,0,0,0,0,False,0,0,0.0
504480,3,0.10121999680995941,h,2022,Wolfsburg,Freiburg,Yannick Gerhardt,2023-01-21 14:30:00,0,0,1,0,False,1,0,0.0
504490,54,0.32358500361442566,h,2022,Wolfsburg,Freiburg,Yannick Gerhardt,2023-01-21 14:30:00,0,0,0,0,True,3,0,0.10121999680995941
504494,63,0.049682099372148514,h,2022,Wolfsburg,Freiburg,Yannick Gerhardt,2023-01-21 14:30:00,1,0,0,0,False,4,0,0.42480500042438507
505345,44,0.30909600853919983,a,2022,Hertha Berlin,Wolfsburg,Yannick Gerhardt,2023-01-24 19:30:00,0,0,0,0,False,3,0,0.0
510775,3,0.09147019684314728,a,2022,FC Cologne,Wolfsburg,Yannick Gerhardt,2023-02-25 14:30:00,0,0,0,0,True,0,0,0.0
512855,37,0.0337149016559124,h,2022,Wolfsburg,Eintracht Frankfurt,Yannick Gerhardt,2023-03-05 16:30:00,0,0,1,0,False,1,2,0.0
512857,42,0.1232680007815361,h,2022,Wolfsburg,Eintracht Frankfurt,Yannick Gerhardt,2023-03-05 16:30:00,0,0,0,0,True,1,2,0.0337149016559124
512861,62,0.34754499793052673,h,2022,Wolfsburg,Eintracht Frankfurt,Yannick Gerhardt,2023-03-05 16:30:00,1,0,0,0,False,2,2,0.1569829024374485
512864,68,0.054709699004888535,h,2022,Wolfsburg,Eintracht Frankfurt,Yannick Gerhardt,2023-03-05 16:30:00,1,0,0,0,False,2,2,0.5045279003679752
516215,23,0.41556501388549805,h,2022,Wolfsburg,Augsburg,Yannick Gerhardt,2023-04-01 13:30:00,0,0,0,0,False,0,0,0.0
516222,47,0.2821210026741028,h,2022,Wolfsburg,Augsburg,Yannick Gerhardt,2023-04-01 13:30:00,0,0,0,0,False,0,1,0.41556501388549805
520300,32,0.0594342015683651,h,2022,Wolfsburg,Bayer Leverkusen,Yannick Gerhardt,2023-04-16 17:30:00,0,0,0,0,False,0,0,0.0
520788,87,0.6426668167114258,a,2022,Bochum,Wolfsburg,Yannick Gerhardt,2023-04-22 13:30:00,0,0,0,0,False,5,1,0.0
529066,51,0.12394235283136368,h,2022,Wolfsburg,Hertha Berlin,Yannick Gerhardt,2023-05-27 13:30:00,0,0,0,0,False,1,0,0.0
480248,69,0.057129401713609695,a,2022,RasenBallsport Leipzig,FC Cologne,Linton Maina,2022-08-13 13:30:00,0,0,0,0,False,1,2,0.0
488018,28,0.0382688008248806,h,2022,FC Cologne,Union Berlin,Linton Maina,2022-09-11 13:30:00,0,0,0,0,False,0,0,0.0
488022,46,0.23048199713230133,h,2022,FC Cologne,Union Berlin,Linton Maina,2022-09-11 13:30:00,0,0,0,0,False,0,0,0.0382688008248806
489484,65,0.02295129932463169,a,2022,Bochum,FC Cologne,Linton Maina,2022-09-18 15:30:00,0,0,1,0,False,0,0,0.0
489485,75,0.019429100677371025,a,2022,Bochum,FC Cologne,Linton Maina,2022-09-18 15:30:00,0,0,1,0,False,0,0,0.02295129932463169
489491,87,0.3487609922885895,a,2022,Bochum,FC Cologne,Linton Maina,2022-09-18 15:30:00,0,0,0,0,True,0,0,0.042380400002002716
489931,46,0.07074630260467529,h,2022,FC Cologne,Borussia Dortmund,Linton Maina,2022-10-01 13:30:00,0,0,0,0,False,0,1,0.0
493707,20,0.05617649853229523,h,2022,FC Cologne,Augsburg,Linton Maina,2022-10-16 13:30:00,0,0,0,0,False,0,1,0.0
494657,1,0.13682100176811218,a,2022,Mainz 05,FC Cologne,Linton Maina,2022-10-21 18:30:00,0,0,0,0,False,0,0,0.0
494658,3,0.35128000378608704,a,2022,Mainz 05,FC Cologne,Linton Maina,2022-10-21 18:30:00,0,0,0,0,False,0,0,0.13682100176811218
497476,24,0.06765270233154297,h,2022,FC Cologne,Hoffenheim,Linton Maina,2022-10-30 18:30:00,0,0,0,0,False,1,0,0.0
497482,41,0.02506130002439022,h,2022,FC Cologne,Hoffenheim,Linton Maina,2022-10-30 18:30:00,0,0,0,0,False,1,1,0.06765270233154297
497485,57,0.05702820047736168,h,2022,FC Cologne,Hoffenheim,Linton Maina,2022-10-30 18:30:00,0,0,0,0,False,1,1,0.09271400235593319
498829,54,0.04713650047779083,a,2022,Freiburg,FC Cologne,Linton Maina,2022-11-06 16:30:00,0,0,0,0,False,0,1,0.0
498830,59,0.280364990234375,a,2022,Freiburg,FC Cologne,Linton Maina,2022-11-06 16:30:00,0,0,0,0,False,0,1,0.04713650047779083
499279,48,0.11558199673891068,h,2022,FC Cologne,Bayer Leverkusen,Linton Maina,2022-11-09 17:30:00,0,0,0,0,False,1,0,0.0
499288,65,0.08522920310497284,h,2022,FC Cologne,Bayer Leverkusen,Linton Maina,2022-11-09 17:30:00,0,0,0,0,False,1,1,0.11558199673891068
500001,24,0.16652600467205048,a,2022,Hertha Berlin,FC Cologne,Linton Maina,2022-11-12 14:30:00,0,0,0,0,False,0,1,0.0
504795,8,0.4431320130825043,h,2022,FC Cologne,Werder Bremen,Linton Maina,2023-01-21 17:30:00,0,0,0,0,True,0,0,0.0
504799,29,0.06006399914622307,h,2022,FC Cologne,Werder Bremen,Linton Maina,2023-01-21 17:30:00,1,0,0,0,False,3,0,0.4431320130825043
506215,26,0.06254620105028152,a,2022,Schalke 04,FC Cologne,Linton Maina,2023-01-29 14:30:00,0,0,0,0,False,0,0,0.0
507029,36,0.30437299609184265,h,2022,FC Cologne,RasenBallsport Leipzig,Linton Maina,2023-02-04 14:30:00,0,0,0,0,False,0,0,0.0
507034,59,0.10318099707365036,h,2022,FC Cologne,RasenBallsport Leipzig,Linton Maina,2023-02-04 14:30:00,0,0,0,0,False,0,0,0.30437299609184265
509050,25,0.013410300016403198,h,2022,FC Cologne,Eintracht Frankfurt,Linton Maina,2023-02-12 16:30:00,0,0,0,0,False,0,0,0.0
509503,18,0.010497800074517727,a,2022,VfB Stuttgart,FC Cologne,Linton Maina,2023-02-18 14:30:00,0,0,0,0,False,0,1,0.0
512068,49,0.2781270146369934,a,2022,Union Berlin,FC Cologne,Linton Maina,2023-03-04 14:30:00,0,0,0,0,False,0,0,0.0
515255,88,0.10356900095939636,a,2022,Borussia Dortmund,FC Cologne,Linton Maina,2023-03-18 17:30:00,0,0,0,0,False,1,6,0.0
517850,4,0.07827489823102951,a,2022,Augsburg,FC Cologne,Linton Maina,2023-04-08 13:30:00,0,0,1,0,False,0,0,0.0
517865,58,0.3726939857006073,a,2022,Augsburg,FC Cologne,Linton Maina,2023-04-08 13:30:00,0,0,0,0,True,2,1,0.07827489823102951
519346,41,0.06034810096025467,h,2022,FC Cologne,Mainz 05,Linton Maina,2023-04-15 13:30:00,0,0,0,0,False,0,1,0.0
519351,69,0.3687320053577423,h,2022,FC Cologne,Mainz 05,Linton Maina,2023-04-15 13:30:00,0,0,0,0,False,1,1,0.06034810096025467
522649,20,0.04894627630710602,h,2022,FC Cologne,Freiburg,Linton Maina,2023-04-29 13:30:00,0,0,0,0,False,0,0,0.0
522651,28,0.06328220665454865,h,2022,FC Cologne,Freiburg,Linton Maina,2023-04-29 13:30:00,0,0,0,0,False,0,0,0.04894627630710602
522666,59,0.13134273886680603,h,2022,FC Cologne,Freiburg,Linton Maina,2023-04-29 13:30:00,0,0,0,0,False,0,1,0.11222848296165466
527298,60,0.03695182502269745,a,2022,Werder Bremen,FC Cologne,Linton Maina,2023-05-20 13:30:00,0,0,0,0,False,1,0,0.0
504535,43,0.5905699729919434,h,2022,Bochum,Hertha Berlin,Keven Schlotterbeck,2023-01-21 14:30:00,0,0,0,0,True,1,0,0.0
505458,23,0.0675664022564888,a,2022,Bayer Leverkusen,Bochum,Keven Schlotterbeck,2023-01-25 19:30:00,0,0,0,0,False,0,1,0.0
505784,77,0.039724599570035934,a,2022,Mainz 05,Bochum,Keven Schlotterbeck,2023-01-28 14:30:00,0,0,0,0,False,2,4,0.0
510795,11,0.08717530220746994,a,2022,Werder Bremen,Bochum,Keven Schlotterbeck,2023-02-25 14:30:00,0,0,0,0,False,0,0,0.0
524476,41,0.08037716895341873,a,2022,Borussia M.Gladbach,Bochum,Keven Schlotterbeck,2023-05-06 13:30:00,0,0,0,0,False,0,1,0.0
524500,94,0.0580081045627594,a,2022,Borussia M.Gladbach,Bochum,Keven Schlotterbeck,2023-05-06 13:30:00,0,0,0,0,False,0,2,0.08037716895341873
527386,86,0.042569849640131,a,2022,Hertha Berlin,Bochum,Keven Schlotterbeck,2023-05-20 13:30:00,0,0,1,0,False,0,1,0.0
527388,93,0.4120507538318634,a,2022,Hertha Berlin,Bochum,Keven Schlotterbeck,2023-05-20 13:30:00,0,0,0,0,True,0,1,0.042569849640131
485831,74,0.29281699657440186,h,2022,Union Berlin,Bayern Munich,Jamie Leweling,2022-09-03 13:30:00,0,0,0,0,False,1,1,0.0
492490,92,0.07447580248117447,a,2022,VfB Stuttgart,Union Berlin,Jamie Leweling,2022-10-09 17:30:00,0,0,0,0,False,1,0,0.0
495695,91,0.052037499845027924,a,2022,Bochum,Union Berlin,Jamie Leweling,2022-10-23 13:30:00,0,0,0,0,False,0,2,0.0
497275,75,0.05378830060362816,h,2022,Union Berlin,Borussia M.Gladbach,Jamie Leweling,2022-10-30 14:30:00,0,0,0,0,False,0,1,0.0
497279,89,0.13586600124835968,h,2022,Union Berlin,Borussia M.Gladbach,Jamie Leweling,2022-10-30 14:30:00,0,0,0,0,False,1,1,0.05378830060362816
504583,95,0.49236801266670227,h,2022,Union Berlin,Hoffenheim,Jamie Leweling,2023-01-21 14:30:00,0,0,0,0,True,2,1,0.0
517972,78,0.01968960091471672,a,2022,Borussia Dortmund,Union Berlin,Jamie Leweling,2023-04-08 13:30:00,0,0,0,0,False,1,1,0.0
524574,73,0.021398313343524933,a,2022,Augsburg,Union Berlin,Jamie Leweling,2023-05-06 13:30:00,0,0,0,0,False,0,1,0.0
527414,94,0.06186528131365776,a,2022,Hoffenheim,Union Berlin,Jamie Leweling,2023-05-20 13:30:00,0,0,0,0,False,1,3,0.0
482508,17,0.018350999802350998,a,2022,Bochum,Bayern Munich,Kingsley Coman,2022-08-21 15:30:00,0,0,1,0,False,1,0,0.0
482515,32,0.4679349958896637,a,2022,Bochum,Bayern Munich,Kingsley Coman,2022-08-21 15:30:00,0,0,0,0,True,2,0,0.018350999802350998
482518,39,0.32258498668670654,a,2022,Bochum,Bayern Munich,Kingsley Coman,2022-08-21 15:30:00,1,0,0,0,False,3,0,0.4862859956920147
482522,55,0.02566640079021454,a,2022,Bochum,Bayern Munich,Kingsley Coman,2022-08-21 15:30:00,1,0,0,0,False,4,0,0.8088709823787212
483896,21,0.03546920046210289,h,2022,Bayern Munich,Borussia M.Gladbach,Kingsley Coman,2022-08-27 16:30:00,0,0,0,0,False,0,0,0.0
483929,96,0.031205499544739723,h,2022,Bayern Munich,Borussia M.Gladbach,Kingsley Coman,2022-08-27 16:30:00,0,0,0,0,False,1,1,0.03546920046210289
485823,21,0.08068530261516571,a,2022,Union Berlin,Bayern Munich,Kingsley Coman,2022-09-03 13:30:00,0,0,0,0,False,1,1,0.0
491754,58,0.11612699925899506,a,2022,Borussia Dortmund,Bayern Munich,Kingsley Coman,2022-10-08 16:30:00,0,0,0,0,False,2,0,0.0
491760,84,0.029500799253582954,a,2022,Borussia Dortmund,Bayern Munich,Kingsley Coman,2022-10-08 16:30:00,0,0,0,0,False,2,1,0.11612699925899506
494879,20,0.034225501120090485,a,2022,Hoffenheim,Bayern Munich,Kingsley Coman,2022-10-22 13:30:00,0,0,0,0,False,1,0,0.0
497936,83,0.07436279952526093,a,2022,Hertha Berlin,Bayern Munich,Kingsley Coman,2022-11-05 14:30:00,0,0,0,0,False,3,2,0.0
499183,67,0.6443020105361938,h,2022,Bayern Munich,Werder Bremen,Kingsley Coman,2022-11-08 19:30:00,0,0,0,0,False,4,1,0.0
500291,9,0.011579600162804127,a,2022,Schalke 04,Bayern Munich,Kingsley Coman,2022-11-12 17:30:00,0,0,0,0,False,0,0,0.0
500307,57,0.022048499435186386,a,2022,Schalke 04,Bayern Munich,Kingsley Coman,2022-11-12 17:30:00,0,0,0,0,False,2,0,0.011579600162804127
505398,53,0.05072399973869324,h,2022,Bayern Munich,FC Cologne,Kingsley Coman,2023-01-24 19:30:00,0,0,0,0,False,0,1,0.0
505402,70,0.031040599569678307,h,2022,Bayern Munich,FC Cologne,Kingsley Coman,2023-01-24 19:30:00,0,0,0,0,False,0,1,0.05072399973869324
505407,91,0.03650109842419624,h,2022,Bayern Munich,FC Cologne,Kingsley Coman,2023-01-24 19:30:00,0,0,0,0,False,1,1,0.08176459930837154
505932,22,0.013525700196623802,h,2022,Bayern Munich,Eintracht Frankfurt,Kingsley Coman,2023-01-28 17:30:00,0,0,0,0,False,0,0,0.0
507772,5,0.019132100045681,a,2022,Wolfsburg,Bayern Munich,Kingsley Coman,2023-02-05 16:30:00,0,0,1,0,False,0,0,0.0
507773,8,0.016997599974274635,a,2022,Wolfsburg,Bayern Munich,Kingsley Coman,2023-02-05 16:30:00,0,0,1,0,True,0,0,0.019132100045681
507775,13,0.0880018025636673,a,2022,Wolfsburg,Bayern Munich,Kingsley Coman,2023-02-05 16:30:00,1,0,0,0,True,1,0,0.036129700019955635
507779,23,0.07361999899148941,a,2022,Wolfsburg,Bayern Munich,Kingsley Coman,2023-02-05 16:30:00,1,0,0,0,False,3,0,0.12413150258362293
507786,42,0.03425160050392151,a,2022,Wolfsburg,Bayern Munich,Kingsley Coman,2023-02-05 16:30:00,1,0,0,0,False,3,0,0.19775150157511234
508326,63,0.27344900369644165,h,2022,Bayern Munich,Bochum,Kingsley Coman,2023-02-11 14:30:00,0,0,0,0,True,1,0,0.0
508330,77,0.1214980036020279,h,2022,Bayern Munich,Bochum,Kingsley Coman,2023-02-11 14:30:00,1,0,0,0,False,3,0,0.27344900369644165
508334,84,0.06505519896745682,h,2022,Bayern Munich,Bochum,Kingsley Coman,2023-02-11 14:30:00,1,0,0,0,False,3,0,0.39494700729846954
511453,39,0.6103450059890747,h,2022,Bayern Munich,Union Berlin,Kingsley Coman,2023-02-26 16:30:00,0,0,0,0,True,1,0,0.0
512351,3,0.03771049901843071,a,2022,VfB Stuttgart,Bayern Munich,Kingsley Coman,2023-03-04 17:30:00,0,0,0,0,False,0,0,0.0
512365,52,0.095940500497818,a,2022,VfB Stuttgart,Bayern Munich,Kingsley Coman,2023-03-04 17:30:00,0,0,0,0,False,1,0,0.03771049901843071
515757,65,0.04681260138750076,a,2022,Bayer Leverkusen,Bayern Munich,Kingsley Coman,2023-03-19 16:30:00,0,0,0,0,False,1,1,0.0
515761,84,0.07180970162153244,a,2022,Bayer Leverkusen,Bayern Munich,Kingsley Coman,2023-03-19 16:30:00,0,0,0,0,False,1,2,0.04681260138750076
516606,19,0.03165049850940704,h,2022,Bayern Munich,Borussia Dortmund,Kingsley Coman,2023-04-01 16:30:00,0,0,1,0,False,1,0,0.0
516613,40,0.0812406986951828,h,2022,Bayern Munich,Borussia Dortmund,Kingsley Coman,2023-04-01 16:30:00,0,0,1,0,False,2,0,0.03165049850940704
516615,49,0.5231059789657593,h,2022,Bayern Munich,Borussia Dortmund,Kingsley Coman,2023-04-01 16:30:00,0,0,0,0,True,2,0,0.11289119720458984
519359,16,0.02356320060789585,h,2022,Bayern Munich,Hoffenheim,Kingsley Coman,2023-04-15 13:30:00,0,0,0,0,False,0,0,0.0
519363,45,0.05955350026488304,h,2022,Bayern Munich,Hoffenheim,Kingsley Coman,2023-04-15 13:30:00,0,0,0,0,False,1,0,0.02356320060789585
523313,34,0.046243295073509216,h,2022,Bayern Munich,Hertha Berlin,Kingsley Coman,2023-04-30 13:30:00,0,0,1,0,False,0,0,0.0
523327,77,0.03393670544028282,h,2022,Bayern Munich,Hertha Berlin,Kingsley Coman,2023-04-30 13:30:00,0,0,1,0,False,1,0,0.046243295073509216
523328,78,0.4849475920200348,h,2022,Bayern Munich,Hertha Berlin,Kingsley Coman,2023-04-30 13:30:00,0,0,0,0,True,1,0,0.08018000051379204
524793,23,0.04827924445271492,a,2022,Werder Bremen,Bayern Munich,Kingsley Coman,2023-05-06 16:30:00,0,0,0,0,False,0,0,0.0
524798,31,0.01656264252960682,a,2022,Werder Bremen,Bayern Munich,Kingsley Coman,2023-05-06 16:30:00,0,0,0,0,False,0,0,0.04827924445271492
525904,9,0.49804553389549255,h,2022,Bayern Munich,Schalke 04,Kingsley Coman,2023-05-13 13:30:00,0,0,0,0,False,0,0,0.0
525919,47,0.017192739993333817,h,2022,Bayern Munich,Schalke 04,Kingsley Coman,2023-05-13 13:30:00,0,0,0,0,False,2,0,0.49804553389549255
525921,53,0.023024968802928925,h,2022,Bayern Munich,Schalke 04,Kingsley Coman,2023-05-13 13:30:00,0,0,0,0,False,3,0,0.5152382738888264
525923,62,0.07028399407863617,h,2022,Bayern Munich,Schalke 04,Kingsley Coman,2023-05-13 13:30:00,0,0,0,0,False,3,0,0.5382632426917553
527661,5,0.025490708649158478,h,2022,Bayern Munich,RasenBallsport Leipzig,Kingsley Coman,2023-05-20 16:30:00,0,0,0,0,False,0,0,0.0
527662,6,0.017649168148636818,h,2022,Bayern Munich,RasenBallsport Leipzig,Kingsley Coman,2023-05-20 16:30:00,0,0,0,0,False,0,0,0.025490708649158478
527671,38,0.377951055765152,h,2022,Bayern Munich,RasenBallsport Leipzig,Kingsley Coman,2023-05-20 16:30:00,0,0,0,0,False,1,0,0.043139876797795296
529031,7,0.031590308994054794,a,2022,FC Cologne,Bayern Munich,Kingsley Coman,2023-05-27 13:30:00,0,0,0,0,True,0,0,0.0
479762,48,0.06593289971351624,h,2022,VfB Stuttgart,RasenBallsport Leipzig,Joshua Vagnoman,2022-08-07 13:30:00,0,0,0,0,False,1,1,0.0
480264,50,0.01438989955931902,a,2022,Werder Bremen,VfB Stuttgart,Joshua Vagnoman,2022-08-13 13:30:00,0,0,0,0,False,1,1,0.0
481720,5,0.071881502866745,h,2022,VfB Stuttgart,Freiburg,Joshua Vagnoman,2022-08-20 13:30:00,0,0,0,0,False,0,0,0.0
481732,50,0.027914799749851227,h,2022,VfB Stuttgart,Freiburg,Joshua Vagnoman,2022-08-20 13:30:00,0,0,0,0,False,0,1,0.071881502866745
484396,38,0.23741400241851807,a,2022,FC Cologne,VfB Stuttgart,Joshua Vagnoman,2022-08-28 13:30:00,0,0,0,0,False,0,0,0.0
485798,31,0.14894600212574005,h,2022,VfB Stuttgart,Schalke 04,Joshua Vagnoman,2022-09-03 13:30:00,0,0,0,0,False,1,1,0.0
504527,86,0.508974015712738,h,2022,VfB Stuttgart,Mainz 05,Joshua Vagnoman,2023-01-21 14:30:00,0,0,0,0,False,1,1,0.0
509526,87,0.0660087987780571,h,2022,VfB Stuttgart,FC Cologne,Joshua Vagnoman,2023-02-18 14:30:00,0,0,0,0,False,3,0,0.0
509527,90,0.12607699632644653,h,2022,VfB Stuttgart,FC Cologne,Joshua Vagnoman,2023-02-18 14:30:00,0,0,0,0,False,3,0,0.0660087987780571
516263,75,0.43276500701904297,a,2022,Union Berlin,VfB Stuttgart,Joshua Vagnoman,2023-04-01 13:30:00,0,0,0,0,False,0,2,0.0
518783,9,0.02539129927754402,a,2022,Bochum,VfB Stuttgart,Joshua Vagnoman,2023-04-09 15:30:00,0,0,1,0,False,0,0,0.0
518792,50,0.40325498580932617,a,2022,Bochum,VfB Stuttgart,Joshua Vagnoman,2023-04-09 15:30:00,0,0,1,0,False,1,0,0.02539129927754402
518798,62,0.3303470015525818,a,2022,Bochum,VfB Stuttgart,Joshua Vagnoman,2023-04-09 15:30:00,0,0,0,0,True,2,1,0.4286462850868702
518799,66,0.022894199937582016,a,2022,Bochum,VfB Stuttgart,Joshua Vagnoman,2023-04-09 15:30:00,1,0,0,0,False,3,1,0.758993286639452
519313,4,0.07854469865560532,h,2022,VfB Stuttgart,Borussia Dortmund,Joshua Vagnoman,2023-04-15 13:30:00,0,0,1,0,False,0,0,0.0
519335,80,0.12088199704885483,h,2022,VfB Stuttgart,Borussia Dortmund,Joshua Vagnoman,2023-04-15 13:30:00,0,0,1,0,False,1,2,0.07854469865560532
519336,83,0.102122001349926,h,2022,VfB Stuttgart,Borussia Dortmund,Joshua Vagnoman,2023-04-15 13:30:00,0,0,0,0,True,1,2,0.19942669570446014
520469,14,0.027822796255350113,a,2022,Augsburg,VfB Stuttgart,Joshua Vagnoman,2023-04-21 18:30:00,0,0,0,0,False,0,1,0.0
520474,72,0.0338890366256237,a,2022,Augsburg,VfB Stuttgart,Joshua Vagnoman,2023-04-21 18:30:00,0,0,0,0,False,0,1,0.027822796255350113
524547,68,0.007818201556801796,a,2022,Hertha Berlin,VfB Stuttgart,Joshua Vagnoman,2023-05-06 13:30:00,0,0,0,0,False,1,2,0.0
524549,81,0.03202252462506294,a,2022,Hertha Berlin,VfB Stuttgart,Joshua Vagnoman,2023-05-06 13:30:00,0,0,0,0,False,1,2,0.007818201556801796
526600,70,0.3182551860809326,h,2022,VfB Stuttgart,Bayer Leverkusen,Joshua Vagnoman,2023-05-14 13:30:00,0,0,0,0,False,1,1,0.0
528977,10,0.05327721685171127,h,2022,VfB Stuttgart,Hoffenheim,Joshua Vagnoman,2023-05-27 13:30:00,0,0,0,0,False,0,0,0.0
528978,17,0.37664371728897095,h,2022,VfB Stuttgart,Hoffenheim,Joshua Vagnoman,2023-05-27 13:30:00,0,0,0,0,False,0,0,0.05327721685171127
528982,31,0.028894267976284027,h,2022,VfB Stuttgart,Hoffenheim,Joshua Vagnoman,2023-05-27 13:30:00,0,0,0,0,False,0,0,0.4299209341406822
499284,62,0.03554439917206764,a,2022,FC Cologne,Bayer Leverkusen,Odilon Kossounou,2022-11-09 17:30:00,0,0,0,0,False,0,1,0.0
511383,57,0.01815059967339039,a,2022,Freiburg,Bayer Leverkusen,Odilon Kossounou,2023-02-26 14:30:00,0,0,0,0,False,0,1,0.0
520322,93,0.051958099007606506,a,2022,Wolfsburg,Bayer Leverkusen,Odilon Kossounou,2023-04-16 17:30:00,0,0,0,0,False,0,0,0.0
479782,95,0.02305860072374344,h,2022,VfB Stuttgart,RasenBallsport Leipzig,Wataru Endo,2022-08-07 13:30:00,0,0,0,0,False,1,1,0.0
480260,31,0.01153239980340004,a,2022,Werder Bremen,VfB Stuttgart,Wataru Endo,2022-08-13 13:30:00,0,0,1,0,False,0,1,0.0
480262,37,0.022397400811314583,a,2022,Werder Bremen,VfB Stuttgart,Wataru Endo,2022-08-13 13:30:00,0,0,0,0,True,0,1,0.01153239980340004
480268,72,0.05447759851813316,a,2022,Werder Bremen,VfB Stuttgart,Wataru Endo,2022-08-13 13:30:00,1,0,0,0,False,1,1,0.03392980061471462
481739,76,0.05059570074081421,h,2022,VfB Stuttgart,Freiburg,Wataru Endo,2022-08-20 13:30:00,0,0,0,0,False,0,1,0.0
484386,0,0.023636799305677414,a,2022,FC Cologne,VfB Stuttgart,Wataru Endo,2022-08-28 13:30:00,0,0,0,0,False,0,0,0.0
485809,84,0.06806699931621552,h,2022,VfB Stuttgart,Schalke 04,Wataru Endo,2022-09-03 13:30:00,0,0,0,0,False,1,1,0.0
488685,70,0.03449450060725212,h,2022,VfB Stuttgart,Eintracht Frankfurt,Wataru Endo,2022-09-17 13:30:00,0,0,0,0,False,0,2,0.0
489986,7,0.011155500076711178,a,2022,Wolfsburg,VfB Stuttgart,Wataru Endo,2022-10-01 13:30:00,0,0,0,0,False,0,0,0.0
489988,11,0.4891420006752014,a,2022,Wolfsburg,VfB Stuttgart,Wataru Endo,2022-10-01 13:30:00,0,0,0,0,False,0,0,0.011155500076711178
489999,24,0.033514998853206635,a,2022,Wolfsburg,VfB Stuttgart,Wataru Endo,2022-10-01 13:30:00,0,0,0,0,False,1,1,0.5002975007519126
490003,45,0.0448186993598938,a,2022,Wolfsburg,VfB Stuttgart,Wataru Endo,2022-10-01 13:30:00,0,0,0,0,False,1,2,0.5338124996051192
490006,62,0.08470329642295837,a,2022,Wolfsburg,VfB Stuttgart,Wataru Endo,2022-10-01 13:30:00,0,0,0,0,False,2,2,0.578631198965013
492482,53,0.05436420068144798,h,2022,VfB Stuttgart,Union Berlin,Wataru Endo,2022-10-09 17:30:00,0,0,0,0,False,0,0,0.0
492991,70,0.52053302526474,h,2022,VfB Stuttgart,Bochum,Wataru Endo,2022-10-15 13:30:00,0,0,0,0,True,3,1,0.0
496379,26,0.011177700012922287,h,2022,VfB Stuttgart,Augsburg,Wataru Endo,2022-10-29 13:30:00,0,0,0,0,False,1,1,0.0
496391,64,0.03701170161366463,h,2022,VfB Stuttgart,Augsburg,Wataru Endo,2022-10-29 13:30:00,0,0,0,0,False,1,1,0.011177700012922287
496394,68,0.12595100700855255,h,2022,VfB Stuttgart,Augsburg,Wataru Endo,2022-10-29 13:30:00,0,0,0,0,False,1,1,0.048189401626586914
496395,69,0.39565399289131165,h,2022,VfB Stuttgart,Augsburg,Wataru Endo,2022-10-29 13:30:00,0,0,0,0,False,1,1,0.17414040863513947
496403,83,0.017696499824523926,h,2022,VfB Stuttgart,Augsburg,Wataru Endo,2022-10-29 13:30:00,0,0,0,0,False,1,1,0.5697944015264511
497665,75,0.06765329837799072,a,2022,Borussia M.Gladbach,VfB Stuttgart,Wataru Endo,2022-11-04 18:30:00,0,0,0,0,False,1,2,0.0
499207,50,0.00967720989137888,h,2022,VfB Stuttgart,Hertha Berlin,Wataru Endo,2022-11-08 19:30:00,0,0,0,0,False,1,1,0.0
504515,57,0.020835399627685547,h,2022,VfB Stuttgart,Mainz 05,Wataru Endo,2023-01-21 14:30:00,0,0,0,0,False,1,1,0.0
505374,76,0.1026030033826828,a,2022,Hoffenheim,VfB Stuttgart,Wataru Endo,2023-01-24 19:30:00,0,0,0,0,True,1,1,0.0
505554,6,0.11459100246429443,a,2022,RasenBallsport Leipzig,VfB Stuttgart,Wataru Endo,2023-01-27 19:30:00,0,0,0,0,False,0,0,0.0
505556,9,0.02555369958281517,a,2022,RasenBallsport Leipzig,VfB Stuttgart,Wataru Endo,2023-01-27 19:30:00,0,0,0,0,False,0,0,0.11459100246429443
507675,79,0.019926900044083595,h,2022,VfB Stuttgart,Werder Bremen,Wataru Endo,2023-02-05 14:30:00,0,0,0,0,False,0,2,0.0
507677,84,0.044658198952674866,h,2022,VfB Stuttgart,Werder Bremen,Wataru Endo,2023-02-05 14:30:00,0,0,0,0,False,0,2,0.019926900044083595
509515,54,0.09206300228834152,h,2022,VfB Stuttgart,FC Cologne,Wataru Endo,2023-02-18 14:30:00,0,0,0,0,False,1,0,0.0
510961,16,0.04487619921565056,a,2022,Schalke 04,VfB Stuttgart,Wataru Endo,2023-02-25 17:30:00,0,0,0,0,False,0,1,0.0
510962,25,0.393000990152359,a,2022,Schalke 04,VfB Stuttgart,Wataru Endo,2023-02-25 17:30:00,0,0,0,0,False,0,1,0.04487619921565056
510967,33,0.029598500579595566,a,2022,Schalke 04,VfB Stuttgart,Wataru Endo,2023-02-25 17:30:00,0,0,0,0,False,0,1,0.43787718936800957
510976,65,0.183447003364563,a,2022,Schalke 04,VfB Stuttgart,Wataru Endo,2023-02-25 17:30:00,0,0,0,0,False,1,2,0.46747568994760513
514858,93,0.04409870132803917,h,2022,VfB Stuttgart,Wolfsburg,Wataru Endo,2023-03-18 14:30:00,0,0,0,0,False,0,1,0.0
518794,50,0.09835059940814972,a,2022,Bochum,VfB Stuttgart,Wataru Endo,2023-04-09 15:30:00,0,0,0,0,False,1,0,0.0
519320,29,0.041673801839351654,h,2022,VfB Stuttgart,Borussia Dortmund,Wataru Endo,2023-04-15 13:30:00,0,0,0,0,False,0,1,0.0
520476,77,0.8262560963630676,a,2022,Augsburg,VfB Stuttgart,Wataru Endo,2023-04-21 18:30:00,0,0,0,0,True,0,1,0.0
520475,77,0.5877793431282043,a,2022,Augsburg,VfB Stuttgart,Wataru Endo,2023-04-21 18:30:00,1,0,0,0,False,0,1,0.8262560963630676
524550,83,0.010375410318374634,a,2022,Hertha Berlin,VfB Stuttgart,Wataru Endo,2023-05-06 13:30:00,0,0,0,0,False,1,2,0.0
526591,37,0.07225260883569717,h,2022,VfB Stuttgart,Bayer Leverkusen,Wataru Endo,2023-05-14 13:30:00,0,0,0,0,False,0,0,0.0
526592,38,0.02020888403058052,h,2022,VfB Stuttgart,Bayer Leverkusen,Wataru Endo,2023-05-14 13:30:00,0,0,0,0,False,0,0,0.07225260883569717
528020,37,0.05816388130187988,a,2022,Mainz 05,VfB Stuttgart,Wataru Endo,2023-05-21 13:30:00,0,0,1,0,False,0,1,0.0
528022,40,0.0839606299996376,a,2022,Mainz 05,VfB Stuttgart,Wataru Endo,2023-05-21 13:30:00,0,0,0,0,True,0,1,0.05816388130187988
528027,65,0.04356545954942703,a,2022,Mainz 05,VfB Stuttgart,Wataru Endo,2023-05-21 13:30:00,1,0,0,0,False,2,1,0.1421245113015175
529004,93,0.014442605897784233,h,2022,VfB Stuttgart,Hoffenheim,Wataru Endo,2023-05-27 13:30:00,0,0,0,0,False,1,1,0.0
479761,47,0.06946899741888046,h,2022,VfB Stuttgart,RasenBallsport Leipzig,Konstantinos Mavropanos,2022-08-07 13:30:00,0,0,0,0,False,1,1,0.0
480272,86,0.02656169980764389,a,2022,Werder Bremen,VfB Stuttgart,Konstantinos Mavropanos,2022-08-13 13:30:00,0,0,0,0,False,2,1,0.0
481726,34,0.03710940107703209,h,2022,VfB Stuttgart,Freiburg,Konstantinos Mavropanos,2022-08-20 13:30:00,0,0,0,0,False,0,1,0.0
481741,83,0.01151250023394823,h,2022,VfB Stuttgart,Freiburg,Konstantinos Mavropanos,2022-08-20 13:30:00,0,0,0,0,False,0,1,0.03710940107703209
484388,4,0.013250700198113918,a,2022,FC Cologne,VfB Stuttgart,Konstantinos Mavropanos,2022-08-28 13:30:00,0,0,0,0,False,0,0,0.0
484389,6,0.10209400206804276,a,2022,FC Cologne,VfB Stuttgart,Konstantinos Mavropanos,2022-08-28 13:30:00,0,0,0,0,False,0,0,0.013250700198113918
484400,64,0.03559710085391998,a,2022,FC Cologne,VfB Stuttgart,Konstantinos Mavropanos,2022-08-28 13:30:00,0,0,0,0,False,0,0,0.11534470226615667
484404,80,0.01774130016565323,a,2022,FC Cologne,VfB Stuttgart,Konstantinos Mavropanos,2022-08-28 13:30:00,0,0,0,0,False,0,0,0.15094180312007666
484403,80,0.636355996131897,a,2022,FC Cologne,VfB Stuttgart,Konstantinos Mavropanos,2022-08-28 13:30:00,0,0,0,0,False,0,0,0.16868310328572989
485790,6,0.06008949875831604,h,2022,VfB Stuttgart,Schalke 04,Konstantinos Mavropanos,2022-09-03 13:30:00,0,0,0,0,False,0,0,0.0
485793,16,0.008829119615256786,h,2022,VfB Stuttgart,Schalke 04,Konstantinos Mavropanos,2022-09-03 13:30:00,0,0,0,0,False,0,0,0.06008949875831604
488677,49,0.023055199533700943,h,2022,VfB Stuttgart,Eintracht Frankfurt,Konstantinos Mavropanos,2022-09-17 13:30:00,0,0,0,0,False,0,1,0.0
488682,64,0.21496599912643433,h,2022,VfB Stuttgart,Eintracht Frankfurt,Konstantinos Mavropanos,2022-09-17 13:30:00,0,0,0,0,False,0,2,0.023055199533700943
490004,45,0.26462501287460327,a,2022,Wolfsburg,VfB Stuttgart,Konstantinos Mavropanos,2022-10-01 13:30:00,0,0,0,0,True,1,2,0.0
490008,72,0.533598005771637,a,2022,Wolfsburg,VfB Stuttgart,Konstantinos Mavropanos,2022-10-01 13:30:00,1,0,0,0,False,2,2,0.26462501287460327
490016,89,0.047777801752090454,a,2022,Wolfsburg,VfB Stuttgart,Konstantinos Mavropanos,2022-10-01 13:30:00,1,0,0,0,False,2,2,0.7982230186462402
492484,59,0.09666939824819565,h,2022,VfB Stuttgart,Union Berlin,Konstantinos Mavropanos,2022-10-09 17:30:00,0,0,0,0,False,0,0,0.0
492487,78,0.09098479896783829,h,2022,VfB Stuttgart,Union Berlin,Konstantinos Mavropanos,2022-10-09 17:30:00,0,0,0,0,False,0,1,0.09666939824819565
492976,31,0.013638700358569622,h,2022,VfB Stuttgart,Bochum,Konstantinos Mavropanos,2022-10-15 13:30:00,0,0,0,0,False,2,1,0.0
492979,37,0.07076740264892578,h,2022,VfB Stuttgart,Bochum,Konstantinos Mavropanos,2022-10-15 13:30:00,0,0,0,0,False,2,1,0.013638700358569622
492989,70,0.09673359990119934,h,2022,VfB Stuttgart,Bochum,Konstantinos Mavropanos,2022-10-15 13:30:00,0,0,0,0,False,3,1,0.0844061030074954
494989,3,0.06228090077638626,a,2022,Borussia Dortmund,VfB Stuttgart,Konstantinos Mavropanos,2022-10-22 13:30:00,0,0,0,0,False,0,1,0.0
497651,23,0.014919700101017952,a,2022,Borussia M.Gladbach,VfB Stuttgart,Konstantinos Mavropanos,2022-11-04 18:30:00,0,0,0,0,False,0,1,0.0
497669,91,0.06208530068397522,a,2022,Borussia M.Gladbach,VfB Stuttgart,Konstantinos Mavropanos,2022-11-04 18:30:00,0,0,0,0,False,1,2,0.014919700101017952
499211,64,0.09038659930229187,h,2022,VfB Stuttgart,Hertha Berlin,Konstantinos Mavropanos,2022-11-08 19:30:00,0,0,1,0,False,1,1,0.0
499219,97,0.07928150147199631,h,2022,VfB Stuttgart,Hertha Berlin,Konstantinos Mavropanos,2022-11-08 19:30:00,0,0,0,0,True,1,1,0.09038659930229187
504526,86,0.09420269727706909,h,2022,VfB Stuttgart,Mainz 05,Konstantinos Mavropanos,2023-01-21 14:30:00,0,0,0,0,False,1,1,0.0
505369,51,0.013945600017905235,a,2022,Hoffenheim,VfB Stuttgart,Konstantinos Mavropanos,2023-01-24 19:30:00,0,0,0,0,False,1,1,0.0
507669,61,0.024215800687670708,h,2022,VfB Stuttgart,Werder Bremen,Konstantinos Mavropanos,2023-02-05 14:30:00,0,0,0,0,False,0,1,0.0
507670,65,0.0124981002882123,h,2022,VfB Stuttgart,Werder Bremen,Konstantinos Mavropanos,2023-02-05 14:30:00,0,0,0,0,False,0,1,0.024215800687670708
509509,40,0.018159400671720505,h,2022,VfB Stuttgart,FC Cologne,Konstantinos Mavropanos,2023-02-18 14:30:00,0,0,0,0,False,1,0,0.0
509522,66,0.023711999878287315,h,2022,VfB Stuttgart,FC Cologne,Konstantinos Mavropanos,2023-02-18 14:30:00,0,0,0,0,False,2,0,0.018159400671720505
510979,67,0.03303850069642067,a,2022,Schalke 04,VfB Stuttgart,Konstantinos Mavropanos,2023-02-25 17:30:00,0,0,0,0,False,1,2,0.0
510982,73,0.014425800181925297,a,2022,Schalke 04,VfB Stuttgart,Konstantinos Mavropanos,2023-02-25 17:30:00,0,0,0,0,False,1,2,0.03303850069642067
510983,81,0.07337290048599243,a,2022,Schalke 04,VfB Stuttgart,Konstantinos Mavropanos,2023-02-25 17:30:00,0,0,0,0,False,1,2,0.047464300878345966
512360,36,0.048208899796009064,h,2022,VfB Stuttgart,Bayern Munich,Konstantinos Mavropanos,2023-03-04 17:30:00,0,0,0,0,False,0,0,0.0
512359,36,0.07006940245628357,h,2022,VfB Stuttgart,Bayern Munich,Konstantinos Mavropanos,2023-03-04 17:30:00,0,0,0,0,False,0,0,0.048208899796009064
513374,33,0.08670389652252197,a,2022,Eintracht Frankfurt,VfB Stuttgart,Konstantinos Mavropanos,2023-03-11 14:30:00,0,0,0,0,False,0,0,0.0
513378,50,0.027127400040626526,a,2022,Eintracht Frankfurt,VfB Stuttgart,Konstantinos Mavropanos,2023-03-11 14:30:00,0,0,0,0,False,0,0,0.08670389652252197
516265,79,0.007095340173691511,a,2022,Union Berlin,VfB Stuttgart,Konstantinos Mavropanos,2023-04-01 13:30:00,0,0,0,0,False,0,2,0.0
516268,83,0.061878498643636703,a,2022,Union Berlin,VfB Stuttgart,Konstantinos Mavropanos,2023-04-01 13:30:00,0,0,0,0,False,0,2,0.007095340173691511
516266,83,0.04900389909744263,a,2022,Union Berlin,VfB Stuttgart,Konstantinos Mavropanos,2023-04-01 13:30:00,0,0,0,0,False,0,2,0.06897383881732821
518793,50,0.044191598892211914,a,2022,Bochum,VfB Stuttgart,Konstantinos Mavropanos,2023-04-09 15:30:00,0,0,0,0,False,1,0,0.0
518804,74,0.058406099677085876,a,2022,Bochum,VfB Stuttgart,Konstantinos Mavropanos,2023-04-09 15:30:00,0,0,0,0,False,3,1,0.044191598892211914
519317,22,0.023071300238370895,h,2022,VfB Stuttgart,Borussia Dortmund,Konstantinos Mavropanos,2023-04-15 13:30:00,0,0,0,0,False,0,0,0.0
522712,39,0.0326111726462841,h,2022,VfB Stuttgart,Borussia M.Gladbach,Konstantinos Mavropanos,2023-04-29 13:30:00,0,0,0,0,False,1,0,0.0
528992,69,0.011921695433557034,h,2022,VfB Stuttgart,Hoffenheim,Konstantinos Mavropanos,2023-05-27 13:30:00,0,0,0,0,False,0,0,0.0
528994,72,0.016538318246603012,h,2022,VfB Stuttgart,Hoffenheim,Konstantinos Mavropanos,2023-05-27 13:30:00,0,0,0,0,False,0,0,0.011921695433557034
529003,90,0.024252576753497124,h,2022,VfB Stuttgart,Hoffenheim,Konstantinos Mavropanos,2023-05-27 13:30:00,0,0,0,0,False,1,1,0.028460013680160046
481730,48,0.19963900744915009,h,2022,VfB Stuttgart,Freiburg,Borna Sosa,2022-08-20 13:30:00,0,0,0,0,False,0,1,0.0
487388,13,0.04453819990158081,a,2022,Bayern Munich,VfB Stuttgart,Borna Sosa,2022-09-10 13:30:00,0,0,0,0,False,0,0,0.0
488691,89,0.011465099640190601,h,2022,VfB Stuttgart,Eintracht Frankfurt,Borna Sosa,2022-09-17 13:30:00,0,0,0,0,False,1,3,0.0
488694,94,0.046351898461580276,h,2022,VfB Stuttgart,Eintracht Frankfurt,Borna Sosa,2022-09-17 13:30:00,0,0,0,0,False,1,3,0.011465099640190601
492980,44,0.0364936999976635,h,2022,VfB Stuttgart,Bochum,Borna Sosa,2022-10-15 13:30:00,0,0,0,0,False,2,1,0.0
492982,46,0.05583310127258301,h,2022,VfB Stuttgart,Bochum,Borna Sosa,2022-10-15 13:30:00,0,0,0,0,False,2,1,0.0364936999976635
495003,49,0.031683698296546936,a,2022,Borussia Dortmund,VfB Stuttgart,Borna Sosa,2022-10-22 13:30:00,0,0,0,0,False,0,3,0.0
499208,55,0.04783070087432861,h,2022,VfB Stuttgart,Hertha Berlin,Borna Sosa,2022-11-08 19:30:00,0,0,0,0,False,1,1,0.0
508360,92,0.140748992562294,a,2022,Freiburg,VfB Stuttgart,Borna Sosa,2023-02-11 14:30:00,0,0,0,0,False,1,2,0.0
509516,58,0.0721006989479065,h,2022,VfB Stuttgart,FC Cologne,Borna Sosa,2023-02-18 14:30:00,0,0,0,0,True,1,0,0.0
510973,49,0.02466450072824955,a,2022,Schalke 04,VfB Stuttgart,Borna Sosa,2023-02-25 17:30:00,0,0,1,0,False,0,2,0.0
510975,62,0.014126500114798546,a,2022,Schalke 04,VfB Stuttgart,Borna Sosa,2023-02-25 17:30:00,0,0,0,0,True,0,2,0.02466450072824955
518787,23,0.06032479926943779,a,2022,Bochum,VfB Stuttgart,Borna Sosa,2023-04-09 15:30:00,0,0,0,0,False,1,0,0.0
520471,30,0.11695211380720139,a,2022,Augsburg,VfB Stuttgart,Borna Sosa,2023-04-21 18:30:00,0,0,0,0,False,0,1,0.0
529000,83,0.1412665843963623,h,2022,VfB Stuttgart,Hoffenheim,Borna Sosa,2023-05-27 13:30:00,0,0,0,0,False,1,1,0.0
482511,24,0.30476099252700806,a,2022,Bochum,Bayern Munich,Matthijs de Ligt,2022-08-21 15:30:00,0,0,0,0,True,1,0,0.0
483925,90,0.0743647962808609,h,2022,Bayern Munich,Borussia M.Gladbach,Matthijs de Ligt,2022-08-27 16:30:00,0,0,0,0,False,1,1,0.0
483928,95,0.03118949942290783,h,2022,Bayern Munich,Borussia M.Gladbach,Matthijs de Ligt,2022-08-27 16:30:00,0,0,0,0,False,1,1,0.0743647962808609
489733,54,0.01568010076880455,h,2022,Bayern Munich,Bayer Leverkusen,Matthijs de Ligt,2022-09-30 18:30:00,0,0,0,0,False,3,0,0.0
500313,79,0.05446330085396767,a,2022,Schalke 04,Bayern Munich,Matthijs de Ligt,2022-11-12 17:30:00,0,0,0,0,False,2,0,0.0
504384,86,0.00809761043637991,a,2022,RasenBallsport Leipzig,Bayern Munich,Matthijs de Ligt,2023-01-20 19:30:00,0,0,0,0,False,1,1,0.0
505395,47,0.014581100083887577,h,2022,Bayern Munich,FC Cologne,Matthijs de Ligt,2023-01-24 19:30:00,0,0,0,0,False,0,1,0.0
505934,29,0.04001599922776222,h,2022,Bayern Munich,Eintracht Frankfurt,Matthijs de Ligt,2023-01-28 17:30:00,0,0,0,0,False,0,0,0.0
508315,43,0.052242398262023926,h,2022,Bayern Munich,Bochum,Matthijs de Ligt,2023-02-11 14:30:00,0,0,0,0,False,1,0,0.0
511460,59,0.07461100071668625,h,2022,Bayern Munich,Union Berlin,Matthijs de Ligt,2023-02-26 16:30:00,0,0,0,0,False,3,0,0.0
512362,38,0.01485390029847622,a,2022,VfB Stuttgart,Bayern Munich,Matthijs de Ligt,2023-03-04 17:30:00,0,0,0,0,True,0,0,0.0
513436,17,0.12833400070667267,h,2022,Bayern Munich,Augsburg,Matthijs de Ligt,2023-03-11 14:30:00,0,0,0,0,False,1,1,0.0
513442,34,0.02380960062146187,h,2022,Bayern Munich,Augsburg,Matthijs de Ligt,2023-03-11 14:30:00,0,0,0,0,False,2,1,0.12833400070667267
513448,48,0.01741649955511093,h,2022,Bayern Munich,Augsburg,Matthijs de Ligt,2023-03-11 14:30:00,0,0,0,0,False,4,1,0.15214360132813454
515765,94,0.05005799978971481,a,2022,Bayer Leverkusen,Bayern Munich,Matthijs de Ligt,2023-03-19 16:30:00,0,0,0,0,False,1,2,0.0
516604,17,0.02440599910914898,h,2022,Bayern Munich,Borussia Dortmund,Matthijs de Ligt,2023-04-01 16:30:00,0,0,0,0,False,0,0,0.0
517912,50,0.014236300252377987,a,2022,Freiburg,Bayern Munich,Matthijs de Ligt,2023-04-08 13:30:00,0,0,0,0,True,0,0,0.0
520713,51,0.09306329488754272,a,2022,Mainz 05,Bayern Munich,Matthijs de Ligt,2023-04-22 13:30:00,0,0,0,0,False,1,0,0.0
523320,47,0.03374989703297615,h,2022,Bayern Munich,Hertha Berlin,Matthijs de Ligt,2023-04-30 13:30:00,0,0,0,0,False,0,0,0.0
523321,49,0.033602871000766754,h,2022,Bayern Munich,Hertha Berlin,Matthijs de Ligt,2023-04-30 13:30:00,0,0,0,0,False,0,0,0.03374989703297615
523323,55,0.06441537290811539,h,2022,Bayern Munich,Hertha Berlin,Matthijs de Ligt,2023-04-30 13:30:00,0,0,0,0,False,0,0,0.0673527680337429
525909,14,0.08920873701572418,h,2022,Bayern Munich,Schalke 04,Matthijs de Ligt,2023-05-13 13:30:00,0,0,0,0,False,0,0,0.0
527690,92,0.01441725343465805,h,2022,Bayern Munich,RasenBallsport Leipzig,Matthijs de Ligt,2023-05-20 16:30:00,0,0,0,0,False,1,3,0.0
529041,68,0.03361877053976059,a,2022,FC Cologne,Bayern Munich,Matthijs de Ligt,2023-05-27 13:30:00,0,0,0,0,False,1,0,0.0
480191,63,0.018295500427484512,h,2022,Hertha Berlin,Eintracht Frankfurt,Marc-Oliver Kempf,2022-08-13 13:30:00,0,0,0,0,False,1,1,0.0
483467,3,0.023841099813580513,h,2022,Hertha Berlin,Borussia Dortmund,Marc-Oliver Kempf,2022-08-27 13:30:00,0,0,0,0,False,0,0,0.0
483481,62,0.044497400522232056,h,2022,Hertha Berlin,Borussia Dortmund,Marc-Oliver Kempf,2022-08-27 13:30:00,0,0,0,0,False,0,1,0.023841099813580513
486580,18,0.3774450123310089,a,2022,Augsburg,Hertha Berlin,Marc-Oliver Kempf,2022-09-04 13:30:00,0,0,0,0,False,0,0,0.0
490847,67,0.027470199391245842,h,2022,Hertha Berlin,Hoffenheim,Marc-Oliver Kempf,2022-10-02 13:30:00,0,0,0,0,False,1,1,0.0
500013,80,0.43205198645591736,h,2022,Hertha Berlin,FC Cologne,Marc-Oliver Kempf,2022-11-12 14:30:00,0,0,0,0,False,2,0,0.0
505711,82,0.04543450102210045,h,2022,Hertha Berlin,Union Berlin,Marc-Oliver Kempf,2023-01-28 14:30:00,0,0,0,0,False,0,2,0.0
507056,83,0.019986800849437714,a,2022,Eintracht Frankfurt,Hertha Berlin,Marc-Oliver Kempf,2023-02-04 14:30:00,0,0,0,0,False,0,2,0.0
508960,36,0.08047910034656525,h,2022,Hertha Berlin,Borussia M.Gladbach,Marc-Oliver Kempf,2023-02-12 14:30:00,0,0,0,0,False,1,1,0.0
508963,39,0.013449099846184254,h,2022,Hertha Berlin,Borussia M.Gladbach,Marc-Oliver Kempf,2023-02-12 14:30:00,0,0,0,0,False,1,1,0.08047910034656525
508965,43,0.07962709665298462,h,2022,Hertha Berlin,Borussia M.Gladbach,Marc-Oliver Kempf,2023-02-12 14:30:00,0,0,0,0,False,1,1,0.0939282001927495
513401,47,0.007190510164946318,h,2022,Hertha Berlin,Mainz 05,Marc-Oliver Kempf,2023-03-11 14:30:00,0,0,0,0,False,1,0,0.0
513405,68,0.3749699890613556,h,2022,Hertha Berlin,Mainz 05,Marc-Oliver Kempf,2023-03-11 14:30:00,0,0,0,0,False,1,1,0.007190510164946318
518310,49,0.029730699956417084,h,2022,Hertha Berlin,RasenBallsport Leipzig,Marc-Oliver Kempf,2023-04-08 16:30:00,0,0,0,0,False,0,1,0.0
519043,36,0.007250729948282242,a,2022,Schalke 04,Hertha Berlin,Marc-Oliver Kempf,2023-04-14 18:30:00,0,0,0,0,False,0,2,0.0
524539,28,0.36945363879203796,h,2022,Hertha Berlin,VfB Stuttgart,Marc-Oliver Kempf,2023-05-06 13:30:00,0,0,0,0,True,0,0,0.0
524541,33,0.40150460600852966,h,2022,Hertha Berlin,VfB Stuttgart,Marc-Oliver Kempf,2023-05-06 13:30:00,1,0,0,0,False,1,0,0.36945363879203796
479768,71,0.4145199954509735,a,2022,VfB Stuttgart,RasenBallsport Leipzig,Willi Orban,2022-08-07 13:30:00,0,0,0,0,False,1,1,0.0
482055,25,0.04171169921755791,a,2022,Union Berlin,RasenBallsport Leipzig,Willi Orban,2022-08-20 16:30:00,0,0,1,0,False,0,0,0.0
482072,82,0.056262001395225525,a,2022,Union Berlin,RasenBallsport Leipzig,Willi Orban,2022-08-20 16:30:00,0,0,0,0,True,0,2,0.04171169921755791
483576,69,0.07677719742059708,h,2022,RasenBallsport Leipzig,Wolfsburg,Willi Orban,2022-08-27 13:30:00,0,0,0,0,False,1,0,0.0
486185,47,0.027475599199533463,a,2022,Eintracht Frankfurt,RasenBallsport Leipzig,Willi Orban,2022-09-03 16:30:00,0,0,0,0,False,0,2,0.0
486186,48,0.0391107015311718,a,2022,Eintracht Frankfurt,RasenBallsport Leipzig,Willi Orban,2022-09-03 16:30:00,0,0,0,0,False,0,2,0.027475599199533463
487415,5,0.041552700102329254,h,2022,RasenBallsport Leipzig,Borussia Dortmund,Willi Orban,2022-09-10 13:30:00,0,0,0,0,True,0,0,0.0
490064,70,0.015546100214123726,h,2022,RasenBallsport Leipzig,Bochum,Willi Orban,2022-10-01 13:30:00,0,0,0,0,False,3,0,0.0
493228,44,0.9330909848213196,h,2022,RasenBallsport Leipzig,Hertha Berlin,Willi Orban,2022-10-15 16:30:00,0,0,0,0,True,2,0,0.0
494845,27,0.05519859865307808,a,2022,Augsburg,RasenBallsport Leipzig,Willi Orban,2022-10-22 13:30:00,0,0,0,0,False,0,0,0.0
494852,56,0.4685109853744507,a,2022,Augsburg,RasenBallsport Leipzig,Willi Orban,2022-10-22 13:30:00,0,0,0,0,False,0,2,0.05519859865307808
494862,85,0.041400499641895294,a,2022,Augsburg,RasenBallsport Leipzig,Willi Orban,2022-10-22 13:30:00,0,0,0,0,False,1,3,0.5237095840275288
497982,41,0.052228398621082306,a,2022,Hoffenheim,RasenBallsport Leipzig,Willi Orban,2022-11-05 14:30:00,0,0,0,0,False,1,0,0.0
499498,41,0.09240909665822983,h,2022,RasenBallsport Leipzig,Freiburg,Willi Orban,2022-11-09 19:30:00,0,0,0,0,False,0,0,0.0
499978,47,0.04449459910392761,a,2022,Werder Bremen,RasenBallsport Leipzig,Willi Orban,2022-11-12 14:30:00,0,0,0,0,False,1,0,0.0
505309,21,0.0522025004029274,a,2022,Schalke 04,RasenBallsport Leipzig,Willi Orban,2023-01-24 17:30:00,0,0,0,0,False,2,0,0.0
505317,48,0.050155699253082275,a,2022,Schalke 04,RasenBallsport Leipzig,Willi Orban,2023-01-24 17:30:00,0,0,0,0,False,4,0,0.0522025004029274
509537,46,0.26725998520851135,a,2022,Wolfsburg,RasenBallsport Leipzig,Willi Orban,2023-02-18 14:30:00,0,0,0,0,False,1,0,0.0
511772,34,0.011920800432562828,a,2022,Borussia Dortmund,RasenBallsport Leipzig,Willi Orban,2023-03-03 19:30:00,0,0,0,0,False,0,1,0.0
514907,90,0.019061600789427757,a,2022,Bochum,RasenBallsport Leipzig,Willi Orban,2023-03-18 14:30:00,0,0,0,0,False,0,1,0.0
514909,90,0.06068579852581024,a,2022,Bochum,RasenBallsport Leipzig,Willi Orban,2023-03-18 14:30:00,0,0,0,0,False,0,1,0.019061600789427757
519271,48,0.02011279948055744,h,2022,RasenBallsport Leipzig,Augsburg,Willi Orban,2023-04-15 13:30:00,0,0,0,0,False,3,1,0.0
521645,65,0.020949676632881165,a,2022,Bayer Leverkusen,RasenBallsport Leipzig,Willi Orban,2023-04-23 15:30:00,0,0,0,0,False,0,1,0.0
526701,8,0.020273007452487946,h,2022,RasenBallsport Leipzig,Werder Bremen,Willi Orban,2023-05-14 15:30:00,0,0,1,0,False,0,0,0.0
526718,77,0.046340733766555786,h,2022,RasenBallsport Leipzig,Werder Bremen,Willi Orban,2023-05-14 15:30:00,0,0,1,0,False,0,1,0.020273007452487946
526721,86,0.10667353123426437,h,2022,RasenBallsport Leipzig,Werder Bremen,Willi Orban,2023-05-14 15:30:00,0,0,0,0,True,0,1,0.06661374121904373
528921,38,0.016553165391087532,h,2022,RasenBallsport Leipzig,Schalke 04,Willi Orban,2023-05-27 13:30:00,0,0,0,0,False,2,1,0.0
528925,48,0,h,2022,RasenBallsport Leipzig,Schalke 04,Willi Orban,2023-05-27 13:30:00,0,0,0,0,False,2,1,0.016553165391087532
487447,51,0.0722901001572609,h,2022,Hoffenheim,Mainz 05,Pavel Kaderábek,2022-09-10 13:30:00,0,0,1,0,False,0,0,0.0
487463,91,0.44497498869895935,h,2022,Hoffenheim,Mainz 05,Pavel Kaderábek,2022-09-10 13:30:00,0,0,0,0,True,3,1,0.0722901001572609
505379,91,0.43783000111579895,h,2022,Hoffenheim,VfB Stuttgart,Pavel Kaderábek,2023-01-24 19:30:00,0,0,0,0,False,1,2,0.0
505723,43,0.25181999802589417,h,2022,Hoffenheim,Borussia M.Gladbach,Pavel Kaderábek,2023-01-28 14:30:00,0,0,0,0,False,0,2,0.0
514914,7,0.10443300008773804,h,2022,Hoffenheim,Hertha Berlin,Pavel Kaderábek,2023-03-18 14:30:00,0,0,0,0,False,0,0,0.0
514921,31,0.03958659991621971,h,2022,Hoffenheim,Hertha Berlin,Pavel Kaderábek,2023-03-18 14:30:00,0,0,0,0,False,1,0,0.10443300008773804
519366,54,0.0645831972360611,a,2022,Bayern Munich,Hoffenheim,Pavel Kaderábek,2023-04-15 13:30:00,0,0,0,0,False,0,1,0.0
519371,67,0.12380900233983994,a,2022,Bayern Munich,Hoffenheim,Pavel Kaderábek,2023-04-15 13:30:00,0,0,0,0,False,0,1,0.0645831972360611
485835,90,0.03467319905757904,a,2022,Union Berlin,Bayern Munich,Leon Goretzka,2022-09-03 13:30:00,0,0,0,0,False,1,1,0.0
487399,54,0.14187000691890717,h,2022,Bayern Munich,VfB Stuttgart,Leon Goretzka,2022-09-10 13:30:00,0,0,0,0,False,1,0,0.0
487405,66,0.03883890062570572,h,2022,Bayern Munich,VfB Stuttgart,Leon Goretzka,2022-09-10 13:30:00,0,0,0,0,False,2,1,0.14187000691890717
488623,36,0.04039650037884712,a,2022,Augsburg,Bayern Munich,Leon Goretzka,2022-09-17 13:30:00,0,0,0,0,False,0,0,0.0
488626,41,0.018058400601148605,a,2022,Augsburg,Bayern Munich,Leon Goretzka,2022-09-17 13:30:00,0,0,0,0,False,0,0,0.04039650037884712
488628,42,0.03847670182585716,a,2022,Augsburg,Bayern Munich,Leon Goretzka,2022-09-17 13:30:00,0,0,0,0,False,0,0,0.05845490097999573
488629,46,0.07982370257377625,a,2022,Augsburg,Bayern Munich,Leon Goretzka,2022-09-17 13:30:00,0,0,0,0,False,0,0,0.09693160280585289
488630,53,0.021664099767804146,a,2022,Augsburg,Bayern Munich,Leon Goretzka,2022-09-17 13:30:00,0,0,0,0,False,0,0,0.17675530537962914
489742,89,0.08193860203027725,h,2022,Bayern Munich,Bayer Leverkusen,Leon Goretzka,2022-09-30 18:30:00,0,0,0,0,False,4,0,0.0
491747,32,0.027136700227856636,a,2022,Borussia Dortmund,Bayern Munich,Leon Goretzka,2022-10-08 16:30:00,0,0,0,0,True,0,0,0.0
491757,73,0.023907899856567383,a,2022,Borussia Dortmund,Bayern Munich,Leon Goretzka,2022-10-08 16:30:00,1,0,0,0,False,2,0,0.027136700227856636
494875,16,0.08978839963674545,a,2022,Hoffenheim,Bayern Munich,Leon Goretzka,2022-10-22 13:30:00,0,0,0,0,False,0,0,0.0
494877,19,0.4762510061264038,a,2022,Hoffenheim,Bayern Munich,Leon Goretzka,2022-10-22 13:30:00,0,0,0,0,False,1,0,0.08978839963674545
496432,53,0.021030299365520477,h,2022,Bayern Munich,Mainz 05,Leon Goretzka,2022-10-29 13:30:00,0,0,1,0,False,3,1,0.0
496435,57,0.3970550000667572,h,2022,Bayern Munich,Mainz 05,Leon Goretzka,2022-10-29 13:30:00,0,0,0,0,True,3,1,0.021030299365520477
497925,36,0.05035620182752609,a,2022,Hertha Berlin,Bayern Munich,Leon Goretzka,2022-11-05 14:30:00,0,0,0,0,False,1,0,0.0
497933,54,0.08648700267076492,a,2022,Hertha Berlin,Bayern Munich,Leon Goretzka,2022-11-05 14:30:00,0,0,0,0,False,3,2,0.05035620182752609
499170,21,0.0530472993850708,h,2022,Bayern Munich,Werder Bremen,Leon Goretzka,2022-11-08 19:30:00,0,0,1,0,False,1,1,0.0
499172,25,0.8848239779472351,h,2022,Bayern Munich,Werder Bremen,Leon Goretzka,2022-11-08 19:30:00,0,0,0,0,True,2,1,0.0530472993850708
499177,44,0.09358949959278107,h,2022,Bayern Munich,Werder Bremen,Leon Goretzka,2022-11-08 19:30:00,1,0,0,0,False,4,1,0.9378712773323059
499179,48,0.02385599911212921,h,2022,Bayern Munich,Werder Bremen,Leon Goretzka,2022-11-08 19:30:00,1,0,0,0,False,4,1,1.031460776925087
500295,24,0.01580039970576763,a,2022,Schalke 04,Bayern Munich,Leon Goretzka,2022-11-12 17:30:00,0,0,0,0,False,0,0,0.0
505386,27,0.05453680083155632,h,2022,Bayern Munich,FC Cologne,Leon Goretzka,2023-01-24 19:30:00,0,0,0,0,False,0,1,0.0
505389,40,0.04512820020318031,h,2022,Bayern Munich,FC Cologne,Leon Goretzka,2023-01-24 19:30:00,0,0,0,0,False,0,1,0.05453680083155632
505388,40,0.134226992726326,h,2022,Bayern Munich,FC Cologne,Leon Goretzka,2023-01-24 19:30:00,0,0,0,0,False,0,1,0.09966500103473663
505393,43,0.031622398644685745,h,2022,Bayern Munich,FC Cologne,Leon Goretzka,2023-01-24 19:30:00,0,0,0,0,False,0,1,0.23389199376106262
508313,38,0.1121010035276413,h,2022,Bayern Munich,Bochum,Leon Goretzka,2023-02-11 14:30:00,0,0,0,0,False,0,0,0.0
508316,43,0.49466899037361145,h,2022,Bayern Munich,Bochum,Leon Goretzka,2023-02-11 14:30:00,0,0,0,0,False,1,0,0.1121010035276413
509596,47,0.07798880338668823,a,2022,Borussia M.Gladbach,Bayern Munich,Leon Goretzka,2023-02-18 14:30:00,0,0,0,0,False,1,1,0.0
511459,57,0.04381810128688812,h,2022,Bayern Munich,Union Berlin,Leon Goretzka,2023-02-26 16:30:00,0,0,0,0,False,3,0,0.0
511462,61,0.02835790067911148,h,2022,Bayern Munich,Union Berlin,Leon Goretzka,2023-02-26 16:30:00,0,0,0,0,False,3,0,0.04381810128688812
511466,75,0.05452520027756691,h,2022,Bayern Munich,Union Berlin,Leon Goretzka,2023-02-26 16:30:00,0,0,0,0,False,3,0,0.0721760019659996
512355,17,0.05701820179820061,a,2022,VfB Stuttgart,Bayern Munich,Leon Goretzka,2023-03-04 17:30:00,0,0,0,0,False,0,0,0.0
512356,20,0.4776270091533661,a,2022,VfB Stuttgart,Bayern Munich,Leon Goretzka,2023-03-04 17:30:00,0,0,0,0,False,0,0,0.05701820179820061
515755,61,0.26406198740005493,a,2022,Bayer Leverkusen,Bayern Munich,Leon Goretzka,2023-03-19 16:30:00,0,0,0,0,False,1,1,0.0
516603,16,0.05856430158019066,h,2022,Bayern Munich,Borussia Dortmund,Leon Goretzka,2023-04-01 16:30:00,0,0,0,0,False,0,0,0.0
516602,16,0.04428980126976967,h,2022,Bayern Munich,Borussia Dortmund,Leon Goretzka,2023-04-01 16:30:00,0,0,0,0,False,0,0,0.05856430158019066
520724,92,0.041524261236190796,a,2022,Mainz 05,Bayern Munich,Leon Goretzka,2023-04-22 13:30:00,0,0,0,0,False,1,3,0.0
523317,44,0.02441280148923397,h,2022,Bayern Munich,Hertha Berlin,Leon Goretzka,2023-04-30 13:30:00,0,0,0,0,False,0,0,0.0
527663,16,0.09649806469678879,h,2022,Bayern Munich,RasenBallsport Leipzig,Leon Goretzka,2023-05-20 16:30:00,0,0,0,0,False,0,0,0.0
492609,90,0.0829337015748024,h,2022,Hertha Berlin,Freiburg,Agustín Rogel,2022-10-09 15:30:00,0,0,0,0,False,2,2,0.0
493231,54,0.6150680184364319,a,2022,RasenBallsport Leipzig,Hertha Berlin,Agustín Rogel,2022-10-15 16:30:00,0,0,0,0,False,0,3,0.0
504539,54,0.0463997982442379,a,2022,Bochum,Hertha Berlin,Agustín Rogel,2023-01-21 14:30:00,0,0,0,0,False,0,2,0.0
510712,57,0.014239300042390823,h,2022,Hertha Berlin,Augsburg,Agustín Rogel,2023-02-25 14:30:00,0,0,0,0,False,0,0,0.0
512764,75,0.07703819870948792,a,2022,Bayer Leverkusen,Hertha Berlin,Agustín Rogel,2023-03-05 14:30:00,0,0,0,0,False,1,4,0.0
480301,81,0.05190879851579666,a,2022,Bayer Leverkusen,Augsburg,André Hahn,2022-08-13 13:30:00,0,0,0,0,True,1,1,0.0
486597,78,0.009790590032935143,h,2022,Augsburg,Hertha Berlin,André Hahn,2022-09-04 13:30:00,0,0,0,0,False,0,1,0.0
487237,70,0.02090669982135296,a,2022,Werder Bremen,Augsburg,André Hahn,2022-09-09 18:30:00,0,0,0,0,False,1,0,0.0
487241,77,0.04402390122413635,a,2022,Werder Bremen,Augsburg,André Hahn,2022-09-09 18:30:00,0,0,0,0,False,1,0,0.02090669982135296
488612,1,0.027519499883055687,h,2022,Augsburg,Bayern Munich,André Hahn,2022-09-17 13:30:00,0,0,0,0,False,0,0,0.0
490903,52,0.055008698254823685,a,2022,Schalke 04,Augsburg,André Hahn,2022-10-02 15:30:00,0,0,1,0,False,2,1,0.0
490912,76,0.09545470029115677,a,2022,Schalke 04,Augsburg,André Hahn,2022-10-02 15:30:00,0,0,0,0,True,2,2,0.055008698254823685
479422,49,0.046880900859832764,h,2022,Borussia Dortmund,Bayer Leverkusen,Raphael Guerreiro,2022-08-06 16:30:00,0,0,0,0,False,1,0,0.0
480057,65,0.03428829833865166,a,2022,Freiburg,Borussia Dortmund,Raphael Guerreiro,2022-08-12 18:30:00,0,0,0,0,False,0,1,0.0
481713,76,0.018221000209450722,h,2022,Borussia Dortmund,Werder Bremen,Raphael Guerreiro,2022-08-20 13:30:00,0,0,0,0,True,1,0,0.0
483470,19,0.05845160037279129,a,2022,Hertha Berlin,Borussia Dortmund,Raphael Guerreiro,2022-08-27 13:30:00,0,0,0,0,False,0,0,0.0
483491,77,0.09255039691925049,a,2022,Hertha Berlin,Borussia Dortmund,Raphael Guerreiro,2022-08-27 13:30:00,0,0,0,0,False,1,0,0.05845160037279129
489917,11,0.013387800194323063,a,2022,FC Cologne,Borussia Dortmund,Raphael Guerreiro,2022-10-01 13:30:00,0,0,0,0,False,0,0,0.0
491746,29,0.022364400327205658,h,2022,Borussia Dortmund,Bayern Munich,Raphael Guerreiro,2022-10-08 16:30:00,0,0,0,0,False,0,0,0.0
491751,47,0.021793799474835396,h,2022,Borussia Dortmund,Bayern Munich,Raphael Guerreiro,2022-10-08 16:30:00,0,0,0,0,False,0,1,0.022364400327205658
495008,70,0.04517890140414238,h,2022,Borussia Dortmund,VfB Stuttgart,Raphael Guerreiro,2022-10-22 13:30:00,0,0,0,0,False,4,0,0.0
499013,54,0.05805080011487007,a,2022,Wolfsburg,Borussia Dortmund,Raphael Guerreiro,2022-11-08 17:30:00,0,0,0,0,False,0,1,0.0
499755,39,0.04904780164361,a,2022,Borussia M.Gladbach,Borussia Dortmund,Raphael Guerreiro,2022-11-11 19:30:00,0,0,0,0,False,1,3,0.0
505020,94,0.8256279826164246,h,2022,Borussia Dortmund,Augsburg,Raphael Guerreiro,2023-01-22 14:30:00,0,0,0,0,False,4,3,0.0
506971,13,0.04012859985232353,h,2022,Borussia Dortmund,Freiburg,Raphael Guerreiro,2023-02-04 14:30:00,0,0,0,0,False,0,0,0.0
508257,8,0.033263999968767166,a,2022,Werder Bremen,Borussia Dortmund,Raphael Guerreiro,2023-02-11 14:30:00,0,0,0,0,False,0,0,0.0
508283,95,0.020177699625492096,a,2022,Werder Bremen,Borussia Dortmund,Raphael Guerreiro,2023-02-11 14:30:00,0,0,0,0,False,2,0,0.033263999968767166
510733,37,0.045466601848602295,a,2022,Hoffenheim,Borussia Dortmund,Raphael Guerreiro,2023-02-25 14:30:00,0,0,0,0,False,0,0,0.0
510745,64,0.0661344975233078,a,2022,Hoffenheim,Borussia Dortmund,Raphael Guerreiro,2023-02-25 14:30:00,0,0,0,0,False,1,0,0.045466601848602295
510755,87,0.09867929667234421,a,2022,Hoffenheim,Borussia Dortmund,Raphael Guerreiro,2023-02-25 14:30:00,0,0,0,0,False,1,0,0.1116010993719101
513716,17,0.04261409863829613,a,2022,Schalke 04,Borussia Dortmund,Raphael Guerreiro,2023-03-11 17:30:00,0,0,1,0,False,0,0,0.0
513717,22,0.04292669892311096,a,2022,Schalke 04,Borussia Dortmund,Raphael Guerreiro,2023-03-11 17:30:00,0,0,1,0,False,0,0,0.04261409863829613
513728,59,0.04458620026707649,a,2022,Schalke 04,Borussia Dortmund,Raphael Guerreiro,2023-03-11 17:30:00,0,0,0,0,True,1,1,0.08554079756140709
513734,77,0.02712309919297695,a,2022,Schalke 04,Borussia Dortmund,Raphael Guerreiro,2023-03-11 17:30:00,1,0,0,0,False,2,1,0.13012699782848358
513736,80,0.06801480054855347,a,2022,Schalke 04,Borussia Dortmund,Raphael Guerreiro,2023-03-11 17:30:00,1,0,0,0,False,2,2,0.15725009702146053
515235,14,0.4208340048789978,h,2022,Borussia Dortmund,FC Cologne,Raphael Guerreiro,2023-03-18 17:30:00,0,0,0,0,True,0,0,0.0
517957,32,0.048962999135255814,h,2022,Borussia Dortmund,Union Berlin,Raphael Guerreiro,2023-04-08 13:30:00,0,0,0,0,False,1,0,0.0
519324,50,0.12440399825572968,a,2022,VfB Stuttgart,Borussia Dortmund,Raphael Guerreiro,2023-04-15 13:30:00,0,0,0,0,False,2,0,0.0
526235,93,0.10237254947423935,h,2022,Borussia Dortmund,Borussia M.Gladbach,Raphael Guerreiro,2023-05-13 16:30:00,0,0,0,0,False,4,2,0.0
528153,25,0.05037856474518776,a,2022,Augsburg,Borussia Dortmund,Raphael Guerreiro,2023-05-21 15:30:00,0,0,0,0,False,0,0,0.0
528159,40,0.11691988259553909,a,2022,Augsburg,Borussia Dortmund,Raphael Guerreiro,2023-05-21 15:30:00,0,0,0,0,False,0,0,0.05037856474518776
528163,51,0.09837346524000168,a,2022,Augsburg,Borussia Dortmund,Raphael Guerreiro,2023-05-21 15:30:00,0,0,0,0,False,0,0,0.16729844734072685
528880,31,0.029863782227039337,h,2022,Borussia Dortmund,Mainz 05,Raphael Guerreiro,2023-05-27 13:30:00,0,0,1,0,False,0,2,0.0
528884,42,0.03393248841166496,h,2022,Borussia Dortmund,Mainz 05,Raphael Guerreiro,2023-05-27 13:30:00,0,0,1,0,False,0,2,0.029863782227039337
528898,68,0.08655809611082077,h,2022,Borussia Dortmund,Mainz 05,Raphael Guerreiro,2023-05-27 13:30:00,0,0,0,0,True,0,2,0.0637962706387043
492476,13,0.08495549857616425,h,2022,VfB Stuttgart,Union Berlin,Dan-Axel Zagadou,2022-10-09 17:30:00,0,0,0,0,False,0,0,0.0
492990,70,0.07768639922142029,h,2022,VfB Stuttgart,Bochum,Dan-Axel Zagadou,2022-10-15 13:30:00,0,0,0,0,False,3,1,0.0
492995,88,0.0995405986905098,h,2022,VfB Stuttgart,Bochum,Dan-Axel Zagadou,2022-10-15 13:30:00,0,0,0,0,False,4,1,0.07768639922142029
496393,68,0.07145799696445465,h,2022,VfB Stuttgart,Augsburg,Dan-Axel Zagadou,2022-10-29 13:30:00,0,0,0,0,False,1,1,0.0
496400,78,0.015155499801039696,h,2022,VfB Stuttgart,Augsburg,Dan-Axel Zagadou,2022-10-29 13:30:00,0,0,0,0,False,1,1,0.07145799696445465
496401,79,0.0706745982170105,h,2022,VfB Stuttgart,Augsburg,Dan-Axel Zagadou,2022-10-29 13:30:00,0,0,0,0,False,1,1,0.08661349676549435
508355,74,0.036520399153232574,a,2022,Freiburg,VfB Stuttgart,Dan-Axel Zagadou,2023-02-11 14:30:00,0,0,0,0,False,1,1,0.0
510972,48,0.11906500160694122,a,2022,Schalke 04,VfB Stuttgart,Dan-Axel Zagadou,2023-02-25 17:30:00,0,0,0,0,False,0,2,0.0
510987,95,0.08307690173387527,a,2022,Schalke 04,VfB Stuttgart,Dan-Axel Zagadou,2023-02-25 17:30:00,0,0,0,0,False,1,2,0.11906500160694122
512364,43,0.014704800210893154,h,2022,VfB Stuttgart,Bayern Munich,Dan-Axel Zagadou,2023-03-04 17:30:00,0,0,0,0,False,0,1,0.0
516242,28,0.6214050054550171,a,2022,Union Berlin,VfB Stuttgart,Dan-Axel Zagadou,2023-04-01 13:30:00,0,0,0,0,False,0,0,0.0
516255,58,0.09258049726486206,a,2022,Union Berlin,VfB Stuttgart,Dan-Axel Zagadou,2023-04-01 13:30:00,0,0,0,0,False,0,1,0.6214050054550171
522703,16,0.015889538452029228,h,2022,VfB Stuttgart,Borussia M.Gladbach,Dan-Axel Zagadou,2023-04-29 13:30:00,0,0,0,0,False,0,0,0.0
522721,70,0.12730592489242554,h,2022,VfB Stuttgart,Borussia M.Gladbach,Dan-Axel Zagadou,2023-04-29 13:30:00,0,0,0,0,False,1,0,0.015889538452029228
485800,36,0.009482139721512794,a,2022,VfB Stuttgart,Schalke 04,Tom Krauß,2022-09-03 13:30:00,0,0,0,0,False,1,1,0.0
485808,77,0.04825419932603836,a,2022,VfB Stuttgart,Schalke 04,Tom Krauß,2022-09-03 13:30:00,0,0,0,0,False,1,1,0.009482139721512794
487610,18,0.017919499427080154,h,2022,Schalke 04,Bochum,Tom Krauß,2022-09-10 16:30:00,0,0,0,0,False,0,0,0.0
487624,69,0.04496470093727112,h,2022,Schalke 04,Bochum,Tom Krauß,2022-09-10 16:30:00,0,0,0,0,False,1,1,0.017919499427080154
490894,13,0.013356800191104412,h,2022,Schalke 04,Augsburg,Tom Krauß,2022-10-02 15:30:00,0,0,1,0,False,0,1,0.0
490897,17,0.029704099521040916,h,2022,Schalke 04,Augsburg,Tom Krauß,2022-10-02 15:30:00,0,0,1,0,False,0,1,0.013356800191104412
490905,54,0.0320529006421566,h,2022,Schalke 04,Augsburg,Tom Krauß,2022-10-02 15:30:00,0,0,1,0,False,1,2,0.04306089971214533
490909,62,0.286531001329422,h,2022,Schalke 04,Augsburg,Tom Krauß,2022-10-02 15:30:00,0,0,0,0,True,1,2,0.07511380035430193
490913,78,0.023785699158906937,h,2022,Schalke 04,Augsburg,Tom Krauß,2022-10-02 15:30:00,1,0,0,0,False,2,3,0.3616448016837239
492699,12,0.030703900381922722,h,2022,Schalke 04,Hoffenheim,Tom Krauß,2022-10-14 18:30:00,0,0,0,0,False,0,1,0.0
492702,20,0.04830880090594292,h,2022,Schalke 04,Hoffenheim,Tom Krauß,2022-10-14 18:30:00,0,0,0,0,False,0,1,0.030703900381922722
497419,76,0.3734009861946106,h,2022,Schalke 04,Freiburg,Tom Krauß,2022-10-30 16:30:00,0,0,0,0,False,0,2,0.0
499431,48,0.01843089982867241,h,2022,Schalke 04,Mainz 05,Tom Krauß,2022-11-09 19:30:00,0,0,0,0,False,1,0,0.0
506227,64,0.4843289852142334,h,2022,Schalke 04,FC Cologne,Tom Krauß,2023-01-29 14:30:00,0,0,0,0,False,0,0,0.0
507360,49,0.09365689754486084,a,2022,Borussia M.Gladbach,Schalke 04,Tom Krauß,2023-02-04 17:30:00,0,0,0,0,False,0,0,0.0
508093,17,0.043207600712776184,h,2022,Schalke 04,Wolfsburg,Tom Krauß,2023-02-10 19:30:00,0,0,0,0,False,0,0,0.0
508098,45,0.0114935003221035,h,2022,Schalke 04,Wolfsburg,Tom Krauß,2023-02-10 19:30:00,0,0,0,0,False,0,0,0.043207600712776184
510966,31,0.022307099774479866,h,2022,Schalke 04,VfB Stuttgart,Tom Krauß,2023-02-25 17:30:00,0,0,0,0,False,1,0,0.0
514861,14,0.11837700009346008,a,2022,Augsburg,Schalke 04,Tom Krauß,2023-03-18 14:30:00,0,0,0,0,False,0,0,0.0
516181,6,0.035165898501873016,h,2022,Schalke 04,Bayer Leverkusen,Tom Krauß,2023-04-01 13:30:00,0,0,0,0,False,0,0,0.0
522915,63,0.08543597906827927,h,2022,Schalke 04,Werder Bremen,Tom Krauß,2023-04-29 16:30:00,0,0,0,0,False,0,1,0.0
524401,3,0.01594472862780094,a,2022,Mainz 05,Schalke 04,Tom Krauß,2023-05-05 18:30:00,0,0,1,0,False,0,0,0.0
524415,59,0.0884949266910553,a,2022,Mainz 05,Schalke 04,Tom Krauß,2023-05-05 18:30:00,0,0,0,0,True,1,1,0.01594472862780094
524420,85,0.014265567995607853,a,2022,Mainz 05,Schalke 04,Tom Krauß,2023-05-05 18:30:00,1,0,0,0,False,2,2,0.10443965531885624
527347,33,0.029234062880277634,h,2022,Schalke 04,Eintracht Frankfurt,Tom Krauß,2023-05-20 13:30:00,0,0,0,0,False,1,1,0.0
479420,41,0.02563760057091713,h,2022,Borussia Dortmund,Bayer Leverkusen,Jude Bellingham,2022-08-06 16:30:00,0,0,0,0,False,1,0,0.0
479426,64,0.048851799219846725,h,2022,Borussia Dortmund,Bayer Leverkusen,Jude Bellingham,2022-08-06 16:30:00,0,0,0,0,False,1,0,0.02563760057091713
479432,87,0.012256000190973282,h,2022,Borussia Dortmund,Bayer Leverkusen,Jude Bellingham,2022-08-06 16:30:00,0,0,0,0,False,1,0,0.07448939979076385
480041,11,0.10849100351333618,a,2022,Freiburg,Borussia Dortmund,Jude Bellingham,2022-08-12 18:30:00,0,0,0,0,False,0,0,0.0
480050,44,0.04239939898252487,a,2022,Freiburg,Borussia Dortmund,Jude Bellingham,2022-08-12 18:30:00,0,0,0,0,False,0,1,0.10849100351333618
481712,65,0.09414780139923096,h,2022,Borussia Dortmund,Werder Bremen,Jude Bellingham,2022-08-20 13:30:00,0,0,0,0,False,1,0,0.0
483471,19,0.02062089927494526,a,2022,Hertha Berlin,Borussia Dortmund,Jude Bellingham,2022-08-27 13:30:00,0,0,0,0,False,0,0,0.0
483486,71,0.4461750090122223,a,2022,Hertha Berlin,Borussia Dortmund,Jude Bellingham,2022-08-27 13:30:00,0,0,0,0,False,1,0,0.02062089927494526
483488,73,0.38317999243736267,a,2022,Hertha Berlin,Borussia Dortmund,Jude Bellingham,2022-08-27 13:30:00,0,0,0,0,False,1,0,0.46679590828716755
483489,75,0.11103899776935577,a,2022,Hertha Berlin,Borussia Dortmund,Jude Bellingham,2022-08-27 13:30:00,0,0,0,0,False,1,0,0.8499759007245302
483494,82,0.06596279889345169,a,2022,Hertha Berlin,Borussia Dortmund,Jude Bellingham,2022-08-27 13:30:00,0,0,0,0,False,1,0,0.961014898493886
485551,44,0.08068860322237015,h,2022,Borussia Dortmund,Hoffenheim,Jude Bellingham,2022-09-02 18:30:00,0,0,0,0,False,1,0,0.0
485563,67,0.050827398896217346,h,2022,Borussia Dortmund,Hoffenheim,Jude Bellingham,2022-09-02 18:30:00,0,0,0,0,False,1,0,0.08068860322237015
488735,32,0.39122098684310913,h,2022,Borussia Dortmund,Schalke 04,Jude Bellingham,2022-09-17 13:30:00,0,0,0,0,False,0,0,0.0
488739,49,0.09571059793233871,h,2022,Borussia Dortmund,Schalke 04,Jude Bellingham,2022-09-17 13:30:00,0,0,0,0,False,0,0,0.39122098684310913
488745,74,0.04137380048632622,h,2022,Borussia Dortmund,Schalke 04,Jude Bellingham,2022-09-17 13:30:00,0,0,0,0,False,0,0,0.48693158477544785
488750,90,0.03495839983224869,h,2022,Borussia Dortmund,Schalke 04,Jude Bellingham,2022-09-17 13:30:00,0,0,0,0,False,1,0,0.5283053852617741
489915,9,0.0594663992524147,a,2022,FC Cologne,Borussia Dortmund,Jude Bellingham,2022-10-01 13:30:00,0,0,0,0,False,0,0,0.0
489940,62,0.019544800743460655,a,2022,FC Cologne,Borussia Dortmund,Jude Bellingham,2022-10-01 13:30:00,0,0,0,0,False,1,2,0.0594663992524147
493812,16,0.12164600193500519,a,2022,Union Berlin,Borussia Dortmund,Jude Bellingham,2022-10-16 15:30:00,0,0,0,0,False,0,1,0.0
493825,74,0.012999399565160275,a,2022,Union Berlin,Borussia Dortmund,Jude Bellingham,2022-10-16 15:30:00,0,0,0,0,False,0,2,0.12164600193500519
494988,1,0.5035160183906555,h,2022,Borussia Dortmund,VfB Stuttgart,Jude Bellingham,2022-10-22 13:30:00,0,0,1,0,True,0,0,0.0
494993,20,0.11473099887371063,h,2022,Borussia Dortmund,VfB Stuttgart,Jude Bellingham,2022-10-22 13:30:00,1,0,1,0,False,2,0,0.5035160183906555
495004,52,0.06199539825320244,h,2022,Borussia Dortmund,VfB Stuttgart,Jude Bellingham,2022-10-22 13:30:00,1,0,0,0,True,3,0,0.6182470172643661
495007,68,0.05472169816493988,h,2022,Borussia Dortmund,VfB Stuttgart,Jude Bellingham,2022-10-22 13:30:00,1,0,0,0,False,4,0,0.6802424155175686
496729,10,0.06316190212965012,a,2022,Eintracht Frankfurt,Borussia Dortmund,Jude Bellingham,2022-10-29 16:30:00,0,0,1,0,False,0,0,0.0
496741,51,0.41166800260543823,a,2022,Eintracht Frankfurt,Borussia Dortmund,Jude Bellingham,2022-10-29 16:30:00,0,0,0,0,True,1,1,0.06316190212965012
498998,20,0.05167879909276962,a,2022,Wolfsburg,Borussia Dortmund,Jude Bellingham,2022-11-08 17:30:00,0,0,0,0,False,0,1,0.0
499029,95,0.018985699862241745,a,2022,Wolfsburg,Borussia Dortmund,Jude Bellingham,2022-11-08 17:30:00,0,0,0,0,False,0,2,0.05167879909276962
504989,28,0.039810098707675934,h,2022,Borussia Dortmund,Augsburg,Jude Bellingham,2023-01-22 14:30:00,0,0,0,0,True,0,0,0.0
505005,62,0.059363000094890594,h,2022,Borussia Dortmund,Augsburg,Jude Bellingham,2023-01-22 14:30:00,1,0,0,0,False,2,2,0.039810098707675934
506307,74,0.40825700759887695,a,2022,Bayer Leverkusen,Borussia Dortmund,Jude Bellingham,2023-01-29 16:30:00,0,0,0,0,False,1,0,0.0
506972,18,0.059920698404312134,h,2022,Borussia Dortmund,Freiburg,Jude Bellingham,2023-02-04 14:30:00,0,0,0,0,False,0,0,0.0
508268,49,0.45592498779296875,a,2022,Werder Bremen,Borussia Dortmund,Jude Bellingham,2023-02-11 14:30:00,0,0,0,0,False,0,0,0.0
508272,73,0.0726495012640953,a,2022,Werder Bremen,Borussia Dortmund,Jude Bellingham,2023-02-11 14:30:00,0,0,0,0,False,1,0,0.45592498779296875
508279,87,0.011189600452780724,a,2022,Werder Bremen,Borussia Dortmund,Jude Bellingham,2023-02-11 14:30:00,0,0,0,0,False,2,0,0.5285744890570641
508282,94,0.13433299958705902,a,2022,Werder Bremen,Borussia Dortmund,Jude Bellingham,2023-02-11 14:30:00,0,0,0,0,False,2,0,0.5397640895098448
510345,77,0.08686619997024536,h,2022,Borussia Dortmund,Hertha Berlin,Jude Bellingham,2023-02-19 16:30:00,0,0,0,0,False,3,1,0.0
510746,65,0.044199299067258835,a,2022,Hoffenheim,Borussia Dortmund,Jude Bellingham,2023-02-25 14:30:00,0,0,0,0,False,1,0,0.0
510752,75,0.1056779995560646,a,2022,Hoffenheim,Borussia Dortmund,Jude Bellingham,2023-02-25 14:30:00,0,0,0,0,False,1,0,0.044199299067258835
510757,92,0.0719033032655716,a,2022,Hoffenheim,Borussia Dortmund,Jude Bellingham,2023-02-25 14:30:00,0,0,0,0,False,1,0,0.14987729862332344
511788,90,0.10068699717521667,h,2022,Borussia Dortmund,RasenBallsport Leipzig,Jude Bellingham,2023-03-03 19:30:00,0,0,0,0,False,2,1,0.0
513723,40,0.029667099937796593,a,2022,Schalke 04,Borussia Dortmund,Jude Bellingham,2023-03-11 17:30:00,0,0,0,0,False,1,0,0.0
513727,55,0.02075519971549511,a,2022,Schalke 04,Borussia Dortmund,Jude Bellingham,2023-03-11 17:30:00,0,0,0,0,False,1,1,0.029667099937796593
516619,70,0.1070920005440712,a,2022,Bayern Munich,Borussia Dortmund,Jude Bellingham,2023-04-01 16:30:00,0,0,0,0,False,0,3,0.0
517955,13,0.006056739948689938,h,2022,Borussia Dortmund,Union Berlin,Jude Bellingham,2023-04-08 13:30:00,0,0,0,0,False,0,0,0.0
517963,47,0.01563199982047081,h,2022,Borussia Dortmund,Union Berlin,Jude Bellingham,2023-04-08 13:30:00,0,0,0,0,False,1,0,0.006056739948689938
519323,48,0.1100270003080368,a,2022,VfB Stuttgart,Borussia Dortmund,Jude Bellingham,2023-04-15 13:30:00,0,0,0,0,False,2,0,0.0
521040,18,0.09615366160869598,h,2022,Borussia Dortmund,Eintracht Frankfurt,Jude Bellingham,2023-04-22 16:30:00,0,0,0,0,True,0,0,0.0
521051,44,0.06390015780925751,h,2022,Borussia Dortmund,Eintracht Frankfurt,Jude Bellingham,2023-04-22 16:30:00,1,0,0,0,False,3,0,0.09615366160869598
521052,47,0.11633660644292831,h,2022,Borussia Dortmund,Eintracht Frankfurt,Jude Bellingham,2023-04-22 16:30:00,1,0,0,0,False,3,0,0.1600538194179535
522463,25,0.14473357796669006,a,2022,Bochum,Borussia Dortmund,Jude Bellingham,2023-04-28 18:30:00,0,0,0,0,False,1,1,0.0
522477,52,0.05471919849514961,a,2022,Bochum,Borussia Dortmund,Jude Bellingham,2023-04-28 18:30:00,0,0,0,0,False,1,1,0.14473357796669006
522484,76,0.0743609145283699,a,2022,Bochum,Borussia Dortmund,Jude Bellingham,2023-04-28 18:30:00,0,0,0,0,False,1,1,0.19945277646183968
522492,97,0.09167098253965378,a,2022,Bochum,Borussia Dortmund,Jude Bellingham,2023-04-28 18:30:00,0,0,0,0,False,1,1,0.2738136909902096
525171,7,0.46001097559928894,h,2022,Borussia Dortmund,Wolfsburg,Jude Bellingham,2023-05-07 15:30:00,0,0,1,0,False,0,0,0.0
525185,53,0.029040735214948654,h,2022,Borussia Dortmund,Wolfsburg,Jude Bellingham,2023-05-07 15:30:00,0,0,1,0,True,3,0,0.46001097559928894
525186,55,0.013662619516253471,h,2022,Borussia Dortmund,Wolfsburg,Jude Bellingham,2023-05-07 15:30:00,1,0,1,0,False,4,0,0.4890517108142376
525198,85,0.4709731340408325,h,2022,Borussia Dortmund,Wolfsburg,Jude Bellingham,2023-05-07 15:30:00,1,0,0,0,True,5,0,0.5027143303304911
526196,12,0.027853310108184814,h,2022,Borussia Dortmund,Borussia M.Gladbach,Jude Bellingham,2023-05-13 16:30:00,0,0,1,0,False,1,0,0.0
526198,17,0.75777667760849,h,2022,Borussia Dortmund,Borussia M.Gladbach,Jude Bellingham,2023-05-13 16:30:00,0,0,0,0,True,1,0,0.027853310108184814
526210,43,0.07495031505823135,h,2022,Borussia Dortmund,Borussia M.Gladbach,Jude Bellingham,2023-05-13 16:30:00,1,0,0,0,False,4,0,0.7856299877166748
526214,52,0.0691744014620781,h,2022,Borussia Dortmund,Borussia M.Gladbach,Jude Bellingham,2023-05-13 16:30:00,1,0,0,0,False,4,0,0.8605803027749062
526215,53,0.031086498871445656,h,2022,Borussia Dortmund,Borussia M.Gladbach,Jude Bellingham,2023-05-13 16:30:00,1,0,0,0,False,4,0,0.9297547042369843
526217,55,0.43996578454971313,h,2022,Borussia Dortmund,Borussia M.Gladbach,Jude Bellingham,2023-05-13 16:30:00,1,0,0,0,False,4,0,0.9608412031084299
488365,93,0.039615899324417114,h,2022,Mainz 05,Hertha Berlin,Anthony Caci,2022-09-16 18:30:00,0,0,0,0,True,0,1,0.0
500737,88,0.03322489932179451,h,2022,Mainz 05,Eintracht Frankfurt,Anthony Caci,2022-11-13 14:30:00,0,0,0,0,False,1,1,0.0
505759,0,0.05321729928255081,h,2022,Mainz 05,Bochum,Anthony Caci,2023-01-28 14:30:00,0,0,0,0,False,0,0,0.0
507018,89,0.040317099541425705,a,2022,Union Berlin,Mainz 05,Anthony Caci,2023-02-04 14:30:00,0,0,0,0,False,1,2,0.0
508245,58,0.0261330995708704,h,2022,Mainz 05,Augsburg,Anthony Caci,2023-02-11 14:30:00,0,0,0,0,False,3,1,0.0
510438,25,0.0734328031539917,a,2022,Bayer Leverkusen,Mainz 05,Anthony Caci,2023-02-19 18:30:00,0,0,0,0,True,0,0,0.0
512081,4,0.05973450094461441,h,2022,Mainz 05,Hoffenheim,Anthony Caci,2023-03-04 14:30:00,0,0,0,0,False,0,0,0.0
515837,1,0.04825809970498085,h,2022,Mainz 05,Freiburg,Anthony Caci,2023-03-19 18:30:00,0,0,0,0,False,0,0,0.0
516165,52,0.10170900076627731,a,2022,RasenBallsport Leipzig,Mainz 05,Anthony Caci,2023-04-01 13:30:00,0,0,0,0,False,1,0,0.0
505451,95,0.06577470153570175,h,2022,Mainz 05,Borussia Dortmund,Andreas Hanche-Olsen,2023-01-25 17:30:00,0,0,0,0,False,1,2,0.0
505776,51,0.04898339882493019,h,2022,Mainz 05,Bochum,Andreas Hanche-Olsen,2023-01-28 14:30:00,0,0,0,0,False,3,0,0.0
510446,49,0.03862379863858223,a,2022,Bayer Leverkusen,Mainz 05,Andreas Hanche-Olsen,2023-02-19 18:30:00,0,0,0,0,False,2,1,0.0
515844,39,0.015487699769437313,h,2022,Mainz 05,Freiburg,Andreas Hanche-Olsen,2023-03-19 18:30:00,0,0,0,0,False,0,0,0.0
516179,92,0.04507569968700409,a,2022,RasenBallsport Leipzig,Mainz 05,Andreas Hanche-Olsen,2023-04-01 13:30:00,0,0,0,0,False,3,0,0.0
524411,52,0.1214035153388977,h,2022,Mainz 05,Schalke 04,Andreas Hanche-Olsen,2023-05-05 18:30:00,0,0,0,0,False,0,1,0.0
528876,14,0.05453355610370636,a,2022,Borussia Dortmund,Mainz 05,Andreas Hanche-Olsen,2023-05-27 13:30:00,0,0,0,0,True,0,0,0.0
479862,1,0.02441509999334812,a,2022,FC Cologne,Schalke 04,Rodrigo Zalazar,2022-08-07 15:30:00,0,0,0,0,False,0,0,0.0
480565,8,0.01858929917216301,h,2022,Schalke 04,Borussia M.Gladbach,Rodrigo Zalazar,2022-08-13 16:30:00,0,0,1,0,False,0,0,0.0
480572,28,0.032841600477695465,h,2022,Schalke 04,Borussia M.Gladbach,Rodrigo Zalazar,2022-08-13 16:30:00,0,0,0,0,True,0,0,0.01858929917216301
480577,46,0.05365249887108803,h,2022,Schalke 04,Borussia M.Gladbach,Rodrigo Zalazar,2022-08-13 16:30:00,1,0,0,0,False,1,0,0.051430899649858475
480579,50,0.027048500254750252,h,2022,Schalke 04,Borussia M.Gladbach,Rodrigo Zalazar,2022-08-13 16:30:00,1,0,0,0,False,1,0,0.1050833985209465
483446,27,0.028703000396490097,h,2022,Schalke 04,Union Berlin,Rodrigo Zalazar,2022-08-27 13:30:00,0,0,0,0,False,0,1,0.0
483453,51,0.04816870018839836,h,2022,Schalke 04,Union Berlin,Rodrigo Zalazar,2022-08-27 13:30:00,0,0,0,0,False,1,4,0.028703000396490097
485807,76,0.017898600548505783,a,2022,VfB Stuttgart,Schalke 04,Rodrigo Zalazar,2022-09-03 13:30:00,0,0,0,0,False,1,1,0.0
485811,88,0.4311870038509369,a,2022,VfB Stuttgart,Schalke 04,Rodrigo Zalazar,2022-09-03 13:30:00,0,0,0,0,False,1,1,0.017898600548505783
485812,90,0.4632740020751953,a,2022,VfB Stuttgart,Schalke 04,Rodrigo Zalazar,2022-09-03 13:30:00,0,0,0,0,False,1,1,0.4490856043994427
487622,57,0.08727660030126572,h,2022,Schalke 04,Bochum,Rodrigo Zalazar,2022-09-10 16:30:00,0,0,0,0,False,1,1,0.0
487623,58,0.02930299937725067,h,2022,Schalke 04,Bochum,Rodrigo Zalazar,2022-09-10 16:30:00,0,0,0,0,False,1,1,0.08727660030126572
487627,71,0.0250535998493433,h,2022,Schalke 04,Bochum,Rodrigo Zalazar,2022-09-10 16:30:00,0,0,0,0,False,1,1,0.11657959967851639
487631,83,0.034074798226356506,h,2022,Schalke 04,Bochum,Rodrigo Zalazar,2022-09-10 16:30:00,0,0,0,0,False,1,1,0.1416331995278597
506230,72,0.025966500863432884,h,2022,Schalke 04,FC Cologne,Rodrigo Zalazar,2023-01-29 14:30:00,0,0,0,0,False,0,0,0.0
506234,83,0.08760060369968414,h,2022,Schalke 04,FC Cologne,Rodrigo Zalazar,2023-01-29 14:30:00,0,0,0,0,False,0,0,0.025966500863432884
508105,63,0.06357389688491821,h,2022,Schalke 04,Wolfsburg,Rodrigo Zalazar,2023-02-10 19:30:00,0,0,0,0,False,0,0,0.0
508113,81,0.11410800367593765,h,2022,Schalke 04,Wolfsburg,Rodrigo Zalazar,2023-02-10 19:30:00,0,0,0,0,False,0,0,0.06357389688491821
508114,93,0.08469740301370621,h,2022,Schalke 04,Wolfsburg,Rodrigo Zalazar,2023-02-10 19:30:00,0,0,0,0,False,0,0,0.17768190056085587
510964,30,0.03465450182557106,h,2022,Schalke 04,VfB Stuttgart,Rodrigo Zalazar,2023-02-25 17:30:00,0,0,0,0,False,1,0,0.0
510969,35,0.12031099945306778,h,2022,Schalke 04,VfB Stuttgart,Rodrigo Zalazar,2023-02-25 17:30:00,0,0,0,0,False,1,0,0.03465450182557106
510968,35,0.0993570014834404,h,2022,Schalke 04,VfB Stuttgart,Rodrigo Zalazar,2023-02-25 17:30:00,0,0,0,0,False,1,0,0.15496550127863884
510980,70,0.0441243015229702,h,2022,Schalke 04,VfB Stuttgart,Rodrigo Zalazar,2023-02-25 17:30:00,0,0,0,0,False,2,1,0.25432250276207924
512045,4,0.02502729929983616,a,2022,Bochum,Schalke 04,Rodrigo Zalazar,2023-03-04 14:30:00,0,0,0,0,False,0,0,0.0
512053,49,0.1496330052614212,a,2022,Bochum,Schalke 04,Rodrigo Zalazar,2023-03-04 14:30:00,0,0,0,0,False,0,0,0.02502729929983616
513718,23,0.31964099407196045,h,2022,Schalke 04,Borussia Dortmund,Rodrigo Zalazar,2023-03-11 17:30:00,0,0,0,0,False,0,0,0.0
513722,38,0.009424169547855854,h,2022,Schalke 04,Borussia Dortmund,Rodrigo Zalazar,2023-03-11 17:30:00,0,0,0,0,False,0,1,0.31964099407196045
514877,84,0.018021799623966217,a,2022,Augsburg,Schalke 04,Rodrigo Zalazar,2023-03-18 14:30:00,0,0,0,0,False,0,1,0.0
516180,1,0.028286200016736984,h,2022,Schalke 04,Bayer Leverkusen,Rodrigo Zalazar,2023-04-01 13:30:00,0,0,0,0,False,0,0,0.0
516187,15,0.03691970184445381,h,2022,Schalke 04,Bayer Leverkusen,Rodrigo Zalazar,2023-04-01 13:30:00,0,0,0,0,False,0,0,0.028286200016736984
516195,37,0.04622489959001541,h,2022,Schalke 04,Bayer Leverkusen,Rodrigo Zalazar,2023-04-01 13:30:00,0,0,0,0,False,0,0,0.0652059018611908
522905,43,0.055631738156080246,h,2022,Schalke 04,Werder Bremen,Rodrigo Zalazar,2023-04-29 16:30:00,0,0,0,0,False,0,1,0.0
522913,57,0.08241255581378937,h,2022,Schalke 04,Werder Bremen,Rodrigo Zalazar,2023-04-29 16:30:00,0,0,0,0,False,0,1,0.055631738156080246
524408,47,0.028964780271053314,a,2022,Mainz 05,Schalke 04,Rodrigo Zalazar,2023-05-05 18:30:00,0,0,0,0,False,1,0,0.0
527351,66,0.08642787486314774,h,2022,Schalke 04,Eintracht Frankfurt,Rodrigo Zalazar,2023-05-20 13:30:00,0,0,0,0,False,1,2,0.0
528917,30,0.04790616035461426,a,2022,RasenBallsport Leipzig,Schalke 04,Rodrigo Zalazar,2023-05-27 13:30:00,0,0,0,0,False,1,2,0.0
528918,32,0.0439421609044075,a,2022,RasenBallsport Leipzig,Schalke 04,Rodrigo Zalazar,2023-05-27 13:30:00,0,0,0,0,False,1,2,0.04790616035461426
528919,36,0.07366006076335907,a,2022,RasenBallsport Leipzig,Schalke 04,Rodrigo Zalazar,2023-05-27 13:30:00,0,0,0,0,False,1,2,0.09184832125902176
494921,71,0.045102499425411224,a,2022,Freiburg,Werder Bremen,Felix Agu,2022-10-22 13:30:00,0,0,0,0,False,0,1,0.0
479863,8,0.1347389966249466,h,2022,FC Cologne,Schalke 04,Julian Chabot,2022-08-07 15:30:00,0,0,0,0,False,0,0,0.0
479866,17,0.10596500337123871,h,2022,FC Cologne,Schalke 04,Julian Chabot,2022-08-07 15:30:00,0,0,0,0,False,0,0,0.1347389966249466
484397,46,0.12660500407218933,h,2022,FC Cologne,VfB Stuttgart,Julian Chabot,2022-08-28 13:30:00,0,0,0,0,False,0,0,0.0
505381,3,0.09809970110654831,a,2022,Bayern Munich,FC Cologne,Julian Chabot,2023-01-24 19:30:00,0,0,0,0,False,0,0,0.0
509510,46,0.043351899832487106,a,2022,VfB Stuttgart,FC Cologne,Julian Chabot,2023-02-18 14:30:00,0,0,0,0,False,0,1,0.0
509511,48,0.077503502368927,a,2022,VfB Stuttgart,FC Cologne,Julian Chabot,2023-02-18 14:30:00,0,0,0,0,False,0,1,0.043351899832487106
510792,90,0.025890599936246872,h,2022,FC Cologne,Wolfsburg,Julian Chabot,2023-02-25 14:30:00,0,0,0,0,False,0,2,0.0
513128,16,0.10086800158023834,h,2022,FC Cologne,Bochum,Julian Chabot,2023-03-10 19:30:00,0,0,0,0,False,0,1,0.0
513143,93,0.06805320084095001,h,2022,FC Cologne,Bochum,Julian Chabot,2023-03-10 19:30:00,0,0,0,0,False,0,2,0.10086800158023834
519348,46,0.11874400079250336,h,2022,FC Cologne,Mainz 05,Julian Chabot,2023-04-15 13:30:00,0,0,0,0,False,0,1,0.0
525561,46,0.02950095385313034,h,2022,FC Cologne,Hertha Berlin,Julian Chabot,2023-05-12 18:30:00,0,0,0,0,False,3,2,0.0
525575,76,0.09782443940639496,h,2022,FC Cologne,Hertha Berlin,Julian Chabot,2023-05-12 18:30:00,0,0,0,0,False,4,2,0.02950095385313034
527308,83,0.07311923801898956,a,2022,Werder Bremen,FC Cologne,Julian Chabot,2023-05-20 13:30:00,0,0,0,0,False,1,1,0.0
527310,86,0.06198275089263916,a,2022,Werder Bremen,FC Cologne,Julian Chabot,2023-05-20 13:30:00,0,0,0,0,False,1,1,0.07311923801898956
479412,8,0.28881800174713135,h,2022,Borussia Dortmund,Bayer Leverkusen,Karim Adeyemi,2022-08-06 16:30:00,0,0,0,0,False,0,0,0.0
483479,57,0.08325819671154022,a,2022,Hertha Berlin,Borussia Dortmund,Karim Adeyemi,2022-08-27 13:30:00,0,0,0,0,False,1,0,0.0
483478,57,0.27831798791885376,a,2022,Hertha Berlin,Borussia Dortmund,Karim Adeyemi,2022-08-27 13:30:00,0,0,0,0,False,1,0,0.08325819671154022
489924,32,0.01135419961065054,a,2022,FC Cologne,Borussia Dortmund,Karim Adeyemi,2022-10-01 13:30:00,0,0,0,0,False,1,0,0.0
489923,32,0.06808610260486603,a,2022,FC Cologne,Borussia Dortmund,Karim Adeyemi,2022-10-01 13:30:00,0,0,0,0,False,1,0,0.01135419961065054
493811,11,0.035435598343610764,a,2022,Union Berlin,Borussia Dortmund,Karim Adeyemi,2022-10-16 15:30:00,0,0,0,0,False,0,1,0.0
494994,20,0.02408519946038723,h,2022,Borussia Dortmund,VfB Stuttgart,Karim Adeyemi,2022-10-22 13:30:00,0,0,0,0,False,2,0,0.0
494997,33,0.04532020166516304,h,2022,Borussia Dortmund,VfB Stuttgart,Karim Adeyemi,2022-10-22 13:30:00,0,0,0,0,False,2,0,0.02408519946038723
495005,54,0.023337500169873238,h,2022,Borussia Dortmund,VfB Stuttgart,Karim Adeyemi,2022-10-22 13:30:00,0,0,0,0,False,4,0,0.06940540112555027
497950,85,0.024809500202536583,h,2022,Borussia Dortmund,Bochum,Karim Adeyemi,2022-11-05 14:30:00,0,0,0,0,False,3,0,0.0
499012,50,0.08557809889316559,a,2022,Wolfsburg,Borussia Dortmund,Karim Adeyemi,2022-11-08 17:30:00,0,0,0,0,False,0,1,0.0
505003,58,0.018105199560523033,h,2022,Borussia Dortmund,Augsburg,Karim Adeyemi,2023-01-22 14:30:00,0,0,0,0,False,2,2,0.0
505434,13,0.08944319933652878,a,2022,Mainz 05,Borussia Dortmund,Karim Adeyemi,2023-01-25 17:30:00,0,0,0,0,False,1,1,0.0
505437,47,0.0347260981798172,a,2022,Mainz 05,Borussia Dortmund,Karim Adeyemi,2023-01-25 17:30:00,0,0,0,0,False,1,1,0.08944319933652878
505440,57,0.04363109916448593,a,2022,Mainz 05,Borussia Dortmund,Karim Adeyemi,2023-01-25 17:30:00,0,0,0,0,False,1,1,0.12416929751634598
505441,58,0.0560544990003109,a,2022,Mainz 05,Borussia Dortmund,Karim Adeyemi,2023-01-25 17:30:00,0,0,0,0,False,1,1,0.1678003966808319
506295,32,0.38928401470184326,a,2022,Bayer Leverkusen,Borussia Dortmund,Karim Adeyemi,2023-01-29 16:30:00,0,0,0,0,True,0,0,0.0
506980,47,0.07312580198049545,h,2022,Borussia Dortmund,Freiburg,Karim Adeyemi,2023-02-04 14:30:00,0,0,0,0,True,1,1,0.0
510332,26,0.5537009835243225,h,2022,Borussia Dortmund,Hertha Berlin,Karim Adeyemi,2023-02-19 16:30:00,0,0,0,0,True,0,0,0.0
519325,50,0.06566520035266876,a,2022,VfB Stuttgart,Borussia Dortmund,Karim Adeyemi,2023-04-15 13:30:00,0,0,0,0,False,2,0,0.0
519327,61,0.022899199277162552,a,2022,VfB Stuttgart,Borussia Dortmund,Karim Adeyemi,2023-04-15 13:30:00,0,0,0,0,False,2,0,0.06566520035266876
519333,76,0.030040400102734566,a,2022,VfB Stuttgart,Borussia Dortmund,Karim Adeyemi,2023-04-15 13:30:00,0,0,0,0,False,2,0,0.08856439962983131
521045,30,0.26883211731910706,h,2022,Borussia Dortmund,Eintracht Frankfurt,Karim Adeyemi,2023-04-22 16:30:00,0,0,0,0,False,2,0,0.0
521053,49,0.01265778485685587,h,2022,Borussia Dortmund,Eintracht Frankfurt,Karim Adeyemi,2023-04-22 16:30:00,0,0,0,0,False,3,0,0.26883211731910706
521054,51,0.015465925447642803,h,2022,Borussia Dortmund,Eintracht Frankfurt,Karim Adeyemi,2023-04-22 16:30:00,0,0,0,0,False,3,0,0.2814899021759629
522460,6,0.5688608884811401,a,2022,Bochum,Borussia Dortmund,Karim Adeyemi,2023-04-28 18:30:00,0,0,0,0,True,0,1,0.0
522464,25,0.486424058675766,a,2022,Bochum,Borussia Dortmund,Karim Adeyemi,2023-04-28 18:30:00,1,0,0,0,False,1,1,0.5688608884811401
522465,30,0.08547288179397583,a,2022,Bochum,Borussia Dortmund,Karim Adeyemi,2023-04-28 18:30:00,1,0,0,0,False,1,1,1.0552849471569061
522475,48,0.07852799445390701,a,2022,Bochum,Borussia Dortmund,Karim Adeyemi,2023-04-28 18:30:00,1,0,0,0,False,1,1,1.140757828950882
525172,13,0.04171105846762657,h,2022,Borussia Dortmund,Wolfsburg,Karim Adeyemi,2023-05-07 15:30:00,0,0,1,0,True,0,0,0.0
525187,58,0.47425252199172974,h,2022,Borussia Dortmund,Wolfsburg,Karim Adeyemi,2023-05-07 15:30:00,1,0,0,0,True,4,0,0.04171105846762657
525188,64,0.75777667760849,h,2022,Borussia Dortmund,Wolfsburg,Karim Adeyemi,2023-05-07 15:30:00,1,0,0,0,False,5,0,0.5159635804593563
526204,33,0.05747358873486519,h,2022,Borussia Dortmund,Borussia M.Gladbach,Karim Adeyemi,2023-05-13 16:30:00,0,0,0,0,False,4,0,0.0
526220,59,0.15881569683551788,h,2022,Borussia Dortmund,Borussia M.Gladbach,Karim Adeyemi,2023-05-13 16:30:00,0,0,0,0,False,4,0,0.05747358873486519
526227,84,0.027066204696893692,h,2022,Borussia Dortmund,Borussia M.Gladbach,Karim Adeyemi,2023-05-13 16:30:00,0,0,0,0,False,4,2,0.21628928557038307
528145,9,0.13095587491989136,a,2022,Augsburg,Borussia Dortmund,Karim Adeyemi,2023-05-21 15:30:00,0,0,0,0,False,0,0,0.0
528156,33,0.029066191986203194,a,2022,Augsburg,Borussia Dortmund,Karim Adeyemi,2023-05-21 15:30:00,0,0,0,0,False,0,0,0.13095587491989136
528157,35,0.05122719705104828,a,2022,Augsburg,Borussia Dortmund,Karim Adeyemi,2023-05-21 15:30:00,0,0,0,0,False,0,0,0.16002206690609455
481709,58,0.07091029733419418,a,2022,Borussia Dortmund,Werder Bremen,Anthony Jung,2022-08-20 13:30:00,0,0,0,0,False,0,1,0.0
484504,13,0.041940100491046906,h,2022,Werder Bremen,Eintracht Frankfurt,Anthony Jung,2022-08-28 15:30:00,0,0,0,0,True,0,1,0.0
485726,15,0.033111900091171265,a,2022,Bochum,Werder Bremen,Anthony Jung,2022-09-03 13:30:00,0,0,0,0,False,0,0,0.0
488715,58,0.06740249693393707,a,2022,Bayer Leverkusen,Werder Bremen,Anthony Jung,2022-09-17 13:30:00,0,0,0,0,False,0,1,0.0
490316,6,0.04191989824175835,h,2022,Werder Bremen,Borussia M.Gladbach,Anthony Jung,2022-10-01 16:30:00,0,0,0,0,False,1,0,0.0
490320,15,0.5063239932060242,h,2022,Werder Bremen,Borussia M.Gladbach,Anthony Jung,2022-10-01 16:30:00,0,0,0,0,False,3,0,0.04191989824175835
493035,37,0.0207481998950243,h,2022,Werder Bremen,Mainz 05,Anthony Jung,2022-10-15 13:30:00,0,0,0,0,False,0,1,0.0
493039,59,0.06302250176668167,h,2022,Werder Bremen,Mainz 05,Anthony Jung,2022-10-15 13:30:00,0,0,0,0,False,0,1,0.0207481998950243
494910,53,0.0921282023191452,a,2022,Freiburg,Werder Bremen,Anthony Jung,2022-10-22 13:30:00,0,0,0,0,False,0,0,0.0
496154,7,0.027698399499058723,h,2022,Werder Bremen,Hertha Berlin,Anthony Jung,2022-10-28 18:30:00,0,0,0,0,False,0,0,0.0
496171,76,0.01214549969881773,h,2022,Werder Bremen,Hertha Berlin,Anthony Jung,2022-10-28 18:30:00,0,0,0,0,False,0,0,0.027698399499058723
499168,9,0.3641299903392792,a,2022,Bayern Munich,Werder Bremen,Anthony Jung,2022-11-08 19:30:00,0,0,0,0,True,0,1,0.0
499975,37,0.052111200988292694,h,2022,Werder Bremen,RasenBallsport Leipzig,Anthony Jung,2022-11-12 14:30:00,0,0,0,0,False,0,1,0.0
509892,65,0.06805720180273056,a,2022,Eintracht Frankfurt,Werder Bremen,Anthony Jung,2023-02-18 17:30:00,0,0,0,0,False,0,1,0.0
514255,56,0.02077599987387657,h,2022,Werder Bremen,Bayer Leverkusen,Anthony Jung,2023-03-12 16:30:00,0,0,0,0,False,1,2,0.0
517883,61,0.012453200295567513,a,2022,Mainz 05,Werder Bremen,Anthony Jung,2023-04-08 13:30:00,0,0,0,0,False,0,0,0.0
520734,37,0.03623100370168686,a,2022,Hertha Berlin,Werder Bremen,Anthony Jung,2023-04-22 13:30:00,0,0,0,0,False,2,0,0.0
479755,40,0.13245199620723724,h,2022,VfB Stuttgart,RasenBallsport Leipzig,Sasa Kalajdzic,2022-08-07 13:30:00,0,0,0,0,False,1,1,0.0
480256,1,0.09057539701461792,a,2022,Werder Bremen,VfB Stuttgart,Sasa Kalajdzic,2022-08-13 13:30:00,0,0,0,0,False,0,0,0.0
481727,37,0.04581550136208534,h,2022,VfB Stuttgart,Freiburg,Sasa Kalajdzic,2022-08-20 13:30:00,0,0,0,0,False,0,1,0.0
481735,69,0.018300499767065048,h,2022,VfB Stuttgart,Freiburg,Sasa Kalajdzic,2022-08-20 13:30:00,0,0,0,0,False,0,1,0.04581550136208534
481736,71,0.11681900173425674,h,2022,VfB Stuttgart,Freiburg,Sasa Kalajdzic,2022-08-20 13:30:00,0,0,0,0,False,0,1,0.06411600112915039
505478,34,0.06738100200891495,a,2022,Freiburg,Eintracht Frankfurt,Hrvoje Smolcic,2023-01-25 19:30:00,0,0,0,0,False,0,0,0.0
510770,62,0.09823749959468842,a,2022,RasenBallsport Leipzig,Eintracht Frankfurt,Hrvoje Smolcic,2023-02-25 14:30:00,0,0,0,0,False,1,2,0.0
515652,25,0.03745660185813904,a,2022,Union Berlin,Eintracht Frankfurt,Hrvoje Smolcic,2023-03-19 14:30:00,0,0,0,0,False,0,0,0.0
479419,27,0.09117870032787323,h,2022,Borussia Dortmund,Bayer Leverkusen,Thomas Meunier,2022-08-06 16:30:00,0,0,0,0,False,1,0,0.0
480047,36,0.01575770042836666,a,2022,Freiburg,Borussia Dortmund,Thomas Meunier,2022-08-12 18:30:00,0,0,0,0,False,0,1,0.0
483498,88,0.09146329760551453,a,2022,Hertha Berlin,Borussia Dortmund,Thomas Meunier,2022-08-27 13:30:00,0,0,0,0,False,1,0,0.0
488740,55,0.015053399838507175,h,2022,Borussia Dortmund,Schalke 04,Thomas Meunier,2022-09-17 13:30:00,0,0,0,0,False,0,0,0.0
489938,59,0.020315099507570267,a,2022,FC Cologne,Borussia Dortmund,Thomas Meunier,2022-10-01 13:30:00,0,0,0,0,False,1,2,0.0
490836,39,0.018399199470877647,h,2022,Hertha Berlin,Hoffenheim,Ivan Sunjic,2022-10-02 13:30:00,0,0,0,0,False,1,1,0.0
490844,55,0.08744709938764572,h,2022,Hertha Berlin,Hoffenheim,Ivan Sunjic,2022-10-02 13:30:00,0,0,0,0,False,1,1,0.018399199470877647
492599,45,0.044527001678943634,h,2022,Hertha Berlin,Freiburg,Ivan Sunjic,2022-10-09 15:30:00,0,0,0,0,False,1,1,0.0
499212,66,0.06467930227518082,a,2022,VfB Stuttgart,Hertha Berlin,Ivan Sunjic,2022-11-08 19:30:00,0,0,0,0,False,1,1,0.0
500007,44,0.0247041005641222,h,2022,Hertha Berlin,FC Cologne,Ivan Sunjic,2022-11-12 14:30:00,0,0,0,0,False,1,0,0.0
500006,44,0.0823104977607727,h,2022,Hertha Berlin,FC Cologne,Ivan Sunjic,2022-11-12 14:30:00,0,0,0,0,False,1,0,0.0247041005641222
480918,89,0.02424510009586811,h,2022,Mainz 05,Union Berlin,Delano Burgzorg,2022-08-14 13:30:00,0,0,0,0,False,0,0,0.0
490041,79,0.0334693007171154,a,2022,Freiburg,Mainz 05,Delano Burgzorg,2022-10-01 13:30:00,0,0,0,0,False,1,2,0.0
498025,88,0.01376159954816103,h,2022,Mainz 05,Wolfsburg,Delano Burgzorg,2022-11-05 14:30:00,0,0,0,0,False,0,3,0.0
498026,90,0.01791130006313324,h,2022,Mainz 05,Wolfsburg,Delano Burgzorg,2022-11-05 14:30:00,0,0,0,0,False,0,3,0.01376159954816103
479207,74,0.06892470270395279,a,2022,Bochum,Mainz 05,Aarón Martín,2022-08-06 13:30:00,0,0,0,0,False,1,1,0.0
479212,95,0.05467379838228226,a,2022,Bochum,Mainz 05,Aarón Martín,2022-08-06 13:30:00,0,0,0,0,False,2,1,0.06892470270395279
481757,61,0.7577769756317139,a,2022,Augsburg,Mainz 05,Aarón Martín,2022-08-20 13:30:00,0,0,0,0,False,1,1,0.0
483540,30,0.014026399701833725,h,2022,Mainz 05,Bayer Leverkusen,Aarón Martín,2022-08-27 13:30:00,0,0,0,0,False,0,1,0.0
483546,54,0.012599299661815166,h,2022,Mainz 05,Bayer Leverkusen,Aarón Martín,2022-08-27 13:30:00,0,0,0,0,False,0,3,0.014026399701833725
486715,26,0.05731320008635521,a,2022,Borussia M.Gladbach,Mainz 05,Aarón Martín,2022-09-04 15:30:00,0,0,1,0,False,0,0,0.0
486722,54,0.06455539911985397,a,2022,Borussia M.Gladbach,Mainz 05,Aarón Martín,2022-09-04 15:30:00,0,0,0,0,True,0,0,0.05731320008635521
490032,51,0.6053310036659241,a,2022,Freiburg,Mainz 05,Aarón Martín,2022-10-01 13:30:00,0,0,0,0,True,0,2,0.0
490043,85,0.020882900804281235,a,2022,Freiburg,Mainz 05,Aarón Martín,2022-10-01 13:30:00,1,0,0,0,False,1,2,0.6053310036659241
490044,89,0.053085699677467346,a,2022,Freiburg,Mainz 05,Aarón Martín,2022-10-01 13:30:00,1,0,0,0,False,1,2,0.6262139044702053
491519,17,0.039010901004076004,h,2022,Mainz 05,RasenBallsport Leipzig,Aarón Martín,2022-10-08 13:30:00,0,0,0,0,False,0,0,0.0
494673,72,0.06215890124440193,h,2022,Mainz 05,FC Cologne,Aarón Martín,2022-10-21 18:30:00,0,0,0,0,True,3,0,0.0
504520,71,0.1573210060596466,a,2022,VfB Stuttgart,Mainz 05,Aarón Martín,2023-01-21 14:30:00,0,0,0,0,False,1,1,0.0
505448,90,0.022376200184226036,h,2022,Mainz 05,Borussia Dortmund,Aarón Martín,2023-01-25 17:30:00,0,0,0,0,False,1,1,0.0
520714,52,0.014809392392635345,h,2022,Mainz 05,Bayern Munich,Aarón Martín,2023-04-22 13:30:00,0,0,1,0,False,0,1,0.0
520722,78,0.038297221064567566,h,2022,Mainz 05,Bayern Munich,Aarón Martín,2023-04-22 13:30:00,0,0,0,0,True,2,1,0.014809392392635345
523465,55,0.03744662180542946,a,2022,Wolfsburg,Mainz 05,Aarón Martín,2023-04-30 15:30:00,0,0,0,0,False,0,3,0.0
524417,69,0.05726029723882675,h,2022,Mainz 05,Schalke 04,Aarón Martín,2023-05-05 18:30:00,0,0,0,0,True,1,2,0.0
528903,79,0.04658408463001251,a,2022,Borussia Dortmund,Mainz 05,Aarón Martín,2023-05-27 13:30:00,0,0,0,0,False,2,1,0.0
509524,73,0.06763549894094467,h,2022,VfB Stuttgart,FC Cologne,Tanguy Coulibaly,2023-02-18 14:30:00,0,0,0,0,True,2,0,0.0
510974,58,0.02708600088953972,a,2022,Schalke 04,VfB Stuttgart,Tanguy Coulibaly,2023-02-25 17:30:00,0,0,0,0,False,0,2,0.0
512368,63,0.025916600599884987,h,2022,VfB Stuttgart,Bayern Munich,Tanguy Coulibaly,2023-03-04 17:30:00,0,0,0,0,False,0,2,0.0
512372,91,0.038498200476169586,h,2022,VfB Stuttgart,Bayern Munich,Tanguy Coulibaly,2023-03-04 17:30:00,0,0,0,0,False,1,2,0.025916600599884987
512373,92,0.0673322007060051,h,2022,VfB Stuttgart,Bayern Munich,Tanguy Coulibaly,2023-03-04 17:30:00,0,0,0,0,False,1,2,0.06441480107605457
514851,64,0.020620599389076233,h,2022,VfB Stuttgart,Wolfsburg,Tanguy Coulibaly,2023-03-18 14:30:00,0,0,0,0,False,0,1,0.0
514855,81,0.05729709938168526,h,2022,VfB Stuttgart,Wolfsburg,Tanguy Coulibaly,2023-03-18 14:30:00,0,0,0,0,False,0,1,0.020620599389076233
516264,78,0.018797099590301514,a,2022,Union Berlin,VfB Stuttgart,Tanguy Coulibaly,2023-04-01 13:30:00,0,0,0,0,False,0,2,0.0
519334,76,0.02833940088748932,h,2022,VfB Stuttgart,Borussia Dortmund,Tanguy Coulibaly,2023-04-15 13:30:00,0,0,0,0,True,0,2,0.0
522725,82,0.75777667760849,h,2022,VfB Stuttgart,Borussia M.Gladbach,Tanguy Coulibaly,2023-04-29 13:30:00,0,0,0,0,True,1,1,0.0
522727,96,0.09562981873750687,h,2022,VfB Stuttgart,Borussia M.Gladbach,Tanguy Coulibaly,2023-04-29 13:30:00,1,0,0,0,False,2,1,0.75777667760849
528034,90,0.48232942819595337,a,2022,Mainz 05,VfB Stuttgart,Tanguy Coulibaly,2023-05-21 13:30:00,0,0,0,0,True,3,1,0.0
479763,61,0.06375110149383545,a,2022,VfB Stuttgart,RasenBallsport Leipzig,Hugo Novoa Ramos,2022-08-07 13:30:00,0,0,0,0,False,1,1,0.0
479775,77,0.06464490294456482,a,2022,VfB Stuttgart,RasenBallsport Leipzig,Hugo Novoa Ramos,2022-08-07 13:30:00,0,0,0,0,False,1,1,0.06375110149383545
494865,89,0.47683000564575195,a,2022,Augsburg,RasenBallsport Leipzig,Hugo Novoa Ramos,2022-10-22 13:30:00,0,0,0,0,True,2,3,0.0
479019,86,0.015998300164937973,a,2022,Eintracht Frankfurt,Bayern Munich,Leroy Sané,2022-08-05 18:30:00,0,0,0,0,False,6,1,0.0
481044,56,0.10633999854326248,h,2022,Bayern Munich,Wolfsburg,Leroy Sané,2022-08-14 15:30:00,0,0,0,0,False,2,0,0.0
481050,70,0.026465699076652527,h,2022,Bayern Munich,Wolfsburg,Leroy Sané,2022-08-14 15:30:00,0,0,0,0,False,2,0,0.10633999854326248
481052,71,0.028445400297641754,h,2022,Bayern Munich,Wolfsburg,Leroy Sané,2022-08-14 15:30:00,0,0,0,0,False,2,0,0.132805697619915
481056,90,0.015660300850868225,h,2022,Bayern Munich,Wolfsburg,Leroy Sané,2022-08-14 15:30:00,0,0,0,0,False,2,0,0.16125109791755676
482502,3,0.050303101539611816,a,2022,Bochum,Bayern Munich,Leroy Sané,2022-08-21 15:30:00,0,0,0,0,True,0,0,0.0
482504,9,0.02417670004069805,a,2022,Bochum,Bayern Munich,Leroy Sané,2022-08-21 15:30:00,1,0,0,0,False,1,0,0.050303101539611816
482509,19,0.086257703602314,a,2022,Bochum,Bayern Munich,Leroy Sané,2022-08-21 15:30:00,1,0,0,0,False,1,0,0.07447980158030987
482523,56,0.5489739775657654,a,2022,Bochum,Bayern Munich,Leroy Sané,2022-08-21 15:30:00,1,0,0,0,False,4,0,0.16073750518262386
482527,66,0.049706801772117615,a,2022,Bochum,Bayern Munich,Leroy Sané,2022-08-21 15:30:00,1,0,0,0,False,5,0,0.7097114827483892
483895,21,0.019759800285100937,h,2022,Bayern Munich,Borussia M.Gladbach,Leroy Sané,2022-08-27 16:30:00,0,0,1,0,False,0,0,0.0
483898,29,0.0548131987452507,h,2022,Bayern Munich,Borussia M.Gladbach,Leroy Sané,2022-08-27 16:30:00,0,0,1,0,False,0,0,0.019759800285100937
483899,32,0.12253899872303009,h,2022,Bayern Munich,Borussia M.Gladbach,Leroy Sané,2022-08-27 16:30:00,0,0,1,0,False,0,0,0.07457299903035164
483900,37,0.03880240023136139,h,2022,Bayern Munich,Borussia M.Gladbach,Leroy Sané,2022-08-27 16:30:00,0,0,1,0,False,0,0,0.19711199775338173
483911,63,0.5383419990539551,h,2022,Bayern Munich,Borussia M.Gladbach,Leroy Sané,2022-08-27 16:30:00,0,0,1,0,False,0,1,0.23591439798474312
483913,67,0.017539799213409424,h,2022,Bayern Munich,Borussia M.Gladbach,Leroy Sané,2022-08-27 16:30:00,0,0,1,0,False,0,1,0.7742563970386982
483917,76,0.05048060044646263,h,2022,Bayern Munich,Borussia M.Gladbach,Leroy Sané,2022-08-27 16:30:00,0,0,1,0,False,0,1,0.7917961962521076
483919,82,0.09612809866666794,h,2022,Bayern Munich,Borussia M.Gladbach,Leroy Sané,2022-08-27 16:30:00,0,0,0,0,True,0,1,0.8422767966985703
485814,2,0.03312290087342262,a,2022,Union Berlin,Bayern Munich,Leroy Sané,2022-09-03 13:30:00,0,0,0,0,False,0,0,0.0
485825,35,0.4120340049266815,a,2022,Union Berlin,Bayern Munich,Leroy Sané,2022-09-03 13:30:00,0,0,0,0,False,1,1,0.03312290087342262
485826,44,0.028174899518489838,a,2022,Union Berlin,Bayern Munich,Leroy Sané,2022-09-03 13:30:00,0,0,0,0,False,1,1,0.44515690580010414
485828,52,0.05301100015640259,a,2022,Union Berlin,Bayern Munich,Leroy Sané,2022-09-03 13:30:00,0,0,0,0,False,1,1,0.473331805318594
487409,79,0.09984719753265381,h,2022,Bayern Munich,VfB Stuttgart,Leroy Sané,2022-09-10 13:30:00,0,0,0,0,False,2,1,0.0
488615,11,0.06268920004367828,a,2022,Augsburg,Bayern Munich,Leroy Sané,2022-09-17 13:30:00,0,0,0,0,False,0,0,0.0
488616,16,0.28703799843788147,a,2022,Augsburg,Bayern Munich,Leroy Sané,2022-09-17 13:30:00,0,0,0,0,False,0,0,0.06268920004367828
488636,71,0.21470999717712402,a,2022,Augsburg,Bayern Munich,Leroy Sané,2022-09-17 13:30:00,0,0,0,0,False,0,1,0.34972719848155975
488638,90,0.013855399563908577,a,2022,Augsburg,Bayern Munich,Leroy Sané,2022-09-17 13:30:00,0,0,0,0,False,0,1,0.5644371956586838
489713,2,0.10307600349187851,h,2022,Bayern Munich,Bayer Leverkusen,Leroy Sané,2022-09-30 18:30:00,0,0,0,0,True,0,0,0.0
489726,41,0.050222501158714294,h,2022,Bayern Munich,Bayer Leverkusen,Leroy Sané,2022-09-30 18:30:00,1,0,0,0,False,3,0,0.10307600349187851
489734,58,0.07827910035848618,h,2022,Bayern Munich,Bayer Leverkusen,Leroy Sané,2022-09-30 18:30:00,1,0,0,0,False,3,0,0.1532985046505928
491745,28,0.019955599680542946,a,2022,Borussia Dortmund,Bayern Munich,Leroy Sané,2022-10-08 16:30:00,0,0,1,0,False,0,0,0.0
491753,52,0.04236200079321861,a,2022,Borussia Dortmund,Bayern Munich,Leroy Sané,2022-10-08 16:30:00,0,0,0,0,True,1,0,0.019955599680542946
493955,5,0.0738682970404625,h,2022,Bayern Munich,Freiburg,Leroy Sané,2022-10-16 17:30:00,0,0,1,0,False,0,0,0.0
493957,12,0.39618998765945435,h,2022,Bayern Munich,Freiburg,Leroy Sané,2022-10-16 17:30:00,0,0,1,0,False,0,0,0.0738682970404625
493961,24,0.027657900005578995,h,2022,Bayern Munich,Freiburg,Leroy Sané,2022-10-16 17:30:00,0,0,1,0,False,1,0,0.47005828469991684
493963,36,0.018501700833439827,h,2022,Bayern Munich,Freiburg,Leroy Sané,2022-10-16 17:30:00,0,0,1,0,False,2,0,0.49771618470549583
493967,51,0.07313220202922821,h,2022,Bayern Munich,Freiburg,Leroy Sané,2022-10-16 17:30:00,0,0,0,0,True,2,0,0.5162178855389357
497938,90,0.05301230028271675,a,2022,Hertha Berlin,Bayern Munich,Leroy Sané,2022-11-05 14:30:00,0,0,0,0,False,3,2,0.0
499180,53,0.41338101029396057,h,2022,Bayern Munich,Werder Bremen,Leroy Sané,2022-11-08 19:30:00,0,0,0,0,False,4,1,0.0
500292,16,0.02186170034110546,a,2022,Schalke 04,Bayern Munich,Leroy Sané,2022-11-12 17:30:00,0,0,0,0,False,0,0,0.0
500302,48,0.07020259648561478,a,2022,Schalke 04,Bayern Munich,Leroy Sané,2022-11-12 17:30:00,0,0,0,0,False,1,0,0.02186170034110546
504388,93,0.04639190062880516,a,2022,RasenBallsport Leipzig,Bayern Munich,Leroy Sané,2023-01-20 19:30:00,0,0,0,0,False,1,1,0.0
505383,9,0.01614229939877987,h,2022,Bayern Munich,FC Cologne,Leroy Sané,2023-01-24 19:30:00,0,0,0,0,False,0,1,0.0
505390,40,0.023566100746393204,h,2022,Bayern Munich,FC Cologne,Leroy Sané,2023-01-24 19:30:00,0,0,0,0,False,0,1,0.01614229939877987
505400,68,0.042514901608228683,h,2022,Bayern Munich,FC Cologne,Leroy Sané,2023-01-24 19:30:00,0,0,0,0,False,0,1,0.03970840014517307
505408,92,0.05878889933228493,h,2022,Bayern Munich,FC Cologne,Leroy Sané,2023-01-24 19:30:00,0,0,0,0,False,1,1,0.08222330175340176
505937,33,0.0926750972867012,h,2022,Bayern Munich,Eintracht Frankfurt,Leroy Sané,2023-01-28 17:30:00,0,0,0,0,True,0,0,0.0
505939,40,0.027150899171829224,h,2022,Bayern Munich,Eintracht Frankfurt,Leroy Sané,2023-01-28 17:30:00,1,0,0,0,False,1,0,0.0926750972867012
505940,47,0.020513800904154778,h,2022,Bayern Munich,Eintracht Frankfurt,Leroy Sané,2023-01-28 17:30:00,1,0,0,0,False,1,0,0.11982599645853043
505943,59,0.09690509736537933,h,2022,Bayern Munich,Eintracht Frankfurt,Leroy Sané,2023-01-28 17:30:00,1,0,0,0,False,1,0,0.1403397973626852
508325,61,0.013095499947667122,h,2022,Bayern Munich,Bochum,Leroy Sané,2023-02-11 14:30:00,0,0,0,0,False,1,0,0.0
509601,63,0.045751601457595825,a,2022,Borussia M.Gladbach,Bayern Munich,Leroy Sané,2023-02-18 14:30:00,0,0,0,0,False,1,2,0.0
509605,79,0.022006899118423462,a,2022,Borussia M.Gladbach,Bayern Munich,Leroy Sané,2023-02-18 14:30:00,0,0,0,0,False,1,2,0.045751601457595825
513439,29,0.053073298186063766,h,2022,Bayern Munich,Augsburg,Leroy Sané,2023-03-11 14:30:00,0,0,1,0,False,2,1,0.0
513441,32,0.02580139972269535,h,2022,Bayern Munich,Augsburg,Leroy Sané,2023-03-11 14:30:00,0,0,1,0,False,2,1,0.053073298186063766
513446,44,0.4658220112323761,h,2022,Bayern Munich,Augsburg,Leroy Sané,2023-03-11 14:30:00,0,0,0,0,True,3,1,0.07887469790875912
513447,48,0.04086989909410477,h,2022,Bayern Munich,Augsburg,Leroy Sané,2023-03-11 14:30:00,1,0,0,0,False,4,1,0.5446967091411352
513459,69,0.057944800704717636,h,2022,Bayern Munich,Augsburg,Leroy Sané,2023-03-11 14:30:00,1,0,0,0,False,4,2,0.58556660823524
515753,49,0.09217309951782227,a,2022,Bayer Leverkusen,Bayern Munich,Leroy Sané,2023-03-19 16:30:00,0,0,0,0,False,1,0,0.0
515762,87,0.0381987988948822,a,2022,Bayer Leverkusen,Bayern Munich,Leroy Sané,2023-03-19 16:30:00,0,0,0,0,False,1,2,0.09217309951782227
516607,22,0.02225480042397976,h,2022,Bayern Munich,Borussia Dortmund,Leroy Sané,2023-04-01 16:30:00,0,0,0,0,False,1,0,0.0
517900,8,0.08897200226783752,a,2022,Freiburg,Bayern Munich,Leroy Sané,2023-04-08 13:30:00,0,0,0,0,False,0,0,0.0
517904,26,0.06081319972872734,a,2022,Freiburg,Bayern Munich,Leroy Sané,2023-04-08 13:30:00,0,0,0,0,False,0,0,0.08897200226783752
517908,41,0.46455898880958557,a,2022,Freiburg,Bayern Munich,Leroy Sané,2023-04-08 13:30:00,0,0,0,0,False,0,0,0.14978520199656487
517916,59,0.38580700755119324,a,2022,Freiburg,Bayern Munich,Leroy Sané,2023-04-08 13:30:00,0,0,0,0,False,1,0,0.6143441908061504
517922,76,0.110214002430439,a,2022,Freiburg,Bayern Munich,Leroy Sané,2023-04-08 13:30:00,0,0,0,0,False,1,0,1.0001511983573437
519364,48,0.07961969822645187,h,2022,Bayern Munich,Hoffenheim,Leroy Sané,2023-04-15 13:30:00,0,0,0,0,False,1,0,0.0
519365,52,0.08166050165891647,h,2022,Bayern Munich,Hoffenheim,Leroy Sané,2023-04-15 13:30:00,0,0,0,0,False,1,0,0.07961969822645187
523324,63,0.04538918659090996,h,2022,Bayern Munich,Hertha Berlin,Leroy Sané,2023-04-30 13:30:00,0,0,0,0,False,0,0,0.0
523330,89,0.5272342562675476,h,2022,Bayern Munich,Hertha Berlin,Leroy Sané,2023-04-30 13:30:00,0,0,0,0,False,2,0,0.04538918659090996
524808,71,0.3324294090270996,a,2022,Werder Bremen,Bayern Munich,Leroy Sané,2023-05-06 16:30:00,0,0,0,0,True,1,0,0.0
524812,78,0.05114123970270157,a,2022,Werder Bremen,Bayern Munich,Leroy Sané,2023-05-06 16:30:00,1,0,0,0,False,2,0,0.3324294090270996
525915,36,0.04753494635224342,h,2022,Bayern Munich,Schalke 04,Leroy Sané,2023-05-13 13:30:00,0,0,0,0,False,2,0,0.0
529032,16,0.069313645362854,a,2022,FC Cologne,Bayern Munich,Leroy Sané,2023-05-27 13:30:00,0,0,0,0,False,1,0,0.0
529037,43,0.010859300382435322,a,2022,FC Cologne,Bayern Munich,Leroy Sané,2023-05-27 13:30:00,0,0,0,0,False,1,0,0.069313645362854
529039,57,0.5303555727005005,a,2022,FC Cologne,Bayern Munich,Leroy Sané,2023-05-27 13:30:00,0,0,0,0,False,1,0,0.08017294574528933
529042,69,0.10897787660360336,a,2022,FC Cologne,Bayern Munich,Leroy Sané,2023-05-27 13:30:00,0,0,0,0,False,1,0,0.6105285184457898
529045,74,0.31026968359947205,a,2022,FC Cologne,Bayern Munich,Leroy Sané,2023-05-27 13:30:00,0,0,0,0,False,1,0,0.7195063950493932
529048,88,0.3265654146671295,a,2022,FC Cologne,Bayern Munich,Leroy Sané,2023-05-27 13:30:00,0,0,0,0,False,1,1,1.0297760786488652
479185,10,0.007869049906730652,h,2022,Bochum,Mainz 05,Kevin Stöger,2022-08-06 13:30:00,0,0,1,0,False,0,0,0.0
479199,38,0.012223499827086926,h,2022,Bochum,Mainz 05,Kevin Stöger,2022-08-06 13:30:00,0,0,0,0,True,0,1,0.007869049906730652
479203,57,0.08368399739265442,h,2022,Bochum,Mainz 05,Kevin Stöger,2022-08-06 13:30:00,1,0,0,0,False,1,1,0.020092549733817577
480228,67,0.0435664989054203,a,2022,Hoffenheim,Bochum,Kevin Stöger,2022-08-13 13:30:00,0,0,0,0,False,2,2,0.0
482530,71,0.024053100496530533,h,2022,Bochum,Bayern Munich,Kevin Stöger,2022-08-21 15:30:00,0,0,0,0,False,0,5,0.0
483269,4,0.030951300635933876,a,2022,Freiburg,Bochum,Kevin Stöger,2022-08-26 18:30:00,0,0,0,0,False,0,0,0.0
483299,70,0.07372929900884628,a,2022,Freiburg,Bochum,Kevin Stöger,2022-08-26 18:30:00,0,0,0,0,False,0,1,0.030951300635933876
483306,79,0.03161869943141937,a,2022,Freiburg,Bochum,Kevin Stöger,2022-08-26 18:30:00,0,0,0,0,False,0,1,0.10468059964478016
485725,1,0.04037949815392494,h,2022,Bochum,Werder Bremen,Kevin Stöger,2022-09-03 13:30:00,0,0,0,0,False,0,0,0.0
485744,52,0.013403999619185925,h,2022,Bochum,Werder Bremen,Kevin Stöger,2022-09-03 13:30:00,0,0,0,0,False,0,0,0.04037949815392494
487620,48,0.03337179869413376,a,2022,Schalke 04,Bochum,Kevin Stöger,2022-09-10 16:30:00,0,0,0,0,False,0,1,0.0
489482,52,0.024994999170303345,h,2022,Bochum,FC Cologne,Kevin Stöger,2022-09-18 15:30:00,0,0,0,0,False,0,0,0.0
492973,26,0.010504299774765968,a,2022,VfB Stuttgart,Bochum,Kevin Stöger,2022-10-15 13:30:00,0,0,0,0,False,0,2,0.0
492974,27,0.09850940108299255,a,2022,VfB Stuttgart,Bochum,Kevin Stöger,2022-10-15 13:30:00,0,0,0,0,False,0,2,0.010504299774765968
492977,32,0.010754300281405449,a,2022,VfB Stuttgart,Bochum,Kevin Stöger,2022-10-15 13:30:00,0,0,0,0,False,1,2,0.10901370085775852
492985,56,0.02786879986524582,a,2022,VfB Stuttgart,Bochum,Kevin Stöger,2022-10-15 13:30:00,0,0,0,0,False,1,2,0.11976800113916397
496346,24,0.020184600725769997,a,2022,Wolfsburg,Bochum,Kevin Stöger,2022-10-29 13:30:00,0,0,0,0,False,0,0,0.0
496366,77,0.009708009660243988,a,2022,Wolfsburg,Bochum,Kevin Stöger,2022-10-29 13:30:00,0,0,0,0,False,0,3,0.020184600725769997
497947,61,0.008301310241222382,a,2022,Borussia Dortmund,Bochum,Kevin Stöger,2022-11-05 14:30:00,0,0,0,0,False,0,3,0.0
500028,56,0.016094200313091278,a,2022,Augsburg,Bochum,Kevin Stöger,2022-11-12 14:30:00,0,0,0,0,False,0,0,0.0
504534,33,0.15157100558280945,h,2022,Bochum,Hertha Berlin,Kevin Stöger,2023-01-21 14:30:00,0,0,0,0,False,1,0,0.0
504543,61,0.04564119875431061,h,2022,Bochum,Hertha Berlin,Kevin Stöger,2023-01-21 14:30:00,0,0,0,0,False,3,0,0.15157100558280945
505471,88,0.07644219696521759,a,2022,Bayer Leverkusen,Bochum,Kevin Stöger,2023-01-25 19:30:00,0,0,0,0,False,0,2,0.0
505766,19,0.024959299713373184,a,2022,Mainz 05,Bochum,Kevin Stöger,2023-01-28 14:30:00,0,0,0,0,False,0,2,0.0
506949,20,0.026296399533748627,h,2022,Bochum,Hoffenheim,Kevin Stöger,2023-02-04 14:30:00,0,0,0,0,False,0,0,0.0
506948,20,0.07519040256738663,h,2022,Bochum,Hoffenheim,Kevin Stöger,2023-02-04 14:30:00,0,0,0,0,False,0,0,0.026296399533748627
506961,67,0.014607099816203117,h,2022,Bochum,Hoffenheim,Kevin Stöger,2023-02-04 14:30:00,0,0,0,0,False,3,1,0.10148680210113525
508327,64,0.03680019825696945,a,2022,Bayern Munich,Bochum,Kevin Stöger,2023-02-11 14:30:00,0,0,0,0,False,0,2,0.0
509477,43,0.05920640006661415,h,2022,Bochum,Freiburg,Kevin Stöger,2023-02-18 14:30:00,0,0,0,0,False,0,1,0.0
509479,46,0.026520300656557083,h,2022,Bochum,Freiburg,Kevin Stöger,2023-02-18 14:30:00,0,0,0,0,False,0,1,0.05920640006661415
510798,25,0.08258490264415741,a,2022,Werder Bremen,Bochum,Kevin Stöger,2023-02-25 14:30:00,0,0,0,0,False,0,0,0.0
513126,8,0.7577769756317139,a,2022,FC Cologne,Bochum,Kevin Stöger,2023-03-10 19:30:00,0,0,0,0,True,0,0,0.0
513136,59,0.02900009974837303,a,2022,FC Cologne,Bochum,Kevin Stöger,2023-03-10 19:30:00,1,0,0,0,False,1,0,0.7577769756317139
513140,67,0.01891610026359558,a,2022,FC Cologne,Bochum,Kevin Stöger,2023-03-10 19:30:00,1,0,0,0,False,1,0,0.7867770753800869
515985,63,0.02093989960849285,a,2022,Eintracht Frankfurt,Bochum,Kevin Stöger,2023-03-31 19:30:00,0,0,0,0,False,1,1,0.0
515987,71,0.064055897295475,a,2022,Eintracht Frankfurt,Bochum,Kevin Stöger,2023-03-31 19:30:00,0,0,0,0,False,1,1,0.02093989960849285
518790,44,0.10005900263786316,h,2022,Bochum,VfB Stuttgart,Kevin Stöger,2023-04-09 15:30:00,0,0,1,0,False,0,1,0.0
518796,57,0.7577769756317139,h,2022,Bochum,VfB Stuttgart,Kevin Stöger,2023-04-09 15:30:00,0,0,0,0,True,0,1,0.10005900263786316
520213,54,0.7577769756317139,a,2022,Union Berlin,Bochum,Kevin Stöger,2023-04-16 15:30:00,0,0,0,0,True,0,1,0.0
520772,56,0.010249429382383823,h,2022,Bochum,Wolfsburg,Kevin Stöger,2023-04-22 13:30:00,0,0,0,0,False,0,4,0.0
520783,80,0.07758176326751709,h,2022,Bochum,Wolfsburg,Kevin Stöger,2023-04-22 13:30:00,0,0,0,0,False,1,5,0.010249429382383823
522476,51,0.028128566220402718,h,2022,Bochum,Borussia Dortmund,Kevin Stöger,2023-04-28 18:30:00,0,0,0,0,False,1,1,0.0
522479,60,0.026813209056854248,h,2022,Bochum,Borussia Dortmund,Kevin Stöger,2023-04-28 18:30:00,0,0,0,0,False,1,1,0.028128566220402718
525816,44,0.01587112993001938,h,2022,Bochum,Augsburg,Kevin Stöger,2023-05-13 13:30:00,0,0,0,0,False,1,1,0.0
527361,22,0.010164370760321617,a,2022,Hertha Berlin,Bochum,Kevin Stöger,2023-05-20 13:30:00,0,0,0,0,False,0,0,0.0
527369,43,0.009724505245685577,a,2022,Hertha Berlin,Bochum,Kevin Stöger,2023-05-20 13:30:00,0,0,0,0,False,0,0,0.010164370760321617
529028,85,0.07366468012332916,h,2022,Bochum,Bayer Leverkusen,Kevin Stöger,2023-05-27 13:30:00,0,0,0,0,True,2,0,0.0
479125,28,0.026882199570536613,h,2022,Union Berlin,Hertha Berlin,Christopher Trimmel,2022-08-06 13:30:00,0,0,0,0,False,0,0,0.0
485824,31,0.01342179998755455,h,2022,Union Berlin,Bayern Munich,Christopher Trimmel,2022-09-03 13:30:00,0,0,0,0,False,1,1,0.0
488014,13,0.02665109932422638,a,2022,FC Cologne,Union Berlin,Christopher Trimmel,2022-09-11 13:30:00,0,0,0,0,False,0,0,0.0
488025,57,0.024167099967598915,a,2022,FC Cologne,Union Berlin,Christopher Trimmel,2022-09-11 13:30:00,0,0,0,0,False,0,0,0.02665109932422638
489963,28,0.011713800020515919,a,2022,Eintracht Frankfurt,Union Berlin,Christopher Trimmel,2022-10-01 13:30:00,0,0,0,0,False,0,1,0.0
489982,82,0.031459201127290726,a,2022,Eintracht Frankfurt,Union Berlin,Christopher Trimmel,2022-10-01 13:30:00,0,0,0,0,False,0,2,0.011713800020515919
504556,14,0.03657490015029907,h,2022,Union Berlin,Hoffenheim,Christopher Trimmel,2023-01-21 14:30:00,0,0,0,0,False,0,0,0.0
504568,54,0.072604700922966,h,2022,Union Berlin,Hoffenheim,Christopher Trimmel,2023-01-21 14:30:00,0,0,0,0,False,0,1,0.03657490015029907
504573,67,0.023633399978280067,h,2022,Union Berlin,Hoffenheim,Christopher Trimmel,2023-01-21 14:30:00,0,0,0,0,False,0,1,0.10917960107326508
510257,4,0.06352870166301727,h,2022,Union Berlin,Schalke 04,Christopher Trimmel,2023-02-19 14:30:00,0,0,0,0,False,0,0,0.0
512078,79,0.055974699556827545,h,2022,Union Berlin,FC Cologne,Christopher Trimmel,2023-03-04 14:30:00,0,0,0,0,False,0,0,0.0
524578,93,0.00803961232304573,a,2022,Augsburg,Union Berlin,Christopher Trimmel,2023-05-06 13:30:00,0,0,0,0,False,0,1,0.0
525938,19,0.07162649184465408,h,2022,Union Berlin,Freiburg,Christopher Trimmel,2023-05-13 13:30:00,0,0,0,0,False,1,0,0.0
529107,15,0.09654190391302109,h,2022,Union Berlin,Werder Bremen,Christopher Trimmel,2023-05-27 13:30:00,0,0,0,0,False,0,0,0.0
489956,92,0.023465700447559357,a,2022,FC Cologne,Borussia Dortmund,Emre Can,2022-10-01 13:30:00,0,0,0,0,False,1,3,0.0
491756,72,0.05547570064663887,h,2022,Borussia Dortmund,Bayern Munich,Emre Can,2022-10-08 16:30:00,0,0,0,0,False,0,2,0.0
493807,6,0.21709099411964417,a,2022,Union Berlin,Borussia Dortmund,Emre Can,2022-10-16 15:30:00,0,0,0,0,False,0,0,0.0
496748,73,0.04582580178976059,a,2022,Eintracht Frankfurt,Borussia Dortmund,Emre Can,2022-10-29 16:30:00,0,0,0,0,False,2,1,0.0
506992,72,0.07643470168113708,h,2022,Borussia Dortmund,Freiburg,Emre Can,2023-02-04 14:30:00,0,0,0,0,False,4,1,0.0
508263,37,0.03905479982495308,a,2022,Werder Bremen,Borussia Dortmund,Emre Can,2023-02-11 14:30:00,0,0,0,0,False,0,0,0.0
510735,40,0.018718399107456207,a,2022,Hoffenheim,Borussia Dortmund,Emre Can,2023-02-25 14:30:00,0,0,0,0,False,0,0,0.0
511774,38,0.015689799562096596,h,2022,Borussia Dortmund,RasenBallsport Leipzig,Emre Can,2023-03-03 19:30:00,0,0,0,0,True,1,0,0.0
516620,71,0.7577769756317139,a,2022,Bayern Munich,Borussia Dortmund,Emre Can,2023-04-01 16:30:00,0,0,0,0,True,0,3,0.0
522485,78,0.07371155917644501,a,2022,Bochum,Borussia Dortmund,Emre Can,2023-04-28 18:30:00,0,0,0,0,False,1,1,0.0
526202,28,0.013779652304947376,h,2022,Borussia Dortmund,Borussia M.Gladbach,Emre Can,2023-05-13 16:30:00,0,0,0,0,False,3,0,0.0
526219,57,0.018791187554597855,h,2022,Borussia Dortmund,Borussia M.Gladbach,Emre Can,2023-05-13 16:30:00,0,0,0,0,False,4,0,0.013779652304947376
526223,71,0.02481180429458618,h,2022,Borussia Dortmund,Borussia M.Gladbach,Emre Can,2023-05-13 16:30:00,0,0,0,0,False,4,0,0.03257083985954523
528147,10,0.05008117854595184,a,2022,Augsburg,Borussia Dortmund,Emre Can,2023-05-21 15:30:00,0,0,0,0,False,0,0,0.0
528165,53,0.02459738589823246,a,2022,Augsburg,Borussia Dortmund,Emre Can,2023-05-21 15:30:00,0,0,0,0,False,0,0,0.05008117854595184
528879,29,0.09548062831163406,h,2022,Borussia Dortmund,Mainz 05,Emre Can,2023-05-27 13:30:00,0,0,0,0,False,0,2,0.0
528893,61,0.04416364058852196,h,2022,Borussia Dortmund,Mainz 05,Emre Can,2023-05-27 13:30:00,0,0,0,0,False,0,2,0.09548062831163406
479871,36,0.03240650147199631,h,2022,FC Cologne,Schalke 04,Dejan Ljubicic,2022-08-07 15:30:00,0,0,1,0,False,0,0,0.0
479874,42,0.015671800822019577,h,2022,FC Cologne,Schalke 04,Dejan Ljubicic,2022-08-07 15:30:00,0,0,1,0,False,0,0,0.03240650147199631
479875,45,0.016711000353097916,h,2022,FC Cologne,Schalke 04,Dejan Ljubicic,2022-08-07 15:30:00,0,0,1,0,False,0,0,0.048078302294015884
479877,46,0.011575100012123585,h,2022,FC Cologne,Schalke 04,Dejan Ljubicic,2022-08-07 15:30:00,0,0,1,0,False,0,0,0.0647893026471138
479891,79,0.11581700295209885,h,2022,FC Cologne,Schalke 04,Dejan Ljubicic,2022-08-07 15:30:00,0,0,0,0,True,2,1,0.07636440265923738
480238,22,0.07046160101890564,a,2022,RasenBallsport Leipzig,FC Cologne,Dejan Ljubicic,2022-08-13 13:30:00,0,0,0,0,False,0,0,0.0
484405,84,0.0173358004540205,h,2022,FC Cologne,VfB Stuttgart,Dejan Ljubicic,2022-08-28 13:30:00,0,0,0,0,False,0,0,0.0
485765,21,0.34151801466941833,a,2022,Wolfsburg,FC Cologne,Dejan Ljubicic,2022-09-03 13:30:00,0,0,0,0,True,0,1,0.0
485781,71,0.04193520173430443,a,2022,Wolfsburg,FC Cologne,Dejan Ljubicic,2022-09-03 13:30:00,1,0,0,0,False,2,1,0.34151801466941833
489476,21,0.015674099326133728,a,2022,Bochum,FC Cologne,Dejan Ljubicic,2022-09-18 15:30:00,0,0,0,0,False,0,0,0.0
489914,2,0.06047239899635315,h,2022,FC Cologne,Borussia Dortmund,Dejan Ljubicic,2022-10-01 13:30:00,0,0,1,0,False,0,0,0.0
489913,2,0.09515029937028885,h,2022,FC Cologne,Borussia Dortmund,Dejan Ljubicic,2022-10-01 13:30:00,0,0,1,0,False,0,0,0.06047239899635315
489927,41,0.28914499282836914,h,2022,FC Cologne,Borussia Dortmund,Dejan Ljubicic,2022-10-01 13:30:00,0,0,1,0,False,0,1,0.155622698366642
489946,70,0.053051698952913284,h,2022,FC Cologne,Borussia Dortmund,Dejan Ljubicic,2022-10-01 13:30:00,0,0,0,0,True,2,1,0.44476769119501114
492214,24,0.024206699803471565,a,2022,Borussia M.Gladbach,FC Cologne,Dejan Ljubicic,2022-10-09 13:30:00,0,0,0,0,False,0,0,0.0
504814,83,0.2082359939813614,h,2022,FC Cologne,Werder Bremen,Dejan Ljubicic,2023-01-21 17:30:00,0,0,0,0,False,6,1,0.0
506225,58,0.0183716993778944,a,2022,Schalke 04,FC Cologne,Dejan Ljubicic,2023-01-29 14:30:00,0,0,0,0,False,0,0,0.0
507030,36,0.06505709886550903,h,2022,FC Cologne,RasenBallsport Leipzig,Dejan Ljubicic,2023-02-04 14:30:00,0,0,0,0,False,0,0,0.0
510778,36,0.02195190079510212,h,2022,FC Cologne,Wolfsburg,Dejan Ljubicic,2023-02-25 14:30:00,0,0,0,0,False,0,1,0.0
512064,18,0.10514900088310242,a,2022,Union Berlin,FC Cologne,Dejan Ljubicic,2023-03-04 14:30:00,0,0,0,0,False,0,0,0.0
515238,21,0.010536899790167809,a,2022,Borussia Dortmund,FC Cologne,Dejan Ljubicic,2023-03-18 17:30:00,0,0,0,0,False,0,2,0.0
515252,78,0.04082779958844185,a,2022,Borussia Dortmund,FC Cologne,Dejan Ljubicic,2023-03-18 17:30:00,0,0,0,0,False,1,6,0.010536899790167809
517001,69,0.050148699432611465,h,2022,FC Cologne,Borussia M.Gladbach,Dejan Ljubicic,2023-04-02 13:30:00,0,0,0,0,False,0,0,0.0
517868,73,0.027671899646520615,a,2022,Augsburg,FC Cologne,Dejan Ljubicic,2023-04-08 13:30:00,0,0,0,0,False,3,1,0.0
517870,92,0.2684830129146576,a,2022,Augsburg,FC Cologne,Dejan Ljubicic,2023-04-08 13:30:00,0,0,0,0,False,3,1,0.027671899646520615
519349,50,0.07525280117988586,h,2022,FC Cologne,Mainz 05,Dejan Ljubicic,2023-04-15 13:30:00,0,0,0,0,True,0,1,0.0
519355,87,0.022710099816322327,h,2022,FC Cologne,Mainz 05,Dejan Ljubicic,2023-04-15 13:30:00,1,0,0,0,False,1,1,0.07525280117988586
520795,24,0.02928789146244526,a,2022,Hoffenheim,FC Cologne,Dejan Ljubicic,2023-04-22 13:30:00,0,0,0,0,False,1,0,0.0
520803,53,0.014898475259542465,a,2022,Hoffenheim,FC Cologne,Dejan Ljubicic,2023-04-22 13:30:00,0,0,0,0,False,2,0,0.02928789146244526
524392,55,0.03104626014828682,a,2022,Bayer Leverkusen,FC Cologne,Dejan Ljubicic,2023-05-05 18:30:00,0,0,0,0,False,2,1,0.0
525559,44,0.0718548595905304,h,2022,FC Cologne,Hertha Berlin,Dejan Ljubicic,2023-05-12 18:30:00,0,0,0,0,False,3,2,0.0
525567,58,0.026533765718340874,h,2022,FC Cologne,Hertha Berlin,Dejan Ljubicic,2023-05-12 18:30:00,0,0,0,0,False,3,2,0.0718548595905304
525573,76,0.020702237263321877,h,2022,FC Cologne,Hertha Berlin,Dejan Ljubicic,2023-05-12 18:30:00,0,0,0,0,False,4,2,0.09838862530887127
527291,13,0.011708618141710758,a,2022,Werder Bremen,FC Cologne,Dejan Ljubicic,2023-05-20 13:30:00,0,0,0,0,False,0,0,0.0
529047,80,0.75777667760849,h,2022,FC Cologne,Bayern Munich,Dejan Ljubicic,2023-05-27 13:30:00,0,0,0,0,True,0,1,0.0
479136,59,0.04554719850420952,a,2022,Union Berlin,Hertha Berlin,Wilfried Kanga,2022-08-06 13:30:00,0,0,0,0,False,0,3,0.0
480180,22,0.4760580062866211,h,2022,Hertha Berlin,Eintracht Frankfurt,Wilfried Kanga,2022-08-13 13:30:00,0,0,0,0,False,1,0,0.0
481527,9,0.05156460031867027,a,2022,Borussia M.Gladbach,Hertha Berlin,Wilfried Kanga,2022-08-19 18:30:00,0,0,0,0,False,0,0,0.0
481529,13,0.10717199742794037,a,2022,Borussia M.Gladbach,Hertha Berlin,Wilfried Kanga,2022-08-19 18:30:00,0,0,0,0,False,0,0,0.05156460031867027
481536,41,0.06520780175924301,a,2022,Borussia M.Gladbach,Hertha Berlin,Wilfried Kanga,2022-08-19 18:30:00,0,0,0,0,False,0,1,0.15873659774661064
486579,3,0.12586399912834167,a,2022,Augsburg,Hertha Berlin,Wilfried Kanga,2022-09-04 13:30:00,0,0,0,0,False,0,0,0.0
486586,39,0.07200360298156738,a,2022,Augsburg,Hertha Berlin,Wilfried Kanga,2022-09-04 13:30:00,0,0,0,0,False,0,0,0.12586399912834167
486596,72,0.5597580075263977,a,2022,Augsburg,Hertha Berlin,Wilfried Kanga,2022-09-04 13:30:00,0,0,0,0,False,1,0,0.19786760210990906
487490,36,0.39815399050712585,h,2022,Hertha Berlin,Bayer Leverkusen,Wilfried Kanga,2022-09-10 13:30:00,0,0,0,0,False,0,0,0.0
490824,7,0.05677739903330803,h,2022,Hertha Berlin,Hoffenheim,Wilfried Kanga,2022-10-02 13:30:00,0,0,0,0,False,0,0,0.0
493232,56,0.06761229783296585,a,2022,RasenBallsport Leipzig,Hertha Berlin,Wilfried Kanga,2022-10-15 16:30:00,0,0,0,0,False,0,3,0.0
493247,93,0.0516710989177227,a,2022,RasenBallsport Leipzig,Hertha Berlin,Wilfried Kanga,2022-10-15 16:30:00,0,0,0,0,False,2,3,0.06761229783296585
493248,94,0.11200399696826935,a,2022,RasenBallsport Leipzig,Hertha Berlin,Wilfried Kanga,2022-10-15 16:30:00,0,0,0,0,False,2,3,0.11928339675068855
495745,1,0.08804050087928772,h,2022,Hertha Berlin,Schalke 04,Wilfried Kanga,2022-10-23 15:30:00,0,0,1,0,False,0,0,0.0
495747,4,0.39105600118637085,h,2022,Hertha Berlin,Schalke 04,Wilfried Kanga,2022-10-23 15:30:00,0,0,1,0,False,0,0,0.08804050087928772
495754,43,0.0755750983953476,h,2022,Hertha Berlin,Schalke 04,Wilfried Kanga,2022-10-23 15:30:00,0,0,1,0,False,0,0,0.47909650206565857
495760,76,0.01736849918961525,h,2022,Hertha Berlin,Schalke 04,Wilfried Kanga,2022-10-23 15:30:00,0,0,1,0,False,1,0,0.5546716004610062
495763,87,0.29281899333000183,h,2022,Hertha Berlin,Schalke 04,Wilfried Kanga,2022-10-23 15:30:00,0,0,0,0,True,1,1,0.5720400996506214
496163,48,0.027776500210165977,a,2022,Werder Bremen,Hertha Berlin,Wilfried Kanga,2022-10-28 18:30:00,0,0,0,0,False,0,0,0.0
499992,8,0.5735070109367371,h,2022,Hertha Berlin,FC Cologne,Wilfried Kanga,2022-11-12 14:30:00,0,0,0,0,True,0,0,0.0
500002,27,0.1527010053396225,h,2022,Hertha Berlin,FC Cologne,Wilfried Kanga,2022-11-12 14:30:00,1,0,0,0,False,1,0,0.5735070109367371
504547,76,0.04859140142798424,a,2022,Bochum,Hertha Berlin,Wilfried Kanga,2023-01-21 14:30:00,0,0,0,0,False,0,3,0.0
505697,22,0.10452400147914886,h,2022,Hertha Berlin,Union Berlin,Wilfried Kanga,2023-01-28 14:30:00,0,0,0,0,False,0,0,0.0
516123,17,0.11855900287628174,a,2022,Freiburg,Hertha Berlin,Wilfried Kanga,2023-04-01 13:30:00,0,0,0,0,False,0,0,0.0
519051,62,0.10683699697256088,a,2022,Schalke 04,Hertha Berlin,Wilfried Kanga,2023-04-14 18:30:00,0,0,0,0,False,1,3,0.0
488742,61,0.05748629942536354,a,2022,Borussia Dortmund,Schalke 04,Kenan Karaman,2022-09-17 13:30:00,0,0,0,0,False,0,0,0.0
490915,83,0.4956429898738861,h,2022,Schalke 04,Augsburg,Kenan Karaman,2022-10-02 15:30:00,0,0,0,0,False,2,3,0.0
490916,94,0.026216600090265274,h,2022,Schalke 04,Augsburg,Kenan Karaman,2022-10-02 15:30:00,0,0,0,0,False,2,3,0.4956429898738861
497397,18,0.042769599705934525,h,2022,Schalke 04,Freiburg,Kenan Karaman,2022-10-30 16:30:00,0,0,0,0,False,0,0,0.0
498206,14,0.05479229986667633,a,2022,Werder Bremen,Schalke 04,Kenan Karaman,2022-11-05 17:30:00,0,0,0,0,False,0,0,0.0
498223,63,0.10696999728679657,a,2022,Werder Bremen,Schalke 04,Kenan Karaman,2022-11-05 17:30:00,0,0,0,0,False,0,1,0.05479229986667633
499423,26,0.04734890162944794,h,2022,Schalke 04,Mainz 05,Kenan Karaman,2022-11-09 19:30:00,0,0,0,0,False,1,0,0.0
499426,36,0.024539200589060783,h,2022,Schalke 04,Mainz 05,Kenan Karaman,2022-11-09 19:30:00,0,0,0,0,False,1,0,0.04734890162944794
499433,55,0.2927519977092743,h,2022,Schalke 04,Mainz 05,Kenan Karaman,2022-11-09 19:30:00,0,0,0,0,False,1,0,0.07188810221850872
500288,3,0.04142320156097412,h,2022,Schalke 04,Bayern Munich,Kenan Karaman,2022-11-12 17:30:00,0,0,0,0,False,0,0,0.0
500293,20,0.06244179978966713,h,2022,Schalke 04,Bayern Munich,Kenan Karaman,2022-11-12 17:30:00,0,0,0,0,False,0,0,0.04142320156097412
504612,94,0.1402219980955124,a,2022,Eintracht Frankfurt,Schalke 04,Kenan Karaman,2023-01-21 14:30:00,0,0,0,0,False,0,3,0.0
513735,78,0.07464870065450668,h,2022,Schalke 04,Borussia Dortmund,Kenan Karaman,2023-03-11 17:30:00,0,0,0,0,True,1,2,0.0
519054,82,0.13535800576210022,h,2022,Schalke 04,Hertha Berlin,Kenan Karaman,2023-04-14 18:30:00,0,0,0,0,False,4,1,0.0
519056,87,0.2766039967536926,h,2022,Schalke 04,Hertha Berlin,Kenan Karaman,2023-04-14 18:30:00,0,0,0,0,False,4,2,0.13535800576210022
521538,70,0.01546188909560442,a,2022,Freiburg,Schalke 04,Kenan Karaman,2023-04-23 13:30:00,0,0,0,0,False,0,3,0.0
522898,11,0.1416972130537033,h,2022,Schalke 04,Werder Bremen,Kenan Karaman,2023-04-29 16:30:00,0,0,0,0,False,0,0,0.0
522916,72,0.06849794834852219,h,2022,Schalke 04,Werder Bremen,Kenan Karaman,2023-04-29 16:30:00,0,0,0,0,False,0,1,0.1416972130537033
524405,34,0.07237903028726578,a,2022,Mainz 05,Schalke 04,Kenan Karaman,2023-05-05 18:30:00,0,0,0,0,False,1,0,0.0
527349,40,0.07980953902006149,h,2022,Schalke 04,Eintracht Frankfurt,Kenan Karaman,2023-05-20 13:30:00,0,0,0,0,False,1,1,0.0
528943,92,0.05683399364352226,a,2022,RasenBallsport Leipzig,Schalke 04,Kenan Karaman,2023-05-27 13:30:00,0,0,0,0,False,1,3,0.0
479431,84,0.018154699355363846,h,2022,Borussia Dortmund,Bayer Leverkusen,Marius Wolf,2022-08-06 16:30:00,0,0,0,0,False,1,0,0.0
480060,81,0.03211979940533638,a,2022,Freiburg,Borussia Dortmund,Marius Wolf,2022-08-12 18:30:00,0,0,1,0,False,1,1,0.0
480063,87,0.08674590289592743,a,2022,Freiburg,Borussia Dortmund,Marius Wolf,2022-08-12 18:30:00,0,0,0,0,True,2,1,0.03211979940533638
485544,1,0.05088629946112633,h,2022,Borussia Dortmund,Hoffenheim,Marius Wolf,2022-09-02 18:30:00,0,0,0,0,False,0,0,0.0
485557,53,0.04202109947800636,h,2022,Borussia Dortmund,Hoffenheim,Marius Wolf,2022-09-02 18:30:00,0,0,0,0,False,1,0,0.05088629946112633
487414,0,0.05525070056319237,a,2022,RasenBallsport Leipzig,Borussia Dortmund,Marius Wolf,2022-09-10 13:30:00,0,0,0,0,False,0,0,0.0
488733,1,0.042410898953676224,h,2022,Borussia Dortmund,Schalke 04,Marius Wolf,2022-09-17 13:30:00,0,0,0,0,False,0,0,0.0
488736,44,0.04805219918489456,h,2022,Borussia Dortmund,Schalke 04,Marius Wolf,2022-09-17 13:30:00,0,0,0,0,False,0,0,0.042410898953676224
491750,45,0.017284000292420387,h,2022,Borussia Dortmund,Bayern Munich,Marius Wolf,2022-10-08 16:30:00,0,0,0,0,False,0,1,0.0
491763,93,0.10740199685096741,h,2022,Borussia Dortmund,Bayern Munich,Marius Wolf,2022-10-08 16:30:00,0,0,0,0,False,1,2,0.017284000292420387
506977,36,0.03237739950418472,h,2022,Borussia Dortmund,Freiburg,Marius Wolf,2023-02-04 14:30:00,0,0,0,0,False,1,0,0.0
510329,24,0.05675150081515312,h,2022,Borussia Dortmund,Hertha Berlin,Marius Wolf,2023-02-19 16:30:00,0,0,0,0,False,0,0,0.0
510346,77,0.01506850030273199,h,2022,Borussia Dortmund,Hertha Berlin,Marius Wolf,2023-02-19 16:30:00,0,0,0,0,False,3,1,0.05675150081515312
510726,18,0.04504309967160225,a,2022,Hoffenheim,Borussia Dortmund,Marius Wolf,2023-02-25 14:30:00,0,0,0,0,False,0,0,0.0
510739,46,0.10029400140047073,a,2022,Hoffenheim,Borussia Dortmund,Marius Wolf,2023-02-25 14:30:00,0,0,0,0,False,1,0,0.04504309967160225
510744,62,0.08386749774217606,a,2022,Hoffenheim,Borussia Dortmund,Marius Wolf,2023-02-25 14:30:00,0,0,0,0,False,1,0,0.14533710107207298
513720,36,0.031423598527908325,a,2022,Schalke 04,Borussia Dortmund,Marius Wolf,2023-03-11 17:30:00,0,0,0,0,False,0,0,0.0
513733,76,0.03292730078101158,a,2022,Schalke 04,Borussia Dortmund,Marius Wolf,2023-03-11 17:30:00,0,0,0,0,False,2,1,0.031423598527908325
515234,13,0.02241789922118187,h,2022,Borussia Dortmund,FC Cologne,Marius Wolf,2023-03-18 17:30:00,0,0,0,0,False,0,0,0.0
521061,82,0.04547903686761856,h,2022,Borussia Dortmund,Eintracht Frankfurt,Marius Wolf,2023-04-22 16:30:00,0,0,0,0,False,4,0,0.0
525197,82,0.01960613764822483,h,2022,Borussia Dortmund,Wolfsburg,Marius Wolf,2023-05-07 15:30:00,0,0,0,0,False,5,0,0.0
526234,91,0.01881030760705471,h,2022,Borussia Dortmund,Borussia M.Gladbach,Marius Wolf,2023-05-13 16:30:00,0,0,0,0,False,4,2,0.0
528144,7,0.036259725689888,a,2022,Augsburg,Borussia Dortmund,Marius Wolf,2023-05-21 15:30:00,0,0,0,0,False,0,0,0.0
480573,33,0.1220019981265068,h,2022,Schalke 04,Borussia M.Gladbach,Malick Thiaw,2022-08-13 16:30:00,0,0,0,0,False,1,0,0.0
483442,9,0.05666099861264229,h,2022,Schalke 04,Union Berlin,Malick Thiaw,2022-08-27 13:30:00,0,0,0,0,False,0,1,0.0
480303,89,0.1512649953365326,h,2022,Bayer Leverkusen,Augsburg,Jonathan Tah,2022-08-13 13:30:00,0,0,0,0,False,1,2,0.0
488722,71,0.043282799422740936,h,2022,Bayer Leverkusen,Werder Bremen,Jonathan Tah,2022-09-17 13:30:00,0,0,0,0,False,1,0,0.0
489722,33,0.018629400059580803,a,2022,Bayern Munich,Bayer Leverkusen,Jonathan Tah,2022-09-30 18:30:00,0,0,0,0,False,0,2,0.0
489729,43,0.02053380012512207,a,2022,Bayern Munich,Bayer Leverkusen,Jonathan Tah,2022-09-30 18:30:00,0,0,0,0,False,0,3,0.018629400059580803
489727,43,0.012635299935936928,a,2022,Bayern Munich,Bayer Leverkusen,Jonathan Tah,2022-09-30 18:30:00,0,0,0,0,False,0,3,0.03916320018470287
500090,81,0.7671020030975342,h,2022,Bayer Leverkusen,VfB Stuttgart,Jonathan Tah,2022-11-12 14:30:00,0,0,0,0,True,1,0,0.0
505464,55,0.027524400502443314,h,2022,Bayer Leverkusen,Bochum,Jonathan Tah,2023-01-25 19:30:00,0,0,0,0,False,2,0,0.0
510460,71,0.0761634036898613,h,2022,Bayer Leverkusen,Mainz 05,Jonathan Tah,2023-02-19 18:30:00,0,0,0,0,False,2,2,0.0
522618,46,0.028372090309858322,a,2022,Union Berlin,Bayer Leverkusen,Jonathan Tah,2023-04-29 13:30:00,0,0,0,0,False,0,0,0.0
524396,66,0.04623335972428322,h,2022,Bayer Leverkusen,FC Cologne,Jonathan Tah,2023-05-05 18:30:00,0,0,0,0,False,1,2,0.0
487427,63,0.11682400107383728,a,2022,RasenBallsport Leipzig,Borussia Dortmund,Giovanni Reyna,2022-09-10 13:30:00,0,0,0,0,False,0,2,0.0
488741,59,0.06606060266494751,h,2022,Borussia Dortmund,Schalke 04,Giovanni Reyna,2022-09-17 13:30:00,0,0,0,0,False,0,0,0.0
488747,80,0.10600999742746353,h,2022,Borussia Dortmund,Schalke 04,Giovanni Reyna,2022-09-17 13:30:00,0,0,0,0,False,1,0,0.06606060266494751
494999,39,0.02910340018570423,h,2022,Borussia Dortmund,VfB Stuttgart,Giovanni Reyna,2022-10-22 13:30:00,0,0,1,0,False,2,0,0.0
495001,43,0.07337430119514465,h,2022,Borussia Dortmund,VfB Stuttgart,Giovanni Reyna,2022-10-22 13:30:00,0,0,0,0,True,2,0,0.02910340018570423
497940,11,0.7577769756317139,h,2022,Borussia Dortmund,Bochum,Giovanni Reyna,2022-11-05 14:30:00,0,0,0,0,True,1,0,0.0
499742,1,0.0977092981338501,a,2022,Borussia M.Gladbach,Borussia Dortmund,Giovanni Reyna,2022-11-11 19:30:00,0,0,0,0,False,0,0,0.0
499751,31,0.06531059741973877,a,2022,Borussia M.Gladbach,Borussia Dortmund,Giovanni Reyna,2022-11-11 19:30:00,0,0,0,0,False,1,3,0.0977092981338501
499753,33,0.44303199648857117,a,2022,Borussia M.Gladbach,Borussia Dortmund,Giovanni Reyna,2022-11-11 19:30:00,0,0,0,0,False,1,3,0.16301989555358887
505010,77,0.056645698845386505,h,2022,Borussia Dortmund,Augsburg,Giovanni Reyna,2023-01-22 14:30:00,0,0,0,0,True,3,3,0.0
505013,86,0.06286810338497162,h,2022,Borussia Dortmund,Augsburg,Giovanni Reyna,2023-01-22 14:30:00,1,0,0,0,False,4,3,0.056645698845386505
505016,89,0.0534369982779026,h,2022,Borussia Dortmund,Augsburg,Giovanni Reyna,2023-01-22 14:30:00,1,0,0,0,False,4,3,0.11951380223035812
505449,92,0.424235999584198,a,2022,Mainz 05,Borussia Dortmund,Giovanni Reyna,2023-01-25 17:30:00,0,0,0,0,True,1,1,0.0
506998,81,0.08876810222864151,h,2022,Borussia Dortmund,Freiburg,Giovanni Reyna,2023-02-04 14:30:00,0,0,0,0,True,4,1,0.0
506999,86,0.06867630034685135,h,2022,Borussia Dortmund,Freiburg,Giovanni Reyna,2023-02-04 14:30:00,1,0,0,0,False,5,1,0.08876810222864151
508261,33,0.020271599292755127,a,2022,Werder Bremen,Borussia Dortmund,Giovanni Reyna,2023-02-11 14:30:00,0,0,0,0,False,0,0,0.0
519338,91,0.12686200439929962,a,2022,VfB Stuttgart,Borussia Dortmund,Giovanni Reyna,2023-04-15 13:30:00,0,0,0,0,True,2,2,0.0
522487,86,0.03194418177008629,a,2022,Bochum,Borussia Dortmund,Giovanni Reyna,2023-04-28 18:30:00,0,0,0,0,False,1,1,0.0
522491,95,0.02026735432446003,a,2022,Bochum,Borussia Dortmund,Giovanni Reyna,2023-04-28 18:30:00,0,0,0,0,False,1,1,0.03194418177008629
526231,88,0.033474151045084,h,2022,Borussia Dortmund,Borussia M.Gladbach,Giovanni Reyna,2023-05-13 16:30:00,0,0,1,0,False,4,2,0.0
526237,93,0.9702132940292358,h,2022,Borussia Dortmund,Borussia M.Gladbach,Giovanni Reyna,2023-05-13 16:30:00,0,0,0,0,True,4,2,0.033474151045084
526236,93,0.138727605342865,h,2022,Borussia Dortmund,Borussia M.Gladbach,Giovanni Reyna,2023-05-13 16:30:00,1,0,0,0,False,4,2,1.0036874450743198
528896,63,0.07058369368314743,h,2022,Borussia Dortmund,Mainz 05,Giovanni Reyna,2023-05-27 13:30:00,0,0,0,0,False,0,2,0.0
528902,77,0.05809049308300018,h,2022,Borussia Dortmund,Mainz 05,Giovanni Reyna,2023-05-27 13:30:00,0,0,0,0,False,1,2,0.07058369368314743
528906,89,0.05666068568825722,h,2022,Borussia Dortmund,Mainz 05,Giovanni Reyna,2023-05-27 13:30:00,0,0,0,0,False,1,2,0.1286741867661476
478990,4,0.029861299321055412,a,2022,Eintracht Frankfurt,Bayern Munich,Joshua Kimmich,2022-08-05 18:30:00,0,0,0,0,True,0,0,0.0
479015,80,0.01905130036175251,a,2022,Eintracht Frankfurt,Bayern Munich,Joshua Kimmich,2022-08-05 18:30:00,1,0,0,0,False,5,1,0.029861299321055412
481033,39,0.07683459669351578,h,2022,Bayern Munich,Wolfsburg,Joshua Kimmich,2022-08-14 15:30:00,0,0,0,0,False,1,0,0.0
481038,42,0.08741950243711472,h,2022,Bayern Munich,Wolfsburg,Joshua Kimmich,2022-08-14 15:30:00,0,0,0,0,False,1,0,0.07683459669351578
481042,49,0.03143719956278801,h,2022,Bayern Munich,Wolfsburg,Joshua Kimmich,2022-08-14 15:30:00,0,0,0,0,False,2,0,0.1642540991306305
482521,51,0.14373600482940674,a,2022,Bochum,Bayern Munich,Joshua Kimmich,2022-08-21 15:30:00,0,0,0,0,False,4,0,0.0
482526,62,0.07055539637804031,a,2022,Bochum,Bayern Munich,Joshua Kimmich,2022-08-21 15:30:00,0,0,0,0,False,5,0,0.14373600482940674
483894,11,0.08233869820833206,h,2022,Bayern Munich,Borussia M.Gladbach,Joshua Kimmich,2022-08-27 16:30:00,0,0,0,0,False,0,0,0.0
485821,14,0.038009900599718094,a,2022,Union Berlin,Bayern Munich,Joshua Kimmich,2022-09-03 13:30:00,0,0,0,0,True,0,1,0.0
487389,17,0.061546698212623596,h,2022,Bayern Munich,VfB Stuttgart,Joshua Kimmich,2022-09-10 13:30:00,0,0,0,0,False,0,0,0.0
487392,32,0.017107099294662476,h,2022,Bayern Munich,VfB Stuttgart,Joshua Kimmich,2022-09-10 13:30:00,0,0,0,0,False,0,0,0.061546698212623596
488611,0,0.011387400329113007,a,2022,Augsburg,Bayern Munich,Joshua Kimmich,2022-09-17 13:30:00,0,0,0,0,False,0,0,0.0
489715,15,0.07322029769420624,h,2022,Bayern Munich,Bayer Leverkusen,Joshua Kimmich,2022-09-30 18:30:00,0,0,0,0,False,1,0,0.0
493956,8,0.009927909821271896,h,2022,Bayern Munich,Freiburg,Joshua Kimmich,2022-10-16 17:30:00,0,0,0,0,False,0,0,0.0
494870,3,0.049616001546382904,a,2022,Hoffenheim,Bayern Munich,Joshua Kimmich,2022-10-22 13:30:00,0,0,0,0,False,0,0,0.0
496447,83,0.0398997999727726,h,2022,Bayern Munich,Mainz 05,Joshua Kimmich,2022-10-29 13:30:00,0,0,0,0,False,5,2,0.0
497937,87,0.060118500143289566,a,2022,Hertha Berlin,Bayern Munich,Joshua Kimmich,2022-11-05 14:30:00,0,0,0,0,False,3,2,0.0
500308,63,0.024080699309706688,a,2022,Schalke 04,Bayern Munich,Joshua Kimmich,2022-11-12 17:30:00,0,0,0,0,False,2,0,0.0
505406,89,0.017271600663661957,h,2022,Bayern Munich,FC Cologne,Joshua Kimmich,2023-01-24 19:30:00,0,0,0,0,True,0,1,0.0
505935,29,0.03272460028529167,h,2022,Bayern Munich,Eintracht Frankfurt,Joshua Kimmich,2023-01-28 17:30:00,0,0,0,0,False,0,0,0.0
505950,90,0.01111540012061596,h,2022,Bayern Munich,Eintracht Frankfurt,Joshua Kimmich,2023-01-28 17:30:00,0,0,0,0,False,1,1,0.03272460028529167
509597,48,0.03685399889945984,a,2022,Borussia M.Gladbach,Bayern Munich,Joshua Kimmich,2023-02-18 14:30:00,0,0,0,0,False,1,1,0.0
512352,11,0.023319900035858154,a,2022,VfB Stuttgart,Bayern Munich,Joshua Kimmich,2023-03-04 17:30:00,0,0,0,0,False,0,0,0.0
512361,37,0.01386489998549223,a,2022,VfB Stuttgart,Bayern Munich,Joshua Kimmich,2023-03-04 17:30:00,0,0,0,0,False,0,0,0.023319900035858154
515748,21,0.0993347018957138,a,2022,Bayer Leverkusen,Bayern Munich,Joshua Kimmich,2023-03-19 16:30:00,0,0,0,0,True,0,0,0.0
523312,24,0.04420112445950508,h,2022,Bayern Munich,Hertha Berlin,Joshua Kimmich,2023-04-30 13:30:00,0,0,0,0,False,0,0,0.0
525914,28,0.75777667760849,h,2022,Bayern Munich,Schalke 04,Joshua Kimmich,2023-05-13 13:30:00,0,0,0,0,True,1,0,0.0
527686,88,0.0093550318852067,h,2022,Bayern Munich,RasenBallsport Leipzig,Joshua Kimmich,2023-05-20 16:30:00,0,0,0,0,False,1,3,0.0
505495,18,0.03332500159740448,a,2022,Augsburg,Borussia M.Gladbach,Stefan Lainer,2023-01-25 19:30:00,0,0,0,0,False,0,0,0.0
505497,32,0.013799600303173065,a,2022,Augsburg,Borussia M.Gladbach,Stefan Lainer,2023-01-25 19:30:00,0,0,0,0,False,0,0,0.03332500159740448
518671,87,0.03960829973220825,h,2022,Borussia M.Gladbach,Wolfsburg,Stefan Lainer,2023-04-09 13:30:00,0,0,0,0,False,2,0,0.0
524499,93,0.0964750349521637,h,2022,Borussia M.Gladbach,Bochum,Stefan Lainer,2023-05-06 13:30:00,0,0,0,0,False,2,0,0.0
528255,38,0.6226198077201843,a,2022,Bayer Leverkusen,Borussia M.Gladbach,Stefan Lainer,2023-05-21 17:30:00,0,0,0,0,False,0,2,0.0
529085,30,0.10616853833198547,h,2022,Borussia M.Gladbach,Augsburg,Stefan Lainer,2023-05-27 13:30:00,0,0,0,0,False,1,0,0.0
488363,92,0.0648099035024643,h,2022,Mainz 05,Hertha Berlin,Marcus Ingvartsen,2022-09-16 18:30:00,0,0,0,0,False,0,1,0.0
491520,20,0.024684300646185875,h,2022,Mainz 05,RasenBallsport Leipzig,Marcus Ingvartsen,2022-10-08 13:30:00,0,0,1,0,False,0,0,0.0
491526,44,0.32245901226997375,h,2022,Mainz 05,RasenBallsport Leipzig,Marcus Ingvartsen,2022-10-08 13:30:00,0,0,0,0,True,0,0,0.024684300646185875
493030,26,0.024812599644064903,a,2022,Werder Bremen,Mainz 05,Marcus Ingvartsen,2022-10-15 13:30:00,0,0,1,0,False,0,0,0.0
493034,35,0.4169119894504547,a,2022,Werder Bremen,Mainz 05,Marcus Ingvartsen,2022-10-15 13:30:00,0,0,0,0,True,0,0,0.024812599644064903
494661,10,0.7577769756317139,h,2022,Mainz 05,FC Cologne,Marcus Ingvartsen,2022-10-21 18:30:00,0,0,0,0,True,0,0,0.0
494665,25,0.03863690048456192,h,2022,Mainz 05,FC Cologne,Marcus Ingvartsen,2022-10-21 18:30:00,1,0,0,0,False,1,0,0.7577769756317139
496445,81,0.08183900266885757,a,2022,Bayern Munich,Mainz 05,Marcus Ingvartsen,2022-10-29 13:30:00,0,0,0,0,True,1,5,0.0
498005,20,0.192781001329422,h,2022,Mainz 05,Wolfsburg,Marcus Ingvartsen,2022-11-05 14:30:00,0,0,0,0,False,0,0,0.0
498006,24,0.07625669986009598,h,2022,Mainz 05,Wolfsburg,Marcus Ingvartsen,2022-11-05 14:30:00,0,0,0,0,False,0,0,0.192781001329422
498016,57,0.4870019853115082,h,2022,Mainz 05,Wolfsburg,Marcus Ingvartsen,2022-11-05 14:30:00,0,0,0,0,False,0,1,0.269037701189518
498018,59,0.026945099234580994,h,2022,Mainz 05,Wolfsburg,Marcus Ingvartsen,2022-11-05 14:30:00,0,0,0,0,False,0,1,0.7560396865010262
498019,61,0.10734699666500092,h,2022,Mainz 05,Wolfsburg,Marcus Ingvartsen,2022-11-05 14:30:00,0,0,0,0,False,0,1,0.7829847857356071
499419,16,0.07015959918498993,a,2022,Schalke 04,Mainz 05,Marcus Ingvartsen,2022-11-09 19:30:00,0,0,0,0,False,0,1,0.0
499422,24,0.08487290143966675,a,2022,Schalke 04,Mainz 05,Marcus Ingvartsen,2022-11-09 19:30:00,0,0,0,0,False,0,1,0.07015959918498993
499432,53,0.08764220029115677,a,2022,Schalke 04,Mainz 05,Marcus Ingvartsen,2022-11-09 19:30:00,0,0,0,0,False,0,1,0.15503250062465668
504506,33,0.06888460367918015,a,2022,VfB Stuttgart,Mainz 05,Marcus Ingvartsen,2023-01-21 14:30:00,0,0,1,0,False,0,0,0.0
504510,39,0.7577769756317139,a,2022,VfB Stuttgart,Mainz 05,Marcus Ingvartsen,2023-01-21 14:30:00,0,0,0,0,True,0,1,0.06888460367918015
505438,49,0.07487549632787704,h,2022,Mainz 05,Borussia Dortmund,Marcus Ingvartsen,2023-01-25 17:30:00,0,0,0,0,False,1,1,0.0
505442,59,0.1412860006093979,h,2022,Mainz 05,Borussia Dortmund,Marcus Ingvartsen,2023-01-25 17:30:00,0,0,0,0,False,1,1,0.07487549632787704
507011,78,0.7577769756317139,a,2022,Union Berlin,Mainz 05,Marcus Ingvartsen,2023-02-04 14:30:00,0,0,0,0,True,0,1,0.0
507017,89,0.06448949873447418,a,2022,Union Berlin,Mainz 05,Marcus Ingvartsen,2023-02-04 14:30:00,1,0,0,0,False,1,2,0.7577769756317139
510462,81,0.7576959729194641,a,2022,Bayer Leverkusen,Mainz 05,Marcus Ingvartsen,2023-02-19 18:30:00,0,0,0,0,True,2,2,0.0
510465,94,0.08922570198774338,a,2022,Bayer Leverkusen,Mainz 05,Marcus Ingvartsen,2023-02-19 18:30:00,1,0,0,0,False,3,2,0.7576959729194641
510598,40,0.31640198826789856,h,2022,Mainz 05,Borussia M.Gladbach,Marcus Ingvartsen,2023-02-24 19:30:00,0,0,1,0,False,1,0,0.0
510604,48,0.7177029848098755,h,2022,Mainz 05,Borussia M.Gladbach,Marcus Ingvartsen,2023-02-24 19:30:00,0,0,0,0,True,1,0,0.31640198826789856
512098,59,0.08315049856901169,h,2022,Mainz 05,Hoffenheim,Marcus Ingvartsen,2023-03-04 14:30:00,0,0,0,0,False,1,0,0.0
515843,36,0.31390199065208435,h,2022,Mainz 05,Freiburg,Marcus Ingvartsen,2023-03-19 18:30:00,0,0,0,0,False,0,0,0.0
515842,36,0.053578998893499374,h,2022,Mainz 05,Freiburg,Marcus Ingvartsen,2023-03-19 18:30:00,0,0,0,0,False,0,0,0.31390199065208435
516151,8,0.7119250297546387,a,2022,RasenBallsport Leipzig,Mainz 05,Marcus Ingvartsen,2023-04-01 13:30:00,0,0,0,0,True,0,0,0.0
516154,24,0.3554919958114624,a,2022,RasenBallsport Leipzig,Mainz 05,Marcus Ingvartsen,2023-04-01 13:30:00,1,0,0,0,False,1,0,0.7119250297546387
516169,61,0.09614299982786179,a,2022,RasenBallsport Leipzig,Mainz 05,Marcus Ingvartsen,2023-04-01 13:30:00,1,0,0,0,False,2,0,1.067417025566101
517875,17,0.07782019674777985,h,2022,Mainz 05,Werder Bremen,Marcus Ingvartsen,2023-04-08 13:30:00,0,0,0,0,False,0,0,0.0
520721,77,0.06955743581056595,h,2022,Mainz 05,Bayern Munich,Marcus Ingvartsen,2023-04-22 13:30:00,0,0,0,0,False,2,1,0.0
525887,34,0.059304554015398026,a,2022,Eintracht Frankfurt,Mainz 05,Marcus Ingvartsen,2023-05-13 13:30:00,0,0,0,0,False,0,1,0.0
528019,22,0.949497640132904,h,2022,Mainz 05,VfB Stuttgart,Marcus Ingvartsen,2023-05-21 13:30:00,0,0,0,0,True,0,0,0.0
500039,80,0.016513599082827568,h,2022,Augsburg,Bochum,Lukas Petkov,2022-11-12 14:30:00,0,0,0,0,False,0,1,0.0
500043,92,0.017564700916409492,h,2022,Augsburg,Bochum,Lukas Petkov,2022-11-12 14:30:00,0,0,0,0,False,0,1,0.016513599082827568
479169,20,0.02251349948346615,a,2022,Wolfsburg,Werder Bremen,Niclas Füllkrug,2022-08-06 13:30:00,0,0,0,0,True,0,1,0.0
479172,36,0.6170849800109863,a,2022,Wolfsburg,Werder Bremen,Niclas Füllkrug,2022-08-06 13:30:00,1,0,0,0,False,2,1,0.02251349948346615
480257,3,0.04882900044322014,h,2022,Werder Bremen,VfB Stuttgart,Niclas Füllkrug,2022-08-13 13:30:00,0,0,0,0,True,0,0,0.0
480259,8,0.12559400498867035,h,2022,Werder Bremen,VfB Stuttgart,Niclas Füllkrug,2022-08-13 13:30:00,1,0,0,0,False,1,0,0.04882900044322014
481701,3,0.0110317999497056,a,2022,Borussia Dortmund,Werder Bremen,Niclas Füllkrug,2022-08-20 13:30:00,0,0,0,0,False,0,0,0.0
481705,34,0.03397040069103241,a,2022,Borussia Dortmund,Werder Bremen,Niclas Füllkrug,2022-08-20 13:30:00,0,0,0,0,False,0,0,0.0110317999497056
481708,50,0.05465110018849373,a,2022,Borussia Dortmund,Werder Bremen,Niclas Füllkrug,2022-08-20 13:30:00,0,0,0,0,False,0,1,0.04500220064073801
484511,37,0.5508279800415039,h,2022,Werder Bremen,Eintracht Frankfurt,Niclas Füllkrug,2022-08-28 15:30:00,0,0,1,0,False,2,2,0.0
484519,81,0.23260100185871124,h,2022,Werder Bremen,Eintracht Frankfurt,Niclas Füllkrug,2022-08-28 15:30:00,0,0,1,0,False,2,4,0.5508279800415039
484520,91,0.7577769756317139,h,2022,Werder Bremen,Eintracht Frankfurt,Niclas Füllkrug,2022-08-28 15:30:00,0,0,0,0,True,2,4,0.7834289819002151
485730,21,0.3199320137500763,a,2022,Bochum,Werder Bremen,Niclas Füllkrug,2022-09-03 13:30:00,0,0,1,0,False,0,0,0.0
485755,85,0.27391600608825684,a,2022,Bochum,Werder Bremen,Niclas Füllkrug,2022-09-03 13:30:00,0,0,1,0,True,0,0,0.3199320137500763
485757,91,0.7577769756317139,a,2022,Bochum,Werder Bremen,Niclas Füllkrug,2022-09-03 13:30:00,1,0,0,0,True,1,0,0.5938480198383331
485758,92,0.022519899532198906,a,2022,Bochum,Werder Bremen,Niclas Füllkrug,2022-09-03 13:30:00,1,0,0,0,False,2,0,1.351624995470047
487238,74,0.02356179989874363,h,2022,Werder Bremen,Augsburg,Niclas Füllkrug,2022-09-09 18:30:00,0,0,0,0,False,0,1,0.0
487243,81,0.030501600354909897,h,2022,Werder Bremen,Augsburg,Niclas Füllkrug,2022-09-09 18:30:00,0,0,0,0,False,0,1,0.02356179989874363
487245,94,0.3784419894218445,h,2022,Werder Bremen,Augsburg,Niclas Füllkrug,2022-09-09 18:30:00,0,0,0,0,False,0,1,0.054063400253653526
488704,31,0.029332900419831276,a,2022,Bayer Leverkusen,Werder Bremen,Niclas Füllkrug,2022-09-17 13:30:00,0,0,0,0,False,0,0,0.0
488711,40,0.2600240111351013,a,2022,Bayer Leverkusen,Werder Bremen,Niclas Füllkrug,2022-09-17 13:30:00,0,0,0,0,False,0,0,0.029332900419831276
488718,59,0.06509879976511002,a,2022,Bayer Leverkusen,Werder Bremen,Niclas Füllkrug,2022-09-17 13:30:00,0,0,0,0,False,0,1,0.2893569115549326
488723,72,0.05865209922194481,a,2022,Bayer Leverkusen,Werder Bremen,Niclas Füllkrug,2022-09-17 13:30:00,0,0,0,0,False,0,1,0.3544557113200426
488726,78,0.024655399844050407,a,2022,Bayer Leverkusen,Werder Bremen,Niclas Füllkrug,2022-09-17 13:30:00,0,0,0,0,False,0,1,0.4131078105419874
488727,81,0.08193569630384445,a,2022,Bayer Leverkusen,Werder Bremen,Niclas Füllkrug,2022-09-17 13:30:00,0,0,0,0,False,0,1,0.4377632103860378
488729,85,0.06671249866485596,a,2022,Bayer Leverkusen,Werder Bremen,Niclas Füllkrug,2022-09-17 13:30:00,0,0,0,0,False,1,1,0.5196989066898823
490315,4,0.4033859968185425,h,2022,Werder Bremen,Borussia M.Gladbach,Niclas Füllkrug,2022-10-01 16:30:00,0,0,1,0,True,0,0,0.0
490319,12,0.5691750049591064,h,2022,Werder Bremen,Borussia M.Gladbach,Niclas Füllkrug,2022-10-01 16:30:00,1,0,0,0,True,2,0,0.4033859968185425
490334,56,0.04136339947581291,h,2022,Werder Bremen,Borussia M.Gladbach,Niclas Füllkrug,2022-10-01 16:30:00,1,0,0,0,False,3,0,0.9725610017776489
491276,6,0.0198426004499197,a,2022,Hoffenheim,Werder Bremen,Niclas Füllkrug,2022-10-07 18:30:00,0,0,1,0,False,0,0,0.0
491282,35,0.04849889874458313,a,2022,Hoffenheim,Werder Bremen,Niclas Füllkrug,2022-10-07 18:30:00,0,0,1,0,False,1,1,0.0198426004499197
491295,86,0.7577769756317139,a,2022,Hoffenheim,Werder Bremen,Niclas Füllkrug,2022-10-07 18:30:00,0,0,0,0,True,1,1,0.06834149919450283
493027,11,0.09367000311613083,h,2022,Werder Bremen,Mainz 05,Niclas Füllkrug,2022-10-15 13:30:00,0,0,0,0,False,0,0,0.0
493028,16,0.0536080002784729,h,2022,Werder Bremen,Mainz 05,Niclas Füllkrug,2022-10-15 13:30:00,0,0,0,0,False,0,0,0.09367000311613083
493036,49,0.08920440077781677,h,2022,Werder Bremen,Mainz 05,Niclas Füllkrug,2022-10-15 13:30:00,0,0,0,0,False,0,1,0.14727800339460373
494908,52,0.021484600380063057,a,2022,Freiburg,Werder Bremen,Niclas Füllkrug,2022-10-22 13:30:00,0,0,0,0,False,0,0,0.0
494926,84,0.05892619863152504,a,2022,Freiburg,Werder Bremen,Niclas Füllkrug,2022-10-22 13:30:00,0,0,0,0,False,0,2,0.021484600380063057
496158,30,0.0487016998231411,h,2022,Werder Bremen,Hertha Berlin,Niclas Füllkrug,2022-10-28 18:30:00,0,0,1,0,False,0,0,0.0
496168,61,0.08712849766016006,h,2022,Werder Bremen,Hertha Berlin,Niclas Füllkrug,2022-10-28 18:30:00,0,0,1,0,False,0,0,0.0487016998231411
496170,76,0.03886590152978897,h,2022,Werder Bremen,Hertha Berlin,Niclas Füllkrug,2022-10-28 18:30:00,0,0,1,0,False,0,0,0.13583019748330116
496174,84,0.010649500414729118,h,2022,Werder Bremen,Hertha Berlin,Niclas Füllkrug,2022-10-28 18:30:00,0,0,0,0,True,0,0,0.17469609901309013
498208,21,0.02531849965453148,h,2022,Werder Bremen,Schalke 04,Niclas Füllkrug,2022-11-05 17:30:00,0,0,1,0,False,0,0,0.0
498212,28,0.45619499683380127,h,2022,Werder Bremen,Schalke 04,Niclas Füllkrug,2022-11-05 17:30:00,0,0,0,0,True,0,0,0.02531849965453148
498221,58,0.02025439962744713,h,2022,Werder Bremen,Schalke 04,Niclas Füllkrug,2022-11-05 17:30:00,1,0,0,0,False,1,0,0.48151349648833275
499972,21,0.7787989974021912,h,2022,Werder Bremen,RasenBallsport Leipzig,Niclas Füllkrug,2022-11-12 14:30:00,0,0,0,0,False,0,1,0.0
499987,74,0.039243098348379135,h,2022,Werder Bremen,RasenBallsport Leipzig,Niclas Füllkrug,2022-11-12 14:30:00,0,0,0,0,False,1,2,0.7787989974021912
499989,85,0.05015220120549202,h,2022,Werder Bremen,RasenBallsport Leipzig,Niclas Füllkrug,2022-11-12 14:30:00,0,0,0,0,False,1,2,0.8180420957505703
499990,88,0.03874240070581436,h,2022,Werder Bremen,RasenBallsport Leipzig,Niclas Füllkrug,2022-11-12 14:30:00,0,0,0,0,False,1,2,0.8681942969560623
504804,37,0.0608506016433239,a,2022,FC Cologne,Werder Bremen,Niclas Füllkrug,2023-01-21 17:30:00,0,0,0,0,True,0,5,0.0
505520,52,0.06555239856243134,h,2022,Werder Bremen,Union Berlin,Niclas Füllkrug,2023-01-25 19:30:00,0,0,0,0,False,1,2,0.0
505528,94,0.019416499882936478,h,2022,Werder Bremen,Union Berlin,Niclas Füllkrug,2023-01-25 19:30:00,0,0,0,0,False,1,2,0.06555239856243134
505740,23,0.7577769756317139,h,2022,Werder Bremen,Wolfsburg,Niclas Füllkrug,2023-01-28 14:30:00,0,0,1,0,True,0,0,0.0
505743,34,0.11708199977874756,h,2022,Werder Bremen,Wolfsburg,Niclas Füllkrug,2023-01-28 14:30:00,1,0,1,0,False,1,0,0.7577769756317139
505745,37,0.04090280085802078,h,2022,Werder Bremen,Wolfsburg,Niclas Füllkrug,2023-01-28 14:30:00,1,0,1,0,False,1,0,0.8748589754104614
505753,70,0.019605200737714767,h,2022,Werder Bremen,Wolfsburg,Niclas Füllkrug,2023-01-28 14:30:00,1,0,1,0,False,1,0,0.9157617762684822
505754,76,0.11974400281906128,h,2022,Werder Bremen,Wolfsburg,Niclas Füllkrug,2023-01-28 14:30:00,1,0,0,0,True,1,0,0.935366977006197
507659,16,0.05545619875192642,a,2022,VfB Stuttgart,Werder Bremen,Niclas Füllkrug,2023-02-05 14:30:00,0,0,0,0,False,0,0,0.0
508259,17,0.04930830001831055,h,2022,Werder Bremen,Borussia Dortmund,Niclas Füllkrug,2023-02-11 14:30:00,0,0,0,0,False,0,0,0.0
508262,36,0.2157289981842041,h,2022,Werder Bremen,Borussia Dortmund,Niclas Füllkrug,2023-02-11 14:30:00,0,0,0,0,False,0,0,0.04930830001831055
508269,57,0.07725290209054947,h,2022,Werder Bremen,Borussia Dortmund,Niclas Füllkrug,2023-02-11 14:30:00,0,0,0,0,False,0,0,0.26503729820251465
508270,61,0.02677229978144169,h,2022,Werder Bremen,Borussia Dortmund,Niclas Füllkrug,2023-02-11 14:30:00,0,0,0,0,False,0,0,0.3422902002930641
508274,79,0.026245400309562683,h,2022,Werder Bremen,Borussia Dortmund,Niclas Füllkrug,2023-02-11 14:30:00,0,0,0,0,False,0,1,0.3690625000745058
508275,80,0.05235780030488968,h,2022,Werder Bremen,Borussia Dortmund,Niclas Füllkrug,2023-02-11 14:30:00,0,0,0,0,False,0,1,0.3953079003840685
509896,89,0.07259160280227661,a,2022,Eintracht Frankfurt,Werder Bremen,Niclas Füllkrug,2023-02-18 17:30:00,0,0,0,0,False,0,1,0.0
510796,15,0.03326369822025299,h,2022,Werder Bremen,Bochum,Niclas Füllkrug,2023-02-25 14:30:00,0,0,1,0,False,0,0,0.0
510800,28,0.3265779912471771,h,2022,Werder Bremen,Bochum,Niclas Füllkrug,2023-02-25 14:30:00,0,0,0,0,True,0,0,0.03326369822025299
510801,38,0.06150680035352707,h,2022,Werder Bremen,Bochum,Niclas Füllkrug,2023-02-25 14:30:00,1,0,0,0,False,1,0,0.3598416894674301
512015,2,0.034501101821660995,a,2022,Augsburg,Werder Bremen,Niclas Füllkrug,2023-03-04 14:30:00,0,0,0,0,False,0,0,0.0
512016,3,0.020974600687623024,a,2022,Augsburg,Werder Bremen,Niclas Füllkrug,2023-03-04 14:30:00,0,0,0,0,False,0,0,0.034501101821660995
512028,41,0.30846500396728516,a,2022,Augsburg,Werder Bremen,Niclas Füllkrug,2023-03-04 14:30:00,0,0,0,0,False,1,1,0.05547570250928402
512035,65,0.020933199673891068,a,2022,Augsburg,Werder Bremen,Niclas Füllkrug,2023-03-04 14:30:00,0,0,0,0,False,1,2,0.3639407064765692
512038,78,0.07707729935646057,a,2022,Augsburg,Werder Bremen,Niclas Füllkrug,2023-03-04 14:30:00,0,0,0,0,False,1,2,0.38487390615046024
514260,64,0.052391499280929565,h,2022,Werder Bremen,Bayer Leverkusen,Niclas Füllkrug,2023-03-12 16:30:00,0,0,1,0,False,1,2,0.0
514263,85,0.7577769756317139,h,2022,Werder Bremen,Bayer Leverkusen,Niclas Füllkrug,2023-03-12 16:30:00,0,0,0,0,True,1,3,0.052391499280929565
514587,40,0.03306389972567558,a,2022,Borussia M.Gladbach,Werder Bremen,Niclas Füllkrug,2023-03-17 19:30:00,0,0,0,0,False,0,0,0.0
514607,85,0.028968799859285355,a,2022,Borussia M.Gladbach,Werder Bremen,Niclas Füllkrug,2023-03-17 19:30:00,0,0,0,0,False,1,2,0.03306389972567558
517124,32,0.05313289910554886,h,2022,Werder Bremen,Hoffenheim,Niclas Füllkrug,2023-04-02 15:30:00,0,0,0,0,False,0,0,0.0
517876,20,0.0739763006567955,a,2022,Mainz 05,Werder Bremen,Niclas Füllkrug,2023-04-08 13:30:00,0,0,1,0,False,0,0,0.0
517880,55,0.061855901032686234,a,2022,Mainz 05,Werder Bremen,Niclas Füllkrug,2023-04-08 13:30:00,0,0,1,0,False,0,0,0.0739763006567955
517887,72,0.3042779862880707,a,2022,Mainz 05,Werder Bremen,Niclas Füllkrug,2023-04-08 13:30:00,0,0,1,0,False,0,0,0.13583220168948174
517897,94,0.484703004360199,a,2022,Mainz 05,Werder Bremen,Niclas Füllkrug,2023-04-08 13:30:00,0,0,0,0,True,1,2,0.4401101879775524
527303,72,0.32114264369010925,h,2022,Werder Bremen,FC Cologne,Niclas Füllkrug,2023-05-20 13:30:00,0,0,0,0,False,0,1,0.0
479765,65,0.05994139984250069,a,2022,VfB Stuttgart,RasenBallsport Leipzig,Dominik Szoboszlai,2022-08-07 13:30:00,0,0,0,0,False,1,1,0.0
479770,73,0.026047300547361374,a,2022,VfB Stuttgart,RasenBallsport Leipzig,Dominik Szoboszlai,2022-08-07 13:30:00,0,0,0,0,False,1,1,0.05994139984250069
479779,91,0.01930450089275837,a,2022,VfB Stuttgart,RasenBallsport Leipzig,Dominik Szoboszlai,2022-08-07 13:30:00,0,0,0,0,False,1,1,0.08598870038986206
480235,8,0.03215759992599487,h,2022,RasenBallsport Leipzig,FC Cologne,Dominik Szoboszlai,2022-08-13 13:30:00,0,0,0,0,False,0,0,0.0
487416,7,0.29130101203918457,h,2022,RasenBallsport Leipzig,Borussia Dortmund,Dominik Szoboszlai,2022-09-10 13:30:00,0,0,1,0,False,1,0,0.0
487422,44,0.02259480021893978,h,2022,RasenBallsport Leipzig,Borussia Dortmund,Dominik Szoboszlai,2022-09-10 13:30:00,0,0,0,0,True,1,0,0.29130101203918457
488891,47,0.05254479870200157,a,2022,Borussia M.Gladbach,RasenBallsport Leipzig,Dominik Szoboszlai,2022-09-17 16:30:00,0,0,0,0,False,0,2,0.0
490052,25,0.05798880010843277,h,2022,RasenBallsport Leipzig,Bochum,Dominik Szoboszlai,2022-10-01 13:30:00,0,0,0,0,False,2,0,0.0
490059,59,0.0753604993224144,h,2022,RasenBallsport Leipzig,Bochum,Dominik Szoboszlai,2022-10-01 13:30:00,0,0,0,0,False,3,0,0.05798880010843277
493220,20,0.04172540083527565,h,2022,RasenBallsport Leipzig,Hertha Berlin,Dominik Szoboszlai,2022-10-15 16:30:00,0,0,0,0,False,0,0,0.0
494868,92,0.03931799903512001,a,2022,Augsburg,RasenBallsport Leipzig,Dominik Szoboszlai,2022-10-22 13:30:00,0,0,0,0,False,3,3,0.0
496333,56,0.3341900110244751,h,2022,RasenBallsport Leipzig,Bayer Leverkusen,Dominik Szoboszlai,2022-10-29 13:30:00,0,0,0,0,False,1,0,0.0
498000,86,0.10724200308322906,a,2022,Hoffenheim,RasenBallsport Leipzig,Dominik Szoboszlai,2022-11-05 14:30:00,0,0,0,0,False,3,1,0.0
499502,53,0.031135499477386475,h,2022,RasenBallsport Leipzig,Freiburg,Dominik Szoboszlai,2022-11-09 19:30:00,0,0,0,0,False,0,0,0.0
499970,5,0.01794230006635189,a,2022,Werder Bremen,RasenBallsport Leipzig,Dominik Szoboszlai,2022-11-12 14:30:00,0,0,0,0,False,0,0,0.0
499973,27,0.036564901471138,a,2022,Werder Bremen,RasenBallsport Leipzig,Dominik Szoboszlai,2022-11-12 14:30:00,0,0,0,0,False,1,0,0.01794230006635189
499977,46,0.08143480122089386,a,2022,Werder Bremen,RasenBallsport Leipzig,Dominik Szoboszlai,2022-11-12 14:30:00,0,0,0,0,False,1,0,0.05450720153748989
499985,73,0.11210300028324127,a,2022,Werder Bremen,RasenBallsport Leipzig,Dominik Szoboszlai,2022-11-12 14:30:00,0,0,0,0,False,2,1,0.13594200275838375
504377,51,0.033237699419260025,h,2022,RasenBallsport Leipzig,Bayern Munich,Dominik Szoboszlai,2023-01-20 19:30:00,0,0,0,0,False,0,1,0.0
505305,9,0.026918800547719002,a,2022,Schalke 04,RasenBallsport Leipzig,Dominik Szoboszlai,2023-01-24 17:30:00,0,0,0,0,False,1,0,0.0
505560,24,0.03930079936981201,h,2022,RasenBallsport Leipzig,VfB Stuttgart,Dominik Szoboszlai,2023-01-27 19:30:00,0,0,1,0,True,0,0,0.0
505568,48,0.06942590326070786,h,2022,RasenBallsport Leipzig,VfB Stuttgart,Dominik Szoboszlai,2023-01-27 19:30:00,1,0,0,0,True,1,0,0.03930079936981201
505573,76,0.03110009990632534,h,2022,RasenBallsport Leipzig,VfB Stuttgart,Dominik Szoboszlai,2023-01-27 19:30:00,1,0,0,0,False,2,1,0.10872670263051987
507025,7,0.01609569974243641,a,2022,FC Cologne,RasenBallsport Leipzig,Dominik Szoboszlai,2023-02-04 14:30:00,0,0,0,0,False,0,0,0.0
508619,1,0.017268400639295578,h,2022,RasenBallsport Leipzig,Union Berlin,Dominik Szoboszlai,2023-02-11 17:30:00,0,0,0,0,False,0,0,0.0
508620,6,0.010559500195086002,h,2022,RasenBallsport Leipzig,Union Berlin,Dominik Szoboszlai,2023-02-11 17:30:00,0,0,0,0,False,0,0,0.017268400639295578
509531,21,0.020148899406194687,a,2022,Wolfsburg,RasenBallsport Leipzig,Dominik Szoboszlai,2023-02-18 14:30:00,0,0,1,0,False,1,0,0.0
509535,40,0.057367000728845596,a,2022,Wolfsburg,RasenBallsport Leipzig,Dominik Szoboszlai,2023-02-18 14:30:00,0,0,1,0,False,1,0,0.020148899406194687
509547,82,0.06228109821677208,a,2022,Wolfsburg,RasenBallsport Leipzig,Dominik Szoboszlai,2023-02-18 14:30:00,0,0,1,0,False,1,0,0.07751590013504028
509550,91,0.14427299797534943,a,2022,Wolfsburg,RasenBallsport Leipzig,Dominik Szoboszlai,2023-02-18 14:30:00,0,0,0,0,True,2,0,0.13979699835181236
511767,4,0.024400999769568443,a,2022,Borussia Dortmund,RasenBallsport Leipzig,Dominik Szoboszlai,2023-03-03 19:30:00,0,0,0,0,False,0,0,0.0
511783,70,0.026244299486279488,a,2022,Borussia Dortmund,RasenBallsport Leipzig,Dominik Szoboszlai,2023-03-03 19:30:00,0,0,0,0,False,0,2,0.024400999769568443
513425,74,0.03472200036048889,h,2022,RasenBallsport Leipzig,Borussia M.Gladbach,Dominik Szoboszlai,2023-03-11 14:30:00,0,0,0,0,False,2,0,0.0
513429,89,0.3133620023727417,h,2022,RasenBallsport Leipzig,Borussia M.Gladbach,Dominik Szoboszlai,2023-03-11 14:30:00,0,0,0,0,False,3,0,0.03472200036048889
514886,24,0.0357964001595974,a,2022,Bochum,RasenBallsport Leipzig,Dominik Szoboszlai,2023-03-18 14:30:00,0,0,0,0,False,0,0,0.0
514888,31,0.038967300206422806,a,2022,Bochum,RasenBallsport Leipzig,Dominik Szoboszlai,2023-03-18 14:30:00,0,0,0,0,False,0,0,0.0357964001595974
514893,51,0.06421349942684174,a,2022,Bochum,RasenBallsport Leipzig,Dominik Szoboszlai,2023-03-18 14:30:00,0,0,0,0,False,0,1,0.0747637003660202
514912,91,0.09256000071763992,a,2022,Bochum,RasenBallsport Leipzig,Dominik Szoboszlai,2023-03-18 14:30:00,0,0,0,0,False,0,1,0.13897719979286194
516167,58,0.02143069915473461,h,2022,RasenBallsport Leipzig,Mainz 05,Dominik Szoboszlai,2023-04-01 13:30:00,0,0,0,0,False,0,2,0.0
516172,70,0.03316500037908554,h,2022,RasenBallsport Leipzig,Mainz 05,Dominik Szoboszlai,2023-04-01 13:30:00,0,0,0,0,False,0,3,0.02143069915473461
516173,78,0.01016599964350462,h,2022,RasenBallsport Leipzig,Mainz 05,Dominik Szoboszlai,2023-04-01 13:30:00,0,0,0,0,False,0,3,0.05459569953382015
516174,80,0.04211229830980301,h,2022,RasenBallsport Leipzig,Mainz 05,Dominik Szoboszlai,2023-04-01 13:30:00,0,0,0,0,False,0,3,0.06476169917732477
518311,53,0.029704499989748,a,2022,Hertha Berlin,RasenBallsport Leipzig,Dominik Szoboszlai,2023-04-08 16:30:00,0,0,0,0,False,1,0,0.0
518321,85,0.138387992978096,a,2022,Hertha Berlin,RasenBallsport Leipzig,Dominik Szoboszlai,2023-04-08 16:30:00,0,0,0,0,False,1,0,0.029704499989748
518324,89,0.03894380107522011,a,2022,Hertha Berlin,RasenBallsport Leipzig,Dominik Szoboszlai,2023-04-08 16:30:00,0,0,0,0,False,1,0,0.168092492967844
519263,2,0.11639899760484695,h,2022,RasenBallsport Leipzig,Augsburg,Dominik Szoboszlai,2023-04-15 13:30:00,0,0,0,0,False,0,0,0.0
521628,7,0.020761093124747276,a,2022,Bayer Leverkusen,RasenBallsport Leipzig,Dominik Szoboszlai,2023-04-23 15:30:00,0,0,0,0,False,0,0,0.0
521631,26,0.02363188937306404,a,2022,Bayer Leverkusen,RasenBallsport Leipzig,Dominik Szoboszlai,2023-04-23 15:30:00,0,0,0,0,False,0,0,0.020761093124747276
521633,30,0.02537837065756321,a,2022,Bayer Leverkusen,RasenBallsport Leipzig,Dominik Szoboszlai,2023-04-23 15:30:00,0,0,0,0,False,0,0,0.04439298249781132
521650,81,0.01944967359304428,a,2022,Bayer Leverkusen,RasenBallsport Leipzig,Dominik Szoboszlai,2023-04-23 15:30:00,0,0,0,0,False,0,1,0.06977135315537453
524611,16,0.10136021673679352,a,2022,Freiburg,RasenBallsport Leipzig,Dominik Szoboszlai,2023-05-06 13:30:00,0,0,0,0,False,0,0,0.0
524612,29,0.029331155121326447,a,2022,Freiburg,RasenBallsport Leipzig,Dominik Szoboszlai,2023-05-06 13:30:00,0,0,0,0,False,0,0,0.10136021673679352
524618,88,0.2714243531227112,a,2022,Freiburg,RasenBallsport Leipzig,Dominik Szoboszlai,2023-05-06 13:30:00,0,0,0,0,False,1,0,0.13069137185811996
526707,50,0.01090141013264656,h,2022,RasenBallsport Leipzig,Werder Bremen,Dominik Szoboszlai,2023-05-14 15:30:00,0,0,1,0,False,0,0,0.0
526725,95,0.6012673377990723,h,2022,RasenBallsport Leipzig,Werder Bremen,Dominik Szoboszlai,2023-05-14 15:30:00,0,0,0,0,True,1,1,0.01090141013264656
527668,33,0.03781212866306305,a,2022,Bayern Munich,RasenBallsport Leipzig,Dominik Szoboszlai,2023-05-20 16:30:00,0,0,1,0,False,0,1,0.0
527674,40,0.06233932450413704,a,2022,Bayern Munich,RasenBallsport Leipzig,Dominik Szoboszlai,2023-05-20 16:30:00,0,0,1,0,False,0,1,0.03781212866306305
527685,85,0.75777667760849,a,2022,Bayern Munich,RasenBallsport Leipzig,Dominik Szoboszlai,2023-05-20 16:30:00,0,0,0,0,True,2,1,0.10015145316720009
528938,85,0.10740941017866135,h,2022,RasenBallsport Leipzig,Schalke 04,Dominik Szoboszlai,2023-05-27 13:30:00,0,0,0,0,False,3,1,0.0
528939,86,0.05994993448257446,h,2022,RasenBallsport Leipzig,Schalke 04,Dominik Szoboszlai,2023-05-27 13:30:00,0,0,0,0,False,3,1,0.10740941017866135
528942,91,0.0270464476197958,h,2022,RasenBallsport Leipzig,Schalke 04,Dominik Szoboszlai,2023-05-27 13:30:00,0,0,0,0,False,3,1,0.1673593446612358
485861,89,0.019558999687433243,h,2022,Bayer Leverkusen,Freiburg,Timothy Fosu-Mensah,2022-09-03 13:30:00,0,0,0,0,False,2,3,0.0
494986,82,0.01690799929201603,h,2022,Bayer Leverkusen,Wolfsburg,Timothy Fosu-Mensah,2022-10-22 13:30:00,0,0,0,0,False,2,1,0.0
512762,69,0.026515500620007515,h,2022,Bayer Leverkusen,Hertha Berlin,Timothy Fosu-Mensah,2023-03-05 14:30:00,0,0,0,0,False,3,1,0.0
485753,78,0.04661550000309944,h,2022,Bochum,Werder Bremen,Christopher Antwi-Adjei,2022-09-03 13:30:00,0,0,0,0,False,0,0,0.0
490056,51,0.11173900216817856,a,2022,RasenBallsport Leipzig,Bochum,Christopher Antwi-Adjei,2022-10-01 13:30:00,0,0,0,0,False,0,2,0.0
496349,31,0.05854079872369766,a,2022,Wolfsburg,Bochum,Christopher Antwi-Adjei,2022-10-29 13:30:00,0,0,0,0,False,0,1,0.0
499145,6,0.36275801062583923,h,2022,Bochum,Borussia M.Gladbach,Christopher Antwi-Adjei,2022-11-08 19:30:00,0,0,0,0,True,0,0,0.0
499148,26,0.016047600656747818,h,2022,Bochum,Borussia M.Gladbach,Christopher Antwi-Adjei,2022-11-08 19:30:00,1,0,0,0,False,2,0,0.36275801062583923
499152,40,0.01779099926352501,h,2022,Bochum,Borussia M.Gladbach,Christopher Antwi-Adjei,2022-11-08 19:30:00,1,0,0,0,False,2,0,0.37880561128258705
499161,68,0.024282999336719513,h,2022,Bochum,Borussia M.Gladbach,Christopher Antwi-Adjei,2022-11-08 19:30:00,1,0,0,0,False,2,1,0.39659661054611206
500019,12,0.011971799656748772,a,2022,Augsburg,Bochum,Christopher Antwi-Adjei,2022-11-12 14:30:00,0,0,1,0,False,0,0,0.0
500020,13,0.07395680248737335,a,2022,Augsburg,Bochum,Christopher Antwi-Adjei,2022-11-12 14:30:00,0,0,1,0,False,0,0,0.011971799656748772
500030,57,0.36070701479911804,a,2022,Augsburg,Bochum,Christopher Antwi-Adjei,2022-11-12 14:30:00,0,0,0,0,True,0,0,0.08592860214412212
500035,71,0.33520299196243286,a,2022,Augsburg,Bochum,Christopher Antwi-Adjei,2022-11-12 14:30:00,1,0,0,0,False,1,0,0.44663561694324017
505453,3,0.03644939884543419,a,2022,Bayer Leverkusen,Bochum,Christopher Antwi-Adjei,2023-01-25 19:30:00,0,0,0,0,False,0,0,0.0
506965,78,0.04050249978899956,h,2022,Bochum,Hoffenheim,Christopher Antwi-Adjei,2023-02-04 14:30:00,0,0,0,0,False,4,2,0.0
509465,0,0.07968319952487946,h,2022,Bochum,Freiburg,Christopher Antwi-Adjei,2023-02-18 14:30:00,0,0,0,0,False,0,0,0.0
509466,4,0.01257460005581379,h,2022,Bochum,Freiburg,Christopher Antwi-Adjei,2023-02-18 14:30:00,0,0,0,0,False,0,0,0.07968319952487946
509473,31,0.07272029668092728,h,2022,Bochum,Freiburg,Christopher Antwi-Adjei,2023-02-18 14:30:00,0,0,0,0,False,0,0,0.09225779958069324
510811,78,0.06585729867219925,a,2022,Werder Bremen,Bochum,Christopher Antwi-Adjei,2023-02-25 14:30:00,0,0,0,0,False,0,3,0.0
512048,20,0.05124099925160408,h,2022,Bochum,Schalke 04,Christopher Antwi-Adjei,2023-03-04 14:30:00,0,0,0,0,False,0,0,0.0
512055,68,0.04269320145249367,h,2022,Bochum,Schalke 04,Christopher Antwi-Adjei,2023-03-04 14:30:00,0,0,0,0,False,0,0,0.05124099925160408
514887,24,0.020501600578427315,h,2022,Bochum,RasenBallsport Leipzig,Christopher Antwi-Adjei,2023-03-18 14:30:00,0,0,0,0,False,0,0,0.0
515969,10,0.03551330044865608,a,2022,Eintracht Frankfurt,Bochum,Christopher Antwi-Adjei,2023-03-31 19:30:00,0,0,0,0,False,0,0,0.0
520215,66,0.03561380133032799,a,2022,Union Berlin,Bochum,Christopher Antwi-Adjei,2023-04-16 15:30:00,0,0,0,0,False,1,1,0.0
520218,68,0.03709330037236214,a,2022,Union Berlin,Bochum,Christopher Antwi-Adjei,2023-04-16 15:30:00,0,0,0,0,False,1,1,0.03561380133032799
520221,77,0.027774199843406677,a,2022,Union Berlin,Bochum,Christopher Antwi-Adjei,2023-04-16 15:30:00,0,0,0,0,False,1,1,0.07270710170269012
524477,41,0.016921348869800568,a,2022,Borussia M.Gladbach,Bochum,Christopher Antwi-Adjei,2023-05-06 13:30:00,0,0,0,0,False,0,1,0.0
525804,1,0.053298138082027435,h,2022,Bochum,Augsburg,Christopher Antwi-Adjei,2023-05-13 13:30:00,0,0,0,0,True,0,0,0.0
527362,24,0.007619884330779314,a,2022,Hertha Berlin,Bochum,Christopher Antwi-Adjei,2023-05-20 13:30:00,0,0,0,0,False,0,0,0.0
527363,25,0.01234630960971117,a,2022,Hertha Berlin,Bochum,Christopher Antwi-Adjei,2023-05-20 13:30:00,0,0,0,0,False,0,0,0.007619884330779314
529020,42,0.03338102623820305,h,2022,Bochum,Bayer Leverkusen,Christopher Antwi-Adjei,2023-05-27 13:30:00,0,0,0,0,False,2,0,0.0
485805,67,0.08373750001192093,a,2022,VfB Stuttgart,Schalke 04,Sepp van den Berg,2022-09-03 13:30:00,0,0,0,0,False,1,1,0.0
487628,71,0.08394470065832138,h,2022,Schalke 04,Bochum,Sepp van den Berg,2022-09-10 16:30:00,0,0,0,0,False,1,1,0.0
488748,83,0.024312699213624,a,2022,Borussia Dortmund,Schalke 04,Sepp van den Berg,2022-09-17 13:30:00,0,0,0,0,False,0,1,0.0
522920,80,0.025548113510012627,h,2022,Schalke 04,Werder Bremen,Sepp van den Berg,2023-04-29 16:30:00,0,0,0,0,True,0,1,0.0
525922,62,0.06021694093942642,a,2022,Bayern Munich,Schalke 04,Sepp van den Berg,2023-05-13 13:30:00,0,0,0,0,False,0,3,0.0
508236,34,0.08588950335979462,a,2022,Mainz 05,Augsburg,Renato Veiga,2023-02-11 14:30:00,0,0,0,0,False,1,2,0.0
509334,51,0.010609200224280357,h,2022,Augsburg,Hoffenheim,Renato Veiga,2023-02-17 19:30:00,0,0,0,0,False,0,0,0.0
509340,67,0.020947899669408798,h,2022,Augsburg,Hoffenheim,Renato Veiga,2023-02-17 19:30:00,0,0,0,0,False,0,0,0.010609200224280357
509342,76,0.015286300331354141,h,2022,Augsburg,Hoffenheim,Renato Veiga,2023-02-17 19:30:00,0,0,0,0,False,0,0,0.031557099893689156
514879,87,0.04053280130028725,h,2022,Augsburg,Schalke 04,Renato Veiga,2023-03-18 14:30:00,0,0,0,0,False,1,0,0.0
522634,38,0.014734826050698757,a,2022,Eintracht Frankfurt,Augsburg,Renato Veiga,2023-04-29 13:30:00,0,0,0,0,False,0,0,0.0
528169,76,0.018646549433469772,h,2022,Augsburg,Borussia Dortmund,Renato Veiga,2023-05-21 15:30:00,0,0,0,0,False,0,1,0.0
529098,69,0.013019097968935966,a,2022,Borussia M.Gladbach,Augsburg,Renato Veiga,2023-05-27 13:30:00,0,0,0,0,False,0,2,0.0
504614,94,0.019360799342393875,a,2022,Eintracht Frankfurt,Schalke 04,Jere Uronen,2023-01-21 14:30:00,0,0,0,0,False,0,3,0.0
507365,66,0.00680857989937067,a,2022,Borussia M.Gladbach,Schalke 04,Jere Uronen,2023-02-04 17:30:00,0,0,0,0,False,0,0,0.0
508116,97,0.028759600594639778,h,2022,Schalke 04,Wolfsburg,Jere Uronen,2023-02-10 19:30:00,0,0,0,0,False,0,0,0.0
521521,22,0.010128084570169449,a,2022,Freiburg,Schalke 04,Jere Uronen,2023-04-23 13:30:00,0,0,0,0,False,0,1,0.0
481755,54,0.018961699679493904,h,2022,Augsburg,Mainz 05,Mads Pedersen,2022-08-20 13:30:00,0,0,0,0,False,1,1,0.0
505498,33,0.024451199918985367,h,2022,Augsburg,Borussia M.Gladbach,Mads Pedersen,2023-01-25 19:30:00,0,0,0,0,False,0,0,0.0
513463,88,0.011376399546861649,a,2022,Bayern Munich,Augsburg,Mads Pedersen,2023-03-11 14:30:00,0,0,0,0,False,2,5,0.0
519274,66,0.009043159894645214,a,2022,RasenBallsport Leipzig,Augsburg,Mads Pedersen,2023-04-15 13:30:00,0,0,0,0,False,1,3,0.0
519278,81,0.020037099719047546,a,2022,RasenBallsport Leipzig,Augsburg,Mads Pedersen,2023-04-15 13:30:00,0,0,0,0,False,1,3,0.009043159894645214
519285,87,0.052237801253795624,a,2022,RasenBallsport Leipzig,Augsburg,Mads Pedersen,2023-04-15 13:30:00,0,0,0,0,False,2,3,0.02908025961369276
519284,87,0.044983699917793274,a,2022,RasenBallsport Leipzig,Augsburg,Mads Pedersen,2023-04-15 13:30:00,0,0,0,0,False,2,3,0.08131806086748838
520470,22,0.06606613099575043,h,2022,Augsburg,VfB Stuttgart,Mads Pedersen,2023-04-21 18:30:00,0,0,0,0,False,1,0,0.0
522640,64,0.014581413008272648,a,2022,Eintracht Frankfurt,Augsburg,Mads Pedersen,2023-04-29 13:30:00,0,0,0,0,False,1,0,0.0
479196,34,0.018337799236178398,a,2022,Bochum,Mainz 05,Edimilson Fernandes,2022-08-06 13:30:00,0,0,0,0,False,1,0,0.0
479198,37,0.03850169852375984,a,2022,Bochum,Mainz 05,Edimilson Fernandes,2022-08-06 13:30:00,0,0,0,0,False,1,0,0.018337799236178398
488358,45,0.02018590085208416,h,2022,Mainz 05,Hertha Berlin,Edimilson Fernandes,2022-09-16 18:30:00,0,0,0,0,False,0,1,0.0
498003,8,0.01111849956214428,h,2022,Mainz 05,Wolfsburg,Edimilson Fernandes,2022-11-05 14:30:00,0,0,0,0,False,0,0,0.0
498021,67,0.05200070142745972,h,2022,Mainz 05,Wolfsburg,Edimilson Fernandes,2022-11-05 14:30:00,0,0,0,0,False,0,1,0.01111849956214428
499436,78,0.0621953010559082,a,2022,Schalke 04,Mainz 05,Edimilson Fernandes,2022-11-09 19:30:00,0,0,0,0,False,0,1,0.0
500713,8,0.02745649963617325,h,2022,Mainz 05,Eintracht Frankfurt,Edimilson Fernandes,2022-11-13 14:30:00,0,0,0,0,False,0,0,0.0
504521,71,0.013634099625051022,a,2022,VfB Stuttgart,Mainz 05,Edimilson Fernandes,2023-01-21 14:30:00,0,0,0,0,False,1,1,0.0
508246,60,0.01221999991685152,h,2022,Mainz 05,Augsburg,Edimilson Fernandes,2023-02-11 14:30:00,0,0,0,0,False,3,1,0.0
516175,82,0.09620390087366104,a,2022,RasenBallsport Leipzig,Mainz 05,Edimilson Fernandes,2023-04-01 13:30:00,0,0,0,0,False,3,0,0.0
517886,70,0.08172349631786346,h,2022,Mainz 05,Werder Bremen,Edimilson Fernandes,2023-04-08 13:30:00,0,0,0,0,False,0,0,0.0
519354,86,0.01738080009818077,a,2022,FC Cologne,Mainz 05,Edimilson Fernandes,2023-04-15 13:30:00,0,0,0,0,False,1,1,0.0
528025,58,0.037662941962480545,h,2022,Mainz 05,VfB Stuttgart,Edimilson Fernandes,2023-05-21 13:30:00,0,0,0,0,False,1,1,0.0
528028,73,0.0476921945810318,h,2022,Mainz 05,VfB Stuttgart,Edimilson Fernandes,2023-05-21 13:30:00,0,0,0,0,False,1,2,0.037662941962480545
528875,14,0.04253086447715759,a,2022,Borussia Dortmund,Mainz 05,Edimilson Fernandes,2023-05-27 13:30:00,0,0,0,0,False,0,0,0.0
481684,33,0.042706601321697235,a,2022,Bayer Leverkusen,Hoffenheim,Angelino,2022-08-20 13:30:00,0,0,0,0,False,1,0,0.0
481687,47,0.019838200882077217,a,2022,Bayer Leverkusen,Hoffenheim,Angelino,2022-08-20 13:30:00,0,0,0,0,False,2,0,0.042706601321697235
481698,87,0.06733909994363785,a,2022,Bayer Leverkusen,Hoffenheim,Angelino,2022-08-20 13:30:00,0,0,0,0,False,3,0,0.06254480220377445
487460,79,0.07591979950666428,h,2022,Hoffenheim,Mainz 05,Angelino,2022-09-10 13:30:00,0,0,0,0,False,2,0,0.0
490831,23,0.056121598929166794,a,2022,Hertha Berlin,Hoffenheim,Angelino,2022-10-02 13:30:00,0,0,0,0,False,0,0,0.0
492695,1,0.021976299583911896,a,2022,Schalke 04,Hoffenheim,Angelino,2022-10-14 18:30:00,0,0,0,0,False,0,0,0.0
492720,67,0.07509239763021469,a,2022,Schalke 04,Hoffenheim,Angelino,2022-10-14 18:30:00,0,0,0,0,False,3,0,0.021976299583911896
492723,77,0.028150100260972977,a,2022,Schalke 04,Hoffenheim,Angelino,2022-10-14 18:30:00,0,0,0,0,False,3,0,0.09706869721412659
497487,70,0.020939499139785767,a,2022,FC Cologne,Hoffenheim,Angelino,2022-10-30 18:30:00,0,0,0,0,False,1,1,0.0
500071,81,0.05704579874873161,h,2022,Hoffenheim,Wolfsburg,Angelino,2022-11-12 14:30:00,0,0,0,0,False,1,1,0.0
508293,48,0.05877989903092384,h,2022,Hoffenheim,Bayer Leverkusen,Angelino,2023-02-11 14:30:00,0,0,0,0,False,0,2,0.0
509326,32,0.08545219898223877,a,2022,Augsburg,Hoffenheim,Angelino,2023-02-17 19:30:00,0,0,0,0,False,0,0,0.0
509327,35,0.08220960199832916,a,2022,Augsburg,Hoffenheim,Angelino,2023-02-17 19:30:00,0,0,0,0,False,0,0,0.08545219898223877
510750,72,0.010173600167036057,h,2022,Hoffenheim,Borussia Dortmund,Angelino,2023-02-25 14:30:00,0,0,0,0,False,0,1,0.0
512083,17,0.04460249841213226,a,2022,Mainz 05,Hoffenheim,Angelino,2023-03-04 14:30:00,0,0,0,0,False,0,0,0.0
512094,49,0.046820200979709625,a,2022,Mainz 05,Hoffenheim,Angelino,2023-03-04 14:30:00,0,0,0,0,False,0,1,0.04460249841213226
517128,44,0.02088169939815998,a,2022,Werder Bremen,Hoffenheim,Angelino,2023-04-02 15:30:00,0,0,0,0,False,0,0,0.0
518898,84,0.030907999724149704,h,2022,Hoffenheim,Schalke 04,Angelino,2023-04-09 17:30:00,0,0,0,0,False,1,0,0.0
520800,47,0.043996814638376236,h,2022,Hoffenheim,FC Cologne,Angelino,2023-04-22 13:30:00,0,0,0,0,False,0,2,0.0
524598,63,0.04771833494305611,h,2022,Hoffenheim,Eintracht Frankfurt,Angelino,2023-05-06 13:30:00,0,0,0,0,False,3,1,0.0
479171,30,0.01593160070478916,h,2022,Wolfsburg,Werder Bremen,Patrick Wimmer,2022-08-06 13:30:00,0,0,0,0,False,1,2,0.0
489987,8,0.03615250065922737,h,2022,Wolfsburg,VfB Stuttgart,Patrick Wimmer,2022-10-01 13:30:00,0,0,0,0,False,0,0,0.0
491510,72,0.055622201412916183,a,2022,Augsburg,Wolfsburg,Patrick Wimmer,2022-10-08 13:30:00,0,0,0,0,False,1,1,0.0
493012,55,0.04903030022978783,h,2022,Wolfsburg,Borussia M.Gladbach,Patrick Wimmer,2022-10-15 13:30:00,0,0,0,0,False,1,2,0.0
498004,19,0.04499780014157295,a,2022,Mainz 05,Wolfsburg,Patrick Wimmer,2022-11-05 14:30:00,0,0,1,0,False,0,0,0.0
498010,32,0.07684359699487686,a,2022,Mainz 05,Wolfsburg,Patrick Wimmer,2022-11-05 14:30:00,0,0,0,0,True,0,0,0.04499780014157295
504479,0,0.08973740041255951,h,2022,Wolfsburg,Freiburg,Patrick Wimmer,2023-01-21 14:30:00,0,0,0,0,True,0,0,0.0
504486,33,0.04478750005364418,h,2022,Wolfsburg,Freiburg,Patrick Wimmer,2023-01-21 14:30:00,1,0,0,0,False,2,0,0.08973740041255951
505336,0,0.09636300057172775,a,2022,Hertha Berlin,Wolfsburg,Patrick Wimmer,2023-01-24 19:30:00,0,0,0,0,False,0,0,0.0
505736,0,0.3341050148010254,a,2022,Werder Bremen,Wolfsburg,Patrick Wimmer,2023-01-28 14:30:00,0,0,0,0,False,0,0,0.0
507782,27,0.39957499504089355,h,2022,Wolfsburg,Bayern Munich,Patrick Wimmer,2023-02-05 16:30:00,0,0,0,0,False,0,3,0.0
507780,27,0.07159460335969925,h,2022,Wolfsburg,Bayern Munich,Patrick Wimmer,2023-02-05 16:30:00,0,0,0,0,False,0,3,0.39957499504089355
507784,34,0.027853399515151978,h,2022,Wolfsburg,Bayern Munich,Patrick Wimmer,2023-02-05 16:30:00,0,0,0,0,False,0,3,0.4711695984005928
510776,20,0.05684259906411171,a,2022,FC Cologne,Wolfsburg,Patrick Wimmer,2023-02-25 14:30:00,0,0,0,0,False,1,0,0.0
512853,35,0.09426320344209671,h,2022,Wolfsburg,Eintracht Frankfurt,Patrick Wimmer,2023-03-05 16:30:00,0,0,0,0,False,1,2,0.0
514371,83,0.07344769686460495,h,2022,Wolfsburg,Union Berlin,Patrick Wimmer,2023-03-12 18:30:00,0,0,0,0,True,0,1,0.0
514845,43,0.07270640134811401,a,2022,VfB Stuttgart,Wolfsburg,Patrick Wimmer,2023-03-18 14:30:00,0,0,0,0,False,0,0,0.0
516212,14,0.026534300297498703,h,2022,Wolfsburg,Augsburg,Patrick Wimmer,2023-04-01 13:30:00,0,0,0,0,False,0,0,0.0
516213,19,0.49205198884010315,h,2022,Wolfsburg,Augsburg,Patrick Wimmer,2023-04-01 13:30:00,0,0,0,0,False,0,0,0.026534300297498703
516221,43,0.314862996339798,h,2022,Wolfsburg,Augsburg,Patrick Wimmer,2023-04-01 13:30:00,0,0,0,0,False,0,1,0.5185862891376019
520315,71,0.078227698802948,h,2022,Wolfsburg,Bayer Leverkusen,Patrick Wimmer,2023-04-16 17:30:00,0,0,0,0,False,0,0,0.0
520317,82,0.06252779811620712,h,2022,Wolfsburg,Bayer Leverkusen,Patrick Wimmer,2023-04-16 17:30:00,0,0,0,0,False,0,0,0.078227698802948
520762,32,0.09078600257635117,a,2022,Bochum,Wolfsburg,Patrick Wimmer,2023-04-22 13:30:00,0,0,0,0,True,2,0,0.0
523462,34,0.09063931554555893,h,2022,Wolfsburg,Mainz 05,Patrick Wimmer,2023-04-30 15:30:00,0,0,0,0,False,3,0,0.0
523470,71,0.4746495187282562,h,2022,Wolfsburg,Mainz 05,Patrick Wimmer,2023-04-30 15:30:00,0,0,0,0,False,3,0,0.09063931554555893
525173,18,0.4182667136192322,a,2022,Borussia Dortmund,Wolfsburg,Patrick Wimmer,2023-05-07 15:30:00,0,0,0,0,False,0,1,0.0
525200,87,0.06427103281021118,a,2022,Borussia Dortmund,Wolfsburg,Patrick Wimmer,2023-05-07 15:30:00,0,0,0,0,False,0,6,0.4182667136192322
525199,87,0.10323775559663773,a,2022,Borussia Dortmund,Wolfsburg,Patrick Wimmer,2023-05-07 15:30:00,0,0,0,0,False,0,6,0.48253774642944336
527050,35,0.029726838693022728,a,2022,Freiburg,Wolfsburg,Patrick Wimmer,2023-05-19 18:30:00,0,0,0,0,False,0,0,0.0
529059,30,0.08548435568809509,h,2022,Wolfsburg,Hertha Berlin,Patrick Wimmer,2023-05-27 13:30:00,0,0,0,0,False,1,0,0.0
529068,64,0.038568418473005295,h,2022,Wolfsburg,Hertha Berlin,Patrick Wimmer,2023-05-27 13:30:00,0,0,0,0,False,1,1,0.08548435568809509
499026,86,0.024389000609517097,a,2022,Wolfsburg,Borussia Dortmund,Marco Pasalic,2022-11-08 17:30:00,0,0,0,0,False,0,1,0.0
479167,15,0.024594299495220184,h,2022,Wolfsburg,Werder Bremen,Maximilian Arnold,2022-08-06 13:30:00,0,0,0,0,False,1,0,0.0
481040,45,0.03329470008611679,a,2022,Bayern Munich,Wolfsburg,Maximilian Arnold,2022-08-14 15:30:00,0,0,0,0,False,0,2,0.0
481782,63,0.04563070088624954,h,2022,Wolfsburg,Schalke 04,Maximilian Arnold,2022-08-20 13:30:00,0,0,0,0,False,0,0,0.0
481787,78,0.02225480042397976,h,2022,Wolfsburg,Schalke 04,Maximilian Arnold,2022-08-20 13:30:00,0,0,0,0,False,0,0,0.04563070088624954
483561,30,0.019541500136256218,a,2022,RasenBallsport Leipzig,Wolfsburg,Maximilian Arnold,2022-08-27 13:30:00,0,0,0,0,False,0,1,0.0
489398,50,0.012528800405561924,a,2022,Union Berlin,Wolfsburg,Maximilian Arnold,2022-09-18 13:30:00,0,0,0,0,False,0,0,0.0
490001,37,0.0170827005058527,h,2022,Wolfsburg,VfB Stuttgart,Maximilian Arnold,2022-10-01 13:30:00,0,0,0,0,True,1,1,0.0
491495,45,0.0363738015294075,a,2022,Augsburg,Wolfsburg,Maximilian Arnold,2022-10-08 13:30:00,0,0,0,0,False,1,0,0.0
491512,87,0.01450239960104227,a,2022,Augsburg,Wolfsburg,Maximilian Arnold,2022-10-08 13:30:00,0,0,0,0,False,1,1,0.0363738015294075
493004,38,0.018104400485754013,h,2022,Wolfsburg,Borussia M.Gladbach,Maximilian Arnold,2022-10-15 13:30:00,0,0,0,0,False,0,1,0.0
493016,75,0.017212800681591034,h,2022,Wolfsburg,Borussia M.Gladbach,Maximilian Arnold,2022-10-15 13:30:00,0,0,0,0,False,2,2,0.018104400485754013
493019,86,0.038942400366067886,h,2022,Wolfsburg,Borussia M.Gladbach,Maximilian Arnold,2022-10-15 13:30:00,0,0,0,0,False,2,2,0.03531720116734505
494978,53,0.7577769756317139,a,2022,Bayer Leverkusen,Wolfsburg,Maximilian Arnold,2022-10-22 13:30:00,0,0,0,0,True,0,1,0.0
496341,10,0.007801940198987722,h,2022,Wolfsburg,Bochum,Maximilian Arnold,2022-10-29 13:30:00,0,0,0,0,False,0,0,0.0
496362,66,0.05751049891114235,h,2022,Wolfsburg,Bochum,Maximilian Arnold,2022-10-29 13:30:00,0,0,0,0,False,3,0,0.007801940198987722
498022,69,0.030833199620246887,a,2022,Mainz 05,Wolfsburg,Maximilian Arnold,2022-11-05 14:30:00,0,0,0,0,True,1,0,0.0
500068,77,0.057460200041532516,a,2022,Hoffenheim,Wolfsburg,Maximilian Arnold,2022-11-12 14:30:00,0,0,0,0,False,1,1,0.0
504487,36,0.01323780044913292,h,2022,Wolfsburg,Freiburg,Maximilian Arnold,2023-01-21 14:30:00,0,0,0,0,False,2,0,0.0
504496,75,0.06787510216236115,h,2022,Wolfsburg,Freiburg,Maximilian Arnold,2023-01-21 14:30:00,0,0,0,0,False,4,0,0.01323780044913292
505341,30,0.7577769756317139,a,2022,Hertha Berlin,Wolfsburg,Maximilian Arnold,2023-01-24 19:30:00,0,0,0,0,True,1,0,0.0
505750,52,0.03207780048251152,a,2022,Werder Bremen,Wolfsburg,Maximilian Arnold,2023-01-28 14:30:00,0,0,0,0,False,0,1,0.0
507795,65,0.0102377999573946,h,2022,Wolfsburg,Bayern Munich,Maximilian Arnold,2023-02-05 16:30:00,0,0,0,0,False,1,3,0.0
508090,8,0.7577769756317139,a,2022,Schalke 04,Wolfsburg,Maximilian Arnold,2023-02-10 19:30:00,0,0,0,0,False,0,0,0.0
509542,73,0.04495669901371002,h,2022,Wolfsburg,RasenBallsport Leipzig,Maximilian Arnold,2023-02-18 14:30:00,0,0,0,0,False,0,1,0.0
510777,33,0.024983199313282967,a,2022,FC Cologne,Wolfsburg,Maximilian Arnold,2023-02-25 14:30:00,0,0,1,0,False,1,0,0.0
510780,44,0.03576219826936722,a,2022,FC Cologne,Wolfsburg,Maximilian Arnold,2023-02-25 14:30:00,0,0,1,0,False,1,0,0.024983199313282967
510786,67,0.7577769756317139,a,2022,FC Cologne,Wolfsburg,Maximilian Arnold,2023-02-25 14:30:00,0,0,0,0,True,1,0,0.060745397582650185
510787,72,0.01669370010495186,a,2022,FC Cologne,Wolfsburg,Maximilian Arnold,2023-02-25 14:30:00,1,0,0,0,False,2,0,0.818522373214364
516210,1,0,h,2022,Wolfsburg,Augsburg,Maximilian Arnold,2023-04-01 13:30:00,0,0,0,0,False,0,0,0.0
516214,20,0.7577769756317139,h,2022,Wolfsburg,Augsburg,Maximilian Arnold,2023-04-01 13:30:00,0,0,0,0,False,0,0,0.0
516218,38,0.011688300408422947,h,2022,Wolfsburg,Augsburg,Maximilian Arnold,2023-04-01 13:30:00,0,0,0,0,False,0,1,0.7577769756317139
516225,57,0.007811480201780796,h,2022,Wolfsburg,Augsburg,Maximilian Arnold,2023-04-01 13:30:00,0,0,0,0,False,0,1,0.7694652760401368
516227,67,0.016898099333047867,h,2022,Wolfsburg,Augsburg,Maximilian Arnold,2023-04-01 13:30:00,0,0,0,0,False,0,1,0.7772767562419176
516231,76,0.042243100702762604,h,2022,Wolfsburg,Augsburg,Maximilian Arnold,2023-04-01 13:30:00,0,0,0,0,False,0,1,0.7941748555749655
525838,42,0.02865433879196644,h,2022,Wolfsburg,Hoffenheim,Maximilian Arnold,2023-05-13 13:30:00,0,0,0,0,False,1,0,0.0
529060,41,0.039300523698329926,h,2022,Wolfsburg,Hertha Berlin,Maximilian Arnold,2023-05-27 13:30:00,0,0,0,0,False,1,0,0.0
513738,87,0.05806469917297363,h,2022,Schalke 04,Borussia Dortmund,Éder Balanta,2023-03-11 17:30:00,0,0,0,0,False,2,2,0.0
479225,47,0.07365579903125763,a,2022,Augsburg,Freiburg,Ritsu Doan,2022-08-06 13:30:00,0,0,1,0,False,1,0,0.0
479239,77,0.06290890276432037,a,2022,Augsburg,Freiburg,Ritsu Doan,2022-08-06 13:30:00,0,0,0,0,True,3,0,0.07365579903125763
479240,79,0.017085399478673935,a,2022,Augsburg,Freiburg,Ritsu Doan,2022-08-06 13:30:00,1,0,0,0,False,4,0,0.136564701795578
480053,54,0.022988000884652138,h,2022,Freiburg,Borussia Dortmund,Ritsu Doan,2022-08-12 18:30:00,0,0,0,0,False,1,0,0.0
481731,49,0.07361429929733276,a,2022,VfB Stuttgart,Freiburg,Ritsu Doan,2022-08-20 13:30:00,0,0,0,0,False,1,0,0.0
483273,17,0.39496099948883057,h,2022,Freiburg,Bochum,Ritsu Doan,2022-08-26 18:30:00,0,0,0,0,False,0,0,0.0
483292,55,0.029547300189733505,h,2022,Freiburg,Bochum,Ritsu Doan,2022-08-26 18:30:00,0,0,0,0,False,1,0,0.39496099948883057
483293,55,0.08710300177335739,h,2022,Freiburg,Bochum,Ritsu Doan,2022-08-26 18:30:00,0,0,0,0,False,1,0,0.42450829967856407
483304,71,0.026713499799370766,h,2022,Freiburg,Bochum,Ritsu Doan,2022-08-26 18:30:00,0,0,0,0,False,1,0,0.5116113014519215
485857,70,0.9613829851150513,a,2022,Bayer Leverkusen,Freiburg,Ritsu Doan,2022-09-03 13:30:00,0,0,0,0,True,2,2,0.0
488106,1,0.020663099363446236,h,2022,Freiburg,Borussia M.Gladbach,Ritsu Doan,2022-09-11 15:30:00,0,0,0,0,False,0,0,0.0
488124,65,0.064090296626091,h,2022,Freiburg,Borussia M.Gladbach,Ritsu Doan,2022-09-11 15:30:00,0,0,0,0,False,0,0,0.020663099363446236
489597,15,0.07352449744939804,a,2022,Hoffenheim,Freiburg,Ritsu Doan,2022-09-18 17:30:00,0,0,0,0,False,0,0,0.0
489604,45,0.02274489961564541,a,2022,Hoffenheim,Freiburg,Ritsu Doan,2022-09-18 17:30:00,0,0,0,0,False,0,0,0.07352449744939804
490029,39,0.09511829912662506,h,2022,Freiburg,Mainz 05,Ritsu Doan,2022-10-01 13:30:00,0,0,0,0,False,2,0,0.0
492590,18,0.06786789745092392,a,2022,Hertha Berlin,Freiburg,Ritsu Doan,2022-10-09 15:30:00,0,0,0,0,False,0,0,0.0
492603,63,0.02601199969649315,a,2022,Hertha Berlin,Freiburg,Ritsu Doan,2022-10-09 15:30:00,0,0,0,0,False,1,2,0.06786789745092392
493951,1,0.016668599098920822,a,2022,Bayern Munich,Freiburg,Ritsu Doan,2022-10-16 17:30:00,0,0,0,0,False,0,0,0.0
494912,58,0.02719300054013729,h,2022,Freiburg,Werder Bremen,Ritsu Doan,2022-10-22 13:30:00,0,0,0,0,False,1,0,0.0
494925,83,0.5862870216369629,h,2022,Freiburg,Werder Bremen,Ritsu Doan,2022-10-22 13:30:00,0,0,0,0,False,2,0,0.02719300054013729
497393,1,0.02141690067946911,a,2022,Schalke 04,Freiburg,Ritsu Doan,2022-10-30 16:30:00,0,0,0,0,False,0,0,0.0
497394,7,0.06203420087695122,a,2022,Schalke 04,Freiburg,Ritsu Doan,2022-10-30 16:30:00,0,0,0,0,False,0,0,0.02141690067946911
497401,24,0.05600830167531967,a,2022,Schalke 04,Freiburg,Ritsu Doan,2022-10-30 16:30:00,0,0,0,0,False,0,0,0.08345110155642033
498820,14,0.0467475987970829,h,2022,Freiburg,FC Cologne,Ritsu Doan,2022-11-06 16:30:00,0,0,0,0,False,0,0,0.0
498822,19,0.032506901770830154,h,2022,Freiburg,FC Cologne,Ritsu Doan,2022-11-06 16:30:00,0,0,0,0,False,0,0,0.0467475987970829
500806,29,0.057967301458120346,h,2022,Freiburg,Union Berlin,Ritsu Doan,2022-11-13 16:30:00,0,0,0,0,False,3,0,0.0
504481,15,0.029358400031924248,a,2022,Wolfsburg,Freiburg,Ritsu Doan,2023-01-21 14:30:00,0,0,0,0,False,0,1,0.0
504492,58,0.035134200006723404,a,2022,Wolfsburg,Freiburg,Ritsu Doan,2023-01-21 14:30:00,0,0,0,0,False,0,4,0.029358400031924248
505476,27,0.6165639758110046,h,2022,Freiburg,Eintracht Frankfurt,Ritsu Doan,2023-01-25 19:30:00,0,0,0,0,False,0,0,0.0
505482,45,0.07442910224199295,h,2022,Freiburg,Eintracht Frankfurt,Ritsu Doan,2023-01-25 19:30:00,0,0,0,0,False,0,1,0.6165639758110046
505484,46,0.018838100135326385,h,2022,Freiburg,Eintracht Frankfurt,Ritsu Doan,2023-01-25 19:30:00,0,0,0,0,False,0,1,0.6909930780529976
505803,60,0.08301849663257599,h,2022,Freiburg,Augsburg,Ritsu Doan,2023-01-28 14:30:00,0,0,0,0,False,2,1,0.0
505808,79,0.03359609842300415,h,2022,Freiburg,Augsburg,Ritsu Doan,2023-01-28 14:30:00,0,0,0,0,False,2,1,0.08301849663257599
506979,46,0.008331499993801117,a,2022,Borussia Dortmund,Freiburg,Ritsu Doan,2023-02-04 14:30:00,0,0,0,0,False,1,1,0.0
508340,14,0.023159999400377274,h,2022,Freiburg,VfB Stuttgart,Ritsu Doan,2023-02-11 14:30:00,0,0,0,0,False,0,0,0.0
508359,88,0.09578090161085129,h,2022,Freiburg,VfB Stuttgart,Ritsu Doan,2023-02-11 14:30:00,0,0,0,0,False,2,1,0.023159999400377274
509472,25,0.07232770323753357,a,2022,Bochum,Freiburg,Ritsu Doan,2023-02-18 14:30:00,0,0,0,0,False,0,0,0.0
509488,67,0.09102930128574371,a,2022,Bochum,Freiburg,Ritsu Doan,2023-02-18 14:30:00,0,0,0,0,False,2,0,0.07232770323753357
514130,41,0.058410000056028366,h,2022,Freiburg,Hoffenheim,Ritsu Doan,2023-03-12 14:30:00,0,0,1,0,False,1,0,0.0
514135,59,0.09598580002784729,h,2022,Freiburg,Hoffenheim,Ritsu Doan,2023-03-12 14:30:00,0,0,1,0,False,1,1,0.058410000056028366
514139,88,0.10248800367116928,h,2022,Freiburg,Hoffenheim,Ritsu Doan,2023-03-12 14:30:00,0,0,0,0,True,1,1,0.15439580008387566
515839,7,0.011066700331866741,a,2022,Mainz 05,Freiburg,Ritsu Doan,2023-03-19 18:30:00,0,0,1,0,False,0,0,0.0
515846,54,0.5621140003204346,a,2022,Mainz 05,Freiburg,Ritsu Doan,2023-03-19 18:30:00,0,0,0,0,True,0,0,0.011066700331866741
515850,63,0.030303800478577614,a,2022,Mainz 05,Freiburg,Ritsu Doan,2023-03-19 18:30:00,1,0,0,0,False,1,0,0.5731807006523013
516128,30,0.04211390018463135,h,2022,Freiburg,Hertha Berlin,Ritsu Doan,2023-04-01 13:30:00,0,0,0,0,False,0,0,0.0
516148,85,0.022659899666905403,h,2022,Freiburg,Hertha Berlin,Ritsu Doan,2023-04-01 13:30:00,0,0,0,0,False,1,1,0.04211390018463135
517910,43,0.545898973941803,h,2022,Freiburg,Bayern Munich,Ritsu Doan,2023-04-08 13:30:00,0,0,0,0,False,0,0,0.0
521514,5,0.4551553726196289,h,2022,Freiburg,Schalke 04,Ritsu Doan,2023-04-23 13:30:00,0,0,0,0,False,0,0,0.0
521518,15,0.023429926484823227,h,2022,Freiburg,Schalke 04,Ritsu Doan,2023-04-23 13:30:00,0,0,0,0,False,1,0,0.4551553726196289
521526,41,0.02340126223862171,h,2022,Freiburg,Schalke 04,Ritsu Doan,2023-04-23 13:30:00,0,0,0,0,False,2,0,0.47858529910445213
522662,53,0.5304561853408813,a,2022,FC Cologne,Freiburg,Ritsu Doan,2023-04-29 13:30:00,0,0,0,0,True,0,0,0.0
525947,59,0.03241902217268944,a,2022,Union Berlin,Freiburg,Ritsu Doan,2023-05-13 13:30:00,0,0,0,0,False,1,3,0.0
527043,14,0.08379483222961426,h,2022,Freiburg,Wolfsburg,Ritsu Doan,2023-05-19 18:30:00,0,0,0,0,False,0,0,0.0
527044,16,0.010645778849720955,h,2022,Freiburg,Wolfsburg,Ritsu Doan,2023-05-19 18:30:00,0,0,0,0,False,0,0,0.08379483222961426
529134,31,0.03258522227406502,a,2022,Eintracht Frankfurt,Freiburg,Ritsu Doan,2023-05-27 13:30:00,0,0,0,0,False,0,0,0.0
529150,86,0.10995934903621674,a,2022,Eintracht Frankfurt,Freiburg,Ritsu Doan,2023-05-27 13:30:00,0,0,0,0,False,1,1,0.03258522227406502
529151,87,0.11810289323329926,a,2022,Eintracht Frankfurt,Freiburg,Ritsu Doan,2023-05-27 13:30:00,0,0,0,0,False,1,1,0.14254457131028175
488010,2,0,h,2022,FC Cologne,Union Berlin,Timo Hübers,2022-09-11 13:30:00,0,0,0,0,False,0,0,0.0
489934,51,0.06376729905605316,h,2022,FC Cologne,Borussia Dortmund,Timo Hübers,2022-10-01 13:30:00,0,0,0,0,False,0,1,0.0
506216,26,0.05624540150165558,a,2022,Schalke 04,FC Cologne,Timo Hübers,2023-01-29 14:30:00,0,0,0,0,False,0,0,0.0
506217,35,0.06618600338697433,a,2022,Schalke 04,FC Cologne,Timo Hübers,2023-01-29 14:30:00,0,0,0,0,False,0,0,0.05624540150165558
509054,48,0.5054939985275269,h,2022,FC Cologne,Eintracht Frankfurt,Timo Hübers,2023-02-12 16:30:00,0,0,0,0,True,0,0,0.0
510784,57,0.015150300227105618,h,2022,FC Cologne,Wolfsburg,Timo Hübers,2023-02-25 14:30:00,0,0,0,0,False,0,1,0.0
510794,90,0.0764555037021637,h,2022,FC Cologne,Wolfsburg,Timo Hübers,2023-02-25 14:30:00,0,0,0,0,False,0,2,0.015150300227105618
517000,68,0.08624660223722458,h,2022,FC Cologne,Borussia M.Gladbach,Timo Hübers,2023-04-02 13:30:00,0,0,0,0,False,0,0,0.0
522655,36,0.056019652634859085,h,2022,FC Cologne,Freiburg,Timo Hübers,2023-04-29 13:30:00,0,0,0,0,False,0,0,0.0
522676,84,0.129923477768898,h,2022,FC Cologne,Freiburg,Timo Hübers,2023-04-29 13:30:00,0,0,0,0,False,0,1,0.056019652634859085
525555,38,0.11406528204679489,h,2022,FC Cologne,Hertha Berlin,Timo Hübers,2023-05-12 18:30:00,0,0,1,0,True,1,2,0.0
525557,41,0.012929720804095268,h,2022,FC Cologne,Hertha Berlin,Timo Hübers,2023-05-12 18:30:00,1,0,1,0,False,2,2,0.11406528204679489
525562,47,0.10902603715658188,h,2022,FC Cologne,Hertha Berlin,Timo Hübers,2023-05-12 18:30:00,1,0,1,0,False,3,2,0.12699500285089016
525568,58,0.13145753741264343,h,2022,FC Cologne,Hertha Berlin,Timo Hübers,2023-05-12 18:30:00,1,0,1,0,False,3,2,0.23602104000747204
525571,68,0.0871383473277092,h,2022,FC Cologne,Hertha Berlin,Timo Hübers,2023-05-12 18:30:00,1,0,0,0,True,3,2,0.36747857742011547
527294,45,0.2836410403251648,a,2022,Werder Bremen,FC Cologne,Timo Hübers,2023-05-20 13:30:00,0,0,0,0,False,1,0,0.0
486582,24,0.07143239676952362,h,2022,Augsburg,Hertha Berlin,Mërgim Berisha,2022-09-04 13:30:00,0,0,0,0,False,0,0,0.0
486583,27,0.04957899823784828,h,2022,Augsburg,Hertha Berlin,Mërgim Berisha,2022-09-04 13:30:00,0,0,0,0,False,0,0,0.07143239676952362
487231,46,0.01191799994558096,a,2022,Werder Bremen,Augsburg,Mërgim Berisha,2022-09-09 18:30:00,0,0,0,0,False,0,0,0.0
487240,75,0.43052399158477783,a,2022,Werder Bremen,Augsburg,Mërgim Berisha,2022-09-09 18:30:00,0,0,0,0,False,1,0,0.01191799994558096
488632,58,0.4677619934082031,h,2022,Augsburg,Bayern Munich,Mërgim Berisha,2022-09-17 13:30:00,0,0,0,0,True,0,0,0.0
488633,59,0.2697469890117645,h,2022,Augsburg,Bayern Munich,Mërgim Berisha,2022-09-17 13:30:00,1,0,0,0,False,1,0,0.4677619934082031
490892,8,0.06142580136656761,a,2022,Schalke 04,Augsburg,Mërgim Berisha,2022-10-02 15:30:00,0,0,0,0,False,0,0,0.0
490899,27,0.06533119827508926,a,2022,Schalke 04,Augsburg,Mërgim Berisha,2022-10-02 15:30:00,0,0,0,0,False,2,0,0.06142580136656761
490902,49,0.059323299676179886,a,2022,Schalke 04,Augsburg,Mërgim Berisha,2022-10-02 15:30:00,0,0,0,0,False,2,1,0.12675699964165688
490906,56,0.6009979844093323,a,2022,Schalke 04,Augsburg,Mërgim Berisha,2022-10-02 15:30:00,0,0,0,0,False,2,1,0.18608029931783676
490908,60,0.059273701161146164,a,2022,Schalke 04,Augsburg,Mërgim Berisha,2022-10-02 15:30:00,0,0,0,0,False,2,1,0.787078283727169
493724,86,0.041239701211452484,a,2022,FC Cologne,Augsburg,Mërgim Berisha,2022-10-16 13:30:00,0,0,0,0,False,2,3,0.0
494847,33,0.7577769756317139,h,2022,Augsburg,RasenBallsport Leipzig,Mërgim Berisha,2022-10-22 13:30:00,0,0,0,0,True,0,0,0.0
496376,19,0.01017220038920641,a,2022,VfB Stuttgart,Augsburg,Mërgim Berisha,2022-10-29 13:30:00,0,0,0,0,False,1,1,0.0
496390,62,0.07901299744844437,a,2022,VfB Stuttgart,Augsburg,Mërgim Berisha,2022-10-29 13:30:00,0,0,0,0,False,1,1,0.01017220038920641
496409,89,0.027104899287223816,a,2022,VfB Stuttgart,Augsburg,Mërgim Berisha,2022-10-29 13:30:00,0,0,0,0,False,1,1,0.08918519783765078
497952,0,0.05612679943442345,h,2022,Augsburg,Eintracht Frankfurt,Mërgim Berisha,2022-11-05 14:30:00,0,0,0,0,True,0,0,0.0
497954,11,0.1329980045557022,h,2022,Augsburg,Eintracht Frankfurt,Mërgim Berisha,2022-11-05 14:30:00,1,0,0,0,False,1,0,0.05612679943442345
497965,69,0.02851250022649765,h,2022,Augsburg,Eintracht Frankfurt,Mërgim Berisha,2022-11-05 14:30:00,1,0,0,0,False,1,2,0.18912480399012566
497971,84,0.03084379993379116,h,2022,Augsburg,Eintracht Frankfurt,Mërgim Berisha,2022-11-05 14:30:00,1,0,0,0,False,1,2,0.2176373042166233
500031,59,0.025549400597810745,h,2022,Augsburg,Bochum,Mërgim Berisha,2022-11-12 14:30:00,0,0,0,0,False,0,1,0.0
500032,60,0.7577769756317139,h,2022,Augsburg,Bochum,Mërgim Berisha,2022-11-12 14:30:00,0,0,0,0,False,0,1,0.025549400597810745
500045,94,0.053571801632642746,h,2022,Augsburg,Bochum,Mërgim Berisha,2022-11-12 14:30:00,0,0,0,0,False,0,1,0.7833263762295246
505491,8,0.10898800194263458,h,2022,Augsburg,Borussia M.Gladbach,Mërgim Berisha,2023-01-25 19:30:00,0,0,1,0,False,0,0,0.0
505492,15,0.07003030180931091,h,2022,Augsburg,Borussia M.Gladbach,Mërgim Berisha,2023-01-25 19:30:00,0,0,1,0,False,0,0,0.10898800194263458
505496,26,0.045642901211977005,h,2022,Augsburg,Borussia M.Gladbach,Mërgim Berisha,2023-01-25 19:30:00,0,0,1,0,False,0,0,0.1790183037519455
505503,47,0.03998510167002678,h,2022,Augsburg,Borussia M.Gladbach,Mërgim Berisha,2023-01-25 19:30:00,0,0,1,0,False,0,0,0.2246612049639225
505506,51,0.032926298677921295,h,2022,Augsburg,Borussia M.Gladbach,Mërgim Berisha,2023-01-25 19:30:00,0,0,1,0,False,0,0,0.2646463066339493
505510,81,0.13128699362277985,h,2022,Augsburg,Borussia M.Gladbach,Mërgim Berisha,2023-01-25 19:30:00,0,0,0,0,True,0,0,0.2975726053118706
505792,28,0.7577769756317139,a,2022,Freiburg,Augsburg,Mërgim Berisha,2023-01-28 14:30:00,0,0,0,0,True,0,1,0.0
505796,40,0.316444993019104,a,2022,Freiburg,Augsburg,Mërgim Berisha,2023-01-28 14:30:00,1,0,0,0,False,1,2,0.7577769756317139
505798,44,0.03198679909110069,a,2022,Freiburg,Augsburg,Mërgim Berisha,2023-01-28 14:30:00,1,0,0,0,False,1,2,1.0742219686508179
505800,52,0.0950108990073204,a,2022,Freiburg,Augsburg,Mërgim Berisha,2023-01-28 14:30:00,1,0,0,0,False,1,2,1.1062087677419186
505805,62,0.06460010260343552,a,2022,Freiburg,Augsburg,Mërgim Berisha,2023-01-28 14:30:00,1,0,0,0,False,1,2,1.201219666749239
506816,49,0.05266829952597618,h,2022,Augsburg,Bayer Leverkusen,Mërgim Berisha,2023-02-03 19:30:00,0,0,1,0,False,0,0,0.0
506819,54,0.48252299427986145,h,2022,Augsburg,Bayer Leverkusen,Mërgim Berisha,2023-02-03 19:30:00,0,0,0,0,True,0,0,0.05266829952597618
506823,79,0.050108201801776886,h,2022,Augsburg,Bayer Leverkusen,Mërgim Berisha,2023-02-03 19:30:00,1,0,0,0,False,1,0,0.5351912938058376
506824,89,0.03810739889740944,h,2022,Augsburg,Bayer Leverkusen,Mërgim Berisha,2023-02-03 19:30:00,1,0,0,0,False,1,0,0.5852994956076145
508248,70,0.05277710035443306,a,2022,Mainz 05,Augsburg,Mërgim Berisha,2023-02-11 14:30:00,0,0,0,0,False,1,3,0.0
508249,71,0.036965999752283096,a,2022,Mainz 05,Augsburg,Mërgim Berisha,2023-02-11 14:30:00,0,0,0,0,False,1,3,0.05277710035443306
508252,77,0.067467100918293,a,2022,Mainz 05,Augsburg,Mërgim Berisha,2023-02-11 14:30:00,0,0,0,0,False,1,3,0.08974310010671616
509331,40,0.04926430061459541,h,2022,Augsburg,Hoffenheim,Mërgim Berisha,2023-02-17 19:30:00,0,0,0,0,False,0,0,0.0
509338,66,0.041152600198984146,h,2022,Augsburg,Hoffenheim,Mërgim Berisha,2023-02-17 19:30:00,0,0,0,0,False,0,0,0.04926430061459541
510716,66,0.047103799879550934,a,2022,Hertha Berlin,Augsburg,Mërgim Berisha,2023-02-25 14:30:00,0,0,0,0,False,0,1,0.0
510717,67,0.0710211992263794,a,2022,Hertha Berlin,Augsburg,Mërgim Berisha,2023-02-25 14:30:00,0,0,0,0,False,0,1,0.047103799879550934
510719,80,0.050197698175907135,a,2022,Hertha Berlin,Augsburg,Mërgim Berisha,2023-02-25 14:30:00,0,0,0,0,False,0,2,0.11812499910593033
510722,88,0.08437509834766388,a,2022,Hertha Berlin,Augsburg,Mërgim Berisha,2023-02-25 14:30:00,0,0,0,0,False,0,2,0.16832269728183746
513430,0,0.10470999777317047,a,2022,Bayern Munich,Augsburg,Mërgim Berisha,2023-03-11 14:30:00,0,0,1,0,False,0,0,0.0
513431,1,0.47100698947906494,a,2022,Bayern Munich,Augsburg,Mërgim Berisha,2023-03-11 14:30:00,0,0,1,0,True,0,0,0.10470999777317047
513454,59,0.7577769756317139,a,2022,Bayern Munich,Augsburg,Mërgim Berisha,2023-03-11 14:30:00,1,0,0,0,True,1,4,0.5757169872522354
513464,90,0.047338299453258514,a,2022,Bayern Munich,Augsburg,Mërgim Berisha,2023-03-11 14:30:00,1,0,0,0,False,2,5,1.3334939628839493
514859,0,0.01770319975912571,h,2022,Augsburg,Schalke 04,Mërgim Berisha,2023-03-18 14:30:00,0,0,0,0,False,0,0,0.0
516217,31,0.1335889995098114,a,2022,Wolfsburg,Augsburg,Mërgim Berisha,2023-04-01 13:30:00,0,0,0,0,True,0,0,0.0
525805,4,0.12156128883361816,a,2022,Bochum,Augsburg,Mërgim Berisha,2023-05-13 13:30:00,0,0,0,0,False,0,1,0.0
525814,34,0.024635253474116325,a,2022,Bochum,Augsburg,Mërgim Berisha,2023-05-13 13:30:00,0,0,0,0,False,1,1,0.12156128883361816
525820,62,0.09972449392080307,a,2022,Bochum,Augsburg,Mërgim Berisha,2023-05-13 13:30:00,0,0,0,0,False,1,2,0.1461965423077345
492479,44,0.04513689875602722,a,2022,VfB Stuttgart,Union Berlin,Paul Jäckel,2022-10-09 17:30:00,0,0,1,0,False,0,0,0.0
492485,75,0.11466600000858307,a,2022,VfB Stuttgart,Union Berlin,Paul Jäckel,2022-10-09 17:30:00,0,0,0,0,True,0,0,0.04513689875602722
508634,97,0.15988999605178833,a,2022,RasenBallsport Leipzig,Union Berlin,Josip Juranovic,2023-02-11 17:30:00,0,0,0,0,False,2,1,0.0
512067,48,0.04664609953761101,h,2022,Union Berlin,FC Cologne,Josip Juranovic,2023-03-04 14:30:00,0,0,0,0,False,0,0,0.0
514368,71,0.7577769756317139,a,2022,Wolfsburg,Union Berlin,Josip Juranovic,2023-03-12 18:30:00,0,0,0,0,True,0,0,0.0
520210,47,0.06608539819717407,h,2022,Union Berlin,Bochum,Josip Juranovic,2023-04-16 15:30:00,0,0,0,0,True,0,0,0.0
521726,51,0.016750797629356384,a,2022,Borussia M.Gladbach,Union Berlin,Josip Juranovic,2023-04-23 17:30:00,0,0,0,0,False,0,0,0.0
521727,53,0.05197089537978172,a,2022,Borussia M.Gladbach,Union Berlin,Josip Juranovic,2023-04-23 17:30:00,0,0,0,0,False,0,0,0.016750797629356384
527403,71,0.05230013653635979,a,2022,Hoffenheim,Union Berlin,Josip Juranovic,2023-05-20 13:30:00,0,0,0,0,False,1,2,0.0
497999,84,0.39552199840545654,h,2022,Hoffenheim,RasenBallsport Leipzig,Fisnik Asllani,2022-11-05 14:30:00,0,0,0,0,False,1,3,0.0
499464,88,0.07655610144138336,a,2022,Eintracht Frankfurt,Hoffenheim,Fisnik Asllani,2022-11-09 19:30:00,0,0,0,0,False,2,4,0.0
510753,83,0.0651594027876854,h,2022,Hoffenheim,Borussia Dortmund,Fisnik Asllani,2023-02-25 14:30:00,0,0,0,0,False,0,1,0.0
510754,84,0.34495699405670166,h,2022,Hoffenheim,Borussia Dortmund,Fisnik Asllani,2023-02-25 14:30:00,0,0,0,0,False,0,1,0.0651594027876854
514140,90,0.027134299278259277,a,2022,Freiburg,Hoffenheim,Fisnik Asllani,2023-03-12 14:30:00,0,0,0,0,False,1,2,0.0
514141,91,0.40037599205970764,a,2022,Freiburg,Hoffenheim,Fisnik Asllani,2023-03-12 14:30:00,0,0,0,0,False,1,2,0.027134299278259277
517132,72,0.13788199424743652,a,2022,Werder Bremen,Hoffenheim,Fisnik Asllani,2023-04-02 15:30:00,0,0,0,0,False,2,0,0.0
517133,72,0.12238200008869171,a,2022,Werder Bremen,Hoffenheim,Fisnik Asllani,2023-04-02 15:30:00,0,0,0,0,False,2,0,0.13788199424743652
517136,78,0.02025650069117546,a,2022,Werder Bremen,Hoffenheim,Fisnik Asllani,2023-04-02 15:30:00,0,0,0,0,False,2,1,0.26026399433612823
478991,6,0.058463700115680695,a,2022,Eintracht Frankfurt,Bayern Munich,Serge Gnabry,2022-08-05 18:30:00,0,0,1,0,False,1,0,0.0
478992,7,0.027872400358319283,a,2022,Eintracht Frankfurt,Bayern Munich,Serge Gnabry,2022-08-05 18:30:00,0,0,1,0,False,1,0,0.058463700115680695
479009,42,0.3375700116157532,a,2022,Eintracht Frankfurt,Bayern Munich,Serge Gnabry,2022-08-05 18:30:00,0,0,0,0,True,4,0,0.08633610047399998
481032,37,0.030505599454045296,h,2022,Bayern Munich,Wolfsburg,Serge Gnabry,2022-08-14 15:30:00,0,0,0,0,False,1,0,0.0
481035,42,0.10781899839639664,h,2022,Bayern Munich,Wolfsburg,Serge Gnabry,2022-08-14 15:30:00,0,0,0,0,False,1,0,0.030505599454045296
481034,42,0.0736566036939621,h,2022,Bayern Munich,Wolfsburg,Serge Gnabry,2022-08-14 15:30:00,0,0,0,0,False,1,0,0.13832459785044193
482532,75,0.06471019983291626,a,2022,Bochum,Bayern Munich,Serge Gnabry,2022-08-21 15:30:00,0,0,0,0,True,5,0,0.0
482534,77,0.020603500306606293,a,2022,Bochum,Bayern Munich,Serge Gnabry,2022-08-21 15:30:00,1,0,0,0,False,6,0,0.06471019983291626
483914,70,0.0781513974070549,h,2022,Bayern Munich,Borussia M.Gladbach,Serge Gnabry,2022-08-27 16:30:00,0,0,0,0,False,0,1,0.0
483923,88,0.015199200250208378,h,2022,Bayern Munich,Borussia M.Gladbach,Serge Gnabry,2022-08-27 16:30:00,0,0,0,0,False,1,1,0.0781513974070549
485833,76,0.05384590104222298,a,2022,Union Berlin,Bayern Munich,Serge Gnabry,2022-09-03 13:30:00,0,0,0,0,False,1,1,0.0
487391,29,0.08772990107536316,h,2022,Bayern Munich,VfB Stuttgart,Serge Gnabry,2022-09-10 13:30:00,0,0,0,0,False,0,0,0.0
487393,33,0.04874010011553764,h,2022,Bayern Munich,VfB Stuttgart,Serge Gnabry,2022-09-10 13:30:00,0,0,0,0,False,0,0,0.08772990107536316
487397,48,0.0678303986787796,h,2022,Bayern Munich,VfB Stuttgart,Serge Gnabry,2022-09-10 13:30:00,0,0,0,0,False,1,0,0.1364700011909008
487403,61,0.3801400065422058,h,2022,Bayern Munich,VfB Stuttgart,Serge Gnabry,2022-09-10 13:30:00,0,0,0,0,False,2,1,0.2043003998696804
489737,70,0.0649752989411354,h,2022,Bayern Munich,Bayer Leverkusen,Serge Gnabry,2022-09-30 18:30:00,0,0,0,0,False,3,0,0.0
489739,83,0.04778679832816124,h,2022,Bayern Munich,Bayer Leverkusen,Serge Gnabry,2022-09-30 18:30:00,0,0,0,0,False,3,0,0.0649752989411354
493958,12,0.016334600746631622,h,2022,Bayern Munich,Freiburg,Serge Gnabry,2022-10-16 17:30:00,0,0,0,0,True,0,0,0.0
493960,20,0.08853229880332947,h,2022,Bayern Munich,Freiburg,Serge Gnabry,2022-10-16 17:30:00,1,0,0,0,False,1,0,0.016334600746631622
493964,38,0.21425899863243103,h,2022,Bayern Munich,Freiburg,Serge Gnabry,2022-10-16 17:30:00,1,0,0,0,False,2,0,0.10486689954996109
493966,51,0.0878802016377449,h,2022,Bayern Munich,Freiburg,Serge Gnabry,2022-10-16 17:30:00,1,0,0,0,False,2,0,0.3191258981823921
494869,2,0.025622600689530373,a,2022,Hoffenheim,Bayern Munich,Serge Gnabry,2022-10-22 13:30:00,0,0,0,0,False,0,0,0.0
494871,3,0.07388679683208466,a,2022,Hoffenheim,Bayern Munich,Serge Gnabry,2022-10-22 13:30:00,0,0,0,0,False,0,0,0.025622600689530373
494873,11,0.5538370013237,a,2022,Hoffenheim,Bayern Munich,Serge Gnabry,2022-10-22 13:30:00,0,0,0,0,False,0,0,0.09950939752161503
494880,22,0.06758549809455872,a,2022,Hoffenheim,Bayern Munich,Serge Gnabry,2022-10-22 13:30:00,0,0,0,0,False,1,0,0.653346398845315
494889,66,0.04973119869828224,a,2022,Hoffenheim,Bayern Munich,Serge Gnabry,2022-10-22 13:30:00,0,0,0,0,False,2,0,0.7209318969398737
496412,4,0.5313069820404053,h,2022,Bayern Munich,Mainz 05,Serge Gnabry,2022-10-29 13:30:00,0,0,0,0,True,0,0,0.0
496423,34,0.04907200112938881,h,2022,Bayern Munich,Mainz 05,Serge Gnabry,2022-10-29 13:30:00,1,0,0,0,False,2,0,0.5313069820404053
496430,51,0.11368300020694733,h,2022,Bayern Munich,Mainz 05,Serge Gnabry,2022-10-29 13:30:00,1,0,0,0,False,3,1,0.5803789831697941
497934,59,0.07935679703950882,a,2022,Hertha Berlin,Bayern Munich,Serge Gnabry,2022-11-05 14:30:00,0,0,0,0,False,3,2,0.0
499171,21,0.03843320161104202,h,2022,Bayern Munich,Werder Bremen,Serge Gnabry,2022-11-08 19:30:00,0,0,1,0,True,1,1,0.0
499173,27,0.4895929992198944,h,2022,Bayern Munich,Werder Bremen,Serge Gnabry,2022-11-08 19:30:00,1,0,1,0,True,3,1,0.03843320161104202
499174,29,0.28841400146484375,h,2022,Bayern Munich,Werder Bremen,Serge Gnabry,2022-11-08 19:30:00,1,0,1,0,False,4,1,0.5280262008309364
499182,57,0.335750013589859,h,2022,Bayern Munich,Werder Bremen,Serge Gnabry,2022-11-08 19:30:00,1,0,1,0,False,4,1,0.8164402022957802
499188,81,0.7171040177345276,h,2022,Bayern Munich,Werder Bremen,Serge Gnabry,2022-11-08 19:30:00,1,0,0,0,True,4,1,1.1521902158856392
500289,7,0.03936440125107765,a,2022,Schalke 04,Bayern Munich,Serge Gnabry,2022-11-12 17:30:00,0,0,1,0,False,0,0,0.0
500296,26,0.05454840138554573,a,2022,Schalke 04,Bayern Munich,Serge Gnabry,2022-11-12 17:30:00,0,0,1,0,False,0,0,0.03936440125107765
500300,37,0.11185699701309204,a,2022,Schalke 04,Bayern Munich,Serge Gnabry,2022-11-12 17:30:00,0,0,0,0,True,0,0,0.09391280263662338
500309,69,0.1364939957857132,a,2022,Schalke 04,Bayern Munich,Serge Gnabry,2022-11-12 17:30:00,1,0,0,0,False,2,0,0.20576979964971542
500315,92,0.04021970182657242,a,2022,Schalke 04,Bayern Munich,Serge Gnabry,2022-11-12 17:30:00,1,0,0,0,False,2,0,0.3422637954354286
504372,7,0.04310059919953346,a,2022,RasenBallsport Leipzig,Bayern Munich,Serge Gnabry,2023-01-20 19:30:00,0,0,0,0,False,0,0,0.0
504380,58,0.06427499651908875,a,2022,RasenBallsport Leipzig,Bayern Munich,Serge Gnabry,2023-01-20 19:30:00,0,0,0,0,False,1,1,0.04310059919953346
505384,13,0.30284398794174194,h,2022,Bayern Munich,FC Cologne,Serge Gnabry,2023-01-24 19:30:00,0,0,0,0,False,0,1,0.0
505385,22,0.05249650031328201,h,2022,Bayern Munich,FC Cologne,Serge Gnabry,2023-01-24 19:30:00,0,0,0,0,False,0,1,0.30284398794174194
508310,23,0.02767680026590824,h,2022,Bayern Munich,Bochum,Serge Gnabry,2023-02-11 14:30:00,0,0,1,0,False,0,0,0.0
508312,34,0.07939379662275314,h,2022,Bayern Munich,Bochum,Serge Gnabry,2023-02-11 14:30:00,0,0,1,0,False,0,0,0.02767680026590824
508318,45,0.060240600258111954,h,2022,Bayern Munich,Bochum,Serge Gnabry,2023-02-11 14:30:00,0,0,1,0,False,1,0,0.10707059688866138
508323,60,0.0801846981048584,h,2022,Bayern Munich,Bochum,Serge Gnabry,2023-02-11 14:30:00,0,0,1,0,False,1,0,0.16731119714677334
508324,61,0.01202819962054491,h,2022,Bayern Munich,Bochum,Serge Gnabry,2023-02-11 14:30:00,0,0,1,0,False,1,0,0.24749589525163174
508328,73,0.7577769756317139,h,2022,Bayern Munich,Bochum,Serge Gnabry,2023-02-11 14:30:00,0,0,0,0,True,2,0,0.25952409487217665
509583,14,0.050971001386642456,a,2022,Borussia M.Gladbach,Bayern Munich,Serge Gnabry,2023-02-18 14:30:00,0,0,0,0,False,0,1,0.0
511465,71,0.021039500832557678,h,2022,Bayern Munich,Union Berlin,Serge Gnabry,2023-02-26 16:30:00,0,0,0,0,False,3,0,0.0
512369,66,0.06873279809951782,a,2022,VfB Stuttgart,Bayern Munich,Serge Gnabry,2023-03-04 17:30:00,0,0,0,0,False,2,0,0.0
513434,13,0.04243779927492142,h,2022,Bayern Munich,Augsburg,Serge Gnabry,2023-03-11 14:30:00,0,0,0,0,False,0,1,0.0
513445,39,0.03879740089178085,h,2022,Bayern Munich,Augsburg,Serge Gnabry,2023-03-11 14:30:00,0,0,0,0,False,3,1,0.04243779927492142
515760,84,0.07355529814958572,a,2022,Bayer Leverkusen,Bayern Munich,Serge Gnabry,2023-03-19 16:30:00,0,0,0,0,False,1,2,0.0
515764,91,0.07693269848823547,a,2022,Bayer Leverkusen,Bayern Munich,Serge Gnabry,2023-03-19 16:30:00,0,0,0,0,False,1,2,0.07355529814958572
517899,8,0.5418720245361328,a,2022,Freiburg,Bayern Munich,Serge Gnabry,2023-04-08 13:30:00,0,0,0,0,False,0,0,0.0
517911,46,0.07063999772071838,a,2022,Freiburg,Bayern Munich,Serge Gnabry,2023-04-08 13:30:00,0,0,0,0,False,0,0,0.5418720245361328
517913,52,0.13167400658130646,a,2022,Freiburg,Bayern Munich,Serge Gnabry,2023-04-08 13:30:00,0,0,0,0,False,1,0,0.6125120222568512
517926,91,0.11772599816322327,a,2022,Freiburg,Bayern Munich,Serge Gnabry,2023-04-08 13:30:00,0,0,0,0,False,1,0,0.7441860288381577
517928,93,0.1002580001950264,a,2022,Freiburg,Bayern Munich,Serge Gnabry,2023-04-08 13:30:00,0,0,0,0,False,1,0,0.8619120270013809
519358,15,0.040265798568725586,h,2022,Bayern Munich,Hoffenheim,Serge Gnabry,2023-04-15 13:30:00,0,0,0,0,False,0,0,0.0
519362,35,0.043837398290634155,h,2022,Bayern Munich,Hoffenheim,Serge Gnabry,2023-04-15 13:30:00,0,0,0,0,False,1,0,0.040265798568725586
519368,64,0.014908700250089169,h,2022,Bayern Munich,Hoffenheim,Serge Gnabry,2023-04-15 13:30:00,0,0,0,0,False,1,0,0.08410319685935974
519370,66,0.12939099967479706,h,2022,Bayern Munich,Hoffenheim,Serge Gnabry,2023-04-15 13:30:00,0,0,0,0,False,1,0,0.09901189710944891
519374,81,0.035573698580265045,h,2022,Bayern Munich,Hoffenheim,Serge Gnabry,2023-04-15 13:30:00,0,0,0,0,False,1,1,0.22840289678424597
519377,87,0.08212079852819443,h,2022,Bayern Munich,Hoffenheim,Serge Gnabry,2023-04-15 13:30:00,0,0,0,0,False,1,1,0.263976595364511
519378,91,0.22912000119686127,h,2022,Bayern Munich,Hoffenheim,Serge Gnabry,2023-04-15 13:30:00,0,0,0,0,False,1,1,0.34609739389270544
523308,13,0.033477507531642914,h,2022,Bayern Munich,Hertha Berlin,Serge Gnabry,2023-04-30 13:30:00,0,0,1,0,False,0,0,0.0
523316,39,0.13186651468276978,h,2022,Bayern Munich,Hertha Berlin,Serge Gnabry,2023-04-30 13:30:00,0,0,1,0,False,0,0,0.033477507531642914
523318,45,0.10793295502662659,h,2022,Bayern Munich,Hertha Berlin,Serge Gnabry,2023-04-30 13:30:00,0,0,1,0,False,0,0,0.1653440222144127
523325,68,0.3875274360179901,h,2022,Bayern Munich,Hertha Berlin,Serge Gnabry,2023-04-30 13:30:00,0,0,0,0,True,0,0,0.2732769772410393
523332,92,0.046877093613147736,h,2022,Bayern Munich,Hertha Berlin,Serge Gnabry,2023-04-30 13:30:00,1,0,0,0,False,2,0,0.6608044132590294
524790,6,0.10280624032020569,a,2022,Werder Bremen,Bayern Munich,Serge Gnabry,2023-05-06 16:30:00,0,0,1,0,False,0,0,0.0
524805,61,0.44949889183044434,a,2022,Werder Bremen,Bayern Munich,Serge Gnabry,2023-05-06 16:30:00,0,0,0,0,True,0,0,0.10280624032020569
525903,6,0.04344223067164421,h,2022,Bayern Munich,Schalke 04,Serge Gnabry,2023-05-13 13:30:00,0,0,1,0,False,0,0,0.0
525917,43,0.06546437740325928,h,2022,Bayern Munich,Schalke 04,Serge Gnabry,2023-05-13 13:30:00,0,0,1,0,False,2,0,0.04344223067164421
525920,49,0.13674111664295197,h,2022,Bayern Munich,Schalke 04,Serge Gnabry,2023-05-13 13:30:00,0,0,1,0,True,2,0,0.10890660807490349
525925,64,0.7905024886131287,h,2022,Bayern Munich,Schalke 04,Serge Gnabry,2023-05-13 13:30:00,1,0,0,0,True,3,0,0.24564772471785545
527665,24,0.04981939122080803,h,2022,Bayern Munich,RasenBallsport Leipzig,Serge Gnabry,2023-05-20 16:30:00,0,0,0,0,True,0,0,0.0
529043,69,0.045057423412799835,a,2022,FC Cologne,Bayern Munich,Serge Gnabry,2023-05-27 13:30:00,0,0,0,0,False,1,0,0.0
479155,55,0.06041720137000084,h,2022,Borussia M.Gladbach,Hoffenheim,Nico Elvedi,2022-08-06 13:30:00,0,0,1,0,False,1,1,0.0
479160,77,0.21607500314712524,h,2022,Borussia M.Gladbach,Hoffenheim,Nico Elvedi,2022-08-06 13:30:00,0,0,0,0,True,2,1,0.06041720137000084
481539,45,0.10145699977874756,h,2022,Borussia M.Gladbach,Hertha Berlin,Nico Elvedi,2022-08-19 18:30:00,0,0,0,0,False,1,0,0.0
488875,8,0.077634297311306,h,2022,Borussia M.Gladbach,RasenBallsport Leipzig,Nico Elvedi,2022-09-17 16:30:00,0,0,0,0,False,0,0,0.0
492223,73,0.0399337001144886,h,2022,Borussia M.Gladbach,FC Cologne,Nico Elvedi,2022-10-09 13:30:00,0,0,0,0,False,3,1,0.0
497266,32,0.37986499071121216,a,2022,Union Berlin,Borussia M.Gladbach,Nico Elvedi,2022-10-30 14:30:00,0,0,0,0,True,0,0,0.0
505051,27,0.051837798207998276,h,2022,Borussia M.Gladbach,Bayer Leverkusen,Nico Elvedi,2023-01-22 16:30:00,0,0,0,0,False,0,1,0.0
505059,54,0.3662329912185669,h,2022,Borussia M.Gladbach,Bayer Leverkusen,Nico Elvedi,2023-01-22 16:30:00,0,0,0,0,False,0,2,0.051837798207998276
505509,65,0.06530260294675827,a,2022,Augsburg,Borussia M.Gladbach,Nico Elvedi,2023-01-25 19:30:00,0,0,0,0,False,0,0,0.0
507362,59,0.026089999824762344,h,2022,Borussia M.Gladbach,Schalke 04,Nico Elvedi,2023-02-04 17:30:00,0,0,0,0,False,0,0,0.0
508955,16,0.077634297311306,a,2022,Hertha Berlin,Borussia M.Gladbach,Nico Elvedi,2023-02-12 14:30:00,0,0,0,0,True,0,0,0.0
510595,19,0.09198769927024841,a,2022,Mainz 05,Borussia M.Gladbach,Nico Elvedi,2023-02-24 19:30:00,0,0,0,0,False,0,0,0.0
512006,41,0.04428720101714134,h,2022,Borussia M.Gladbach,Freiburg,Nico Elvedi,2023-03-04 14:30:00,0,0,0,0,False,0,0,0.0
514581,6,0.36990100145339966,h,2022,Borussia M.Gladbach,Werder Bremen,Nico Elvedi,2023-03-17 19:30:00,0,0,0,0,False,0,0,0.0
516988,18,0.05067890137434006,a,2022,FC Cologne,Borussia M.Gladbach,Nico Elvedi,2023-04-02 13:30:00,0,0,0,0,False,0,0,0.0
519701,50,0.1252560019493103,a,2022,Eintracht Frankfurt,Borussia M.Gladbach,Nico Elvedi,2023-04-15 16:30:00,0,0,0,0,False,1,0,0.0
524486,62,0.020025115460157394,h,2022,Borussia M.Gladbach,Bochum,Nico Elvedi,2023-05-06 13:30:00,0,0,0,0,False,1,0,0.0
529090,44,0.044016558676958084,h,2022,Borussia M.Gladbach,Augsburg,Nico Elvedi,2023-05-27 13:30:00,0,0,0,0,False,2,0,0.0
490850,76,0.012203999795019627,h,2022,Hertha Berlin,Hoffenheim,Davie Selke,2022-10-02 13:30:00,0,0,0,0,False,1,1,0.0
493242,85,0.05645940080285072,a,2022,RasenBallsport Leipzig,Hertha Berlin,Davie Selke,2022-10-15 16:30:00,0,0,0,0,False,2,3,0.0
497919,10,0.10302600264549255,h,2022,Hertha Berlin,Bayern Munich,Davie Selke,2022-11-05 14:30:00,0,0,1,0,False,0,0,0.0
497923,27,0.055925700813531876,h,2022,Hertha Berlin,Bayern Munich,Davie Selke,2022-11-05 14:30:00,0,0,1,0,False,0,1,0.10302600264549255
497930,44,0.7577769756317139,h,2022,Hertha Berlin,Bayern Munich,Davie Selke,2022-11-05 14:30:00,0,0,0,0,True,1,3,0.15895170345902443
499203,37,0.09422019869089127,a,2022,VfB Stuttgart,Hertha Berlin,Davie Selke,2022-11-08 19:30:00,0,0,0,0,False,1,1,0.0
510779,39,0.01414019986987114,h,2022,FC Cologne,Wolfsburg,Davie Selke,2023-02-25 14:30:00,0,0,0,0,False,0,1,0.0
510782,48,0.02641420066356659,h,2022,FC Cologne,Wolfsburg,Davie Selke,2023-02-25 14:30:00,0,0,0,0,False,0,1,0.01414019986987114
510789,88,0.3015109896659851,h,2022,FC Cologne,Wolfsburg,Davie Selke,2023-02-25 14:30:00,0,0,0,0,False,0,2,0.04055440053343773
510791,89,0.033757299184799194,h,2022,FC Cologne,Wolfsburg,Davie Selke,2023-02-25 14:30:00,0,0,0,0,False,0,2,0.34206539019942284
513125,0,0.04050860181450844,h,2022,FC Cologne,Bochum,Davie Selke,2023-03-10 19:30:00,0,0,0,0,False,0,0,0.0
513129,28,0.026841700077056885,h,2022,FC Cologne,Bochum,Davie Selke,2023-03-10 19:30:00,0,0,0,0,False,0,1,0.04050860181450844
513131,40,0.05791439861059189,h,2022,FC Cologne,Bochum,Davie Selke,2023-03-10 19:30:00,0,0,0,0,False,0,1,0.06735030189156532
513133,47,0.03642740100622177,h,2022,FC Cologne,Bochum,Davie Selke,2023-03-10 19:30:00,0,0,0,0,False,0,1,0.1252647005021572
513134,51,0.091115802526474,h,2022,FC Cologne,Bochum,Davie Selke,2023-03-10 19:30:00,0,0,0,0,False,0,1,0.16169210150837898
513137,60,0.012484200298786163,h,2022,FC Cologne,Bochum,Davie Selke,2023-03-10 19:30:00,0,0,0,0,False,0,1,0.252807904034853
515243,38,0.025648999959230423,a,2022,Borussia Dortmund,FC Cologne,Davie Selke,2023-03-18 17:30:00,0,0,1,0,False,0,4,0.0
515246,41,0.294854998588562,a,2022,Borussia Dortmund,FC Cologne,Davie Selke,2023-03-18 17:30:00,0,0,0,0,True,0,4,0.025648999959230423
515245,41,0.07079669833183289,a,2022,Borussia Dortmund,FC Cologne,Davie Selke,2023-03-18 17:30:00,1,0,0,0,False,0,4,0.32050399854779243
515247,53,0.0909821018576622,a,2022,Borussia Dortmund,FC Cologne,Davie Selke,2023-03-18 17:30:00,1,0,0,0,False,1,4,0.3913006968796253
516986,1,0.11796200275421143,h,2022,FC Cologne,Borussia M.Gladbach,Davie Selke,2023-04-02 13:30:00,0,0,0,0,False,0,0,0.0
517864,51,0.05447410047054291,a,2022,Augsburg,FC Cologne,Davie Selke,2023-04-08 13:30:00,0,0,0,0,False,2,1,0.0
519347,44,0.040633998811244965,h,2022,FC Cologne,Mainz 05,Davie Selke,2023-04-15 13:30:00,0,0,0,0,False,0,1,0.0
520796,31,0.0634247288107872,a,2022,Hoffenheim,FC Cologne,Davie Selke,2023-04-22 13:30:00,0,0,1,0,False,1,0,0.0
520797,38,0.5876739025115967,a,2022,Hoffenheim,FC Cologne,Davie Selke,2023-04-22 13:30:00,0,0,0,0,True,1,0,0.0634247288107872
522648,18,0.02296854555606842,h,2022,FC Cologne,Freiburg,Davie Selke,2023-04-29 13:30:00,0,0,0,0,False,0,0,0.0
524382,13,0.3529994487762451,a,2022,Bayer Leverkusen,FC Cologne,Davie Selke,2023-05-05 18:30:00,0,0,1,0,True,0,0,0.0
524388,35,0.3433523178100586,a,2022,Bayer Leverkusen,FC Cologne,Davie Selke,2023-05-05 18:30:00,1,0,0,0,True,1,1,0.3529994487762451
525543,7,0.11616690456867218,h,2022,FC Cologne,Hertha Berlin,Davie Selke,2023-05-12 18:30:00,0,0,0,0,True,0,0,0.0
525548,22,0.0905127301812172,h,2022,FC Cologne,Hertha Berlin,Davie Selke,2023-05-12 18:30:00,1,0,0,0,False,1,1,0.11616690456867218
527300,64,0.06632913649082184,a,2022,Werder Bremen,FC Cologne,Davie Selke,2023-05-20 13:30:00,0,0,0,0,False,1,0,0.0
527309,83,0.5874339938163757,a,2022,Werder Bremen,FC Cologne,Davie Selke,2023-05-20 13:30:00,0,0,0,0,False,1,1,0.06632913649082184
529036,30,0.031950172036886215,h,2022,FC Cologne,Bayern Munich,Davie Selke,2023-05-27 13:30:00,0,0,0,0,False,0,1,0.0
529040,59,0.032895129173994064,h,2022,FC Cologne,Bayern Munich,Davie Selke,2023-05-27 13:30:00,0,0,0,0,False,0,1,0.031950172036886215
479428,68,0.022958800196647644,a,2022,Borussia Dortmund,Bayer Leverkusen,Exequiel Palacios,2022-08-06 16:30:00,0,0,0,0,False,0,1,0.0
480277,17,0.02302449941635132,h,2022,Bayer Leverkusen,Augsburg,Exequiel Palacios,2022-08-13 13:30:00,0,0,0,0,False,0,1,0.0
481690,47,0.04793829843401909,h,2022,Bayer Leverkusen,Hoffenheim,Exequiel Palacios,2022-08-20 13:30:00,0,0,0,0,False,0,2,0.0
481691,48,0.0172285009175539,h,2022,Bayer Leverkusen,Hoffenheim,Exequiel Palacios,2022-08-20 13:30:00,0,0,0,0,False,0,2,0.04793829843401909
483538,28,0.025129899382591248,a,2022,Mainz 05,Bayer Leverkusen,Exequiel Palacios,2022-08-27 13:30:00,0,0,0,0,True,0,0,0.0
499270,24,0.05583370104432106,a,2022,FC Cologne,Bayer Leverkusen,Exequiel Palacios,2022-11-09 17:30:00,0,0,0,0,False,0,0,0.0
500088,76,0.06209859997034073,h,2022,Bayer Leverkusen,VfB Stuttgart,Exequiel Palacios,2022-11-12 14:30:00,0,0,0,0,False,1,0,0.0
506286,1,0.01722780056297779,h,2022,Bayer Leverkusen,Borussia Dortmund,Exequiel Palacios,2023-01-29 16:30:00,0,0,0,0,False,0,0,0.0
511381,53,0.03195669874548912,a,2022,Freiburg,Bayer Leverkusen,Exequiel Palacios,2023-02-26 14:30:00,0,0,0,0,False,0,1,0.0
511390,76,0.01956080086529255,a,2022,Freiburg,Bayer Leverkusen,Exequiel Palacios,2023-02-26 14:30:00,0,0,0,0,False,1,1,0.03195669874548912
512746,10,0.01342879980802536,h,2022,Bayer Leverkusen,Hertha Berlin,Exequiel Palacios,2023-03-05 14:30:00,0,0,0,0,False,0,0,0.0
515747,16,0.01490710023790598,h,2022,Bayer Leverkusen,Bayern Munich,Exequiel Palacios,2023-03-19 16:30:00,0,0,1,0,False,0,0,0.0
515754,54,0.7577769756317139,h,2022,Bayer Leverkusen,Bayern Munich,Exequiel Palacios,2023-03-19 16:30:00,0,0,1,0,True,0,1,0.01490710023790598
515759,72,0.7577769756317139,h,2022,Bayer Leverkusen,Bayern Munich,Exequiel Palacios,2023-03-19 16:30:00,1,0,0,0,True,1,1,0.7726840758696198
516193,26,0.016896799206733704,a,2022,Schalke 04,Bayer Leverkusen,Exequiel Palacios,2023-04-01 13:30:00,0,0,0,0,False,0,0,0.0
517936,28,0.0607076995074749,h,2022,Bayer Leverkusen,Eintracht Frankfurt,Exequiel Palacios,2023-04-08 13:30:00,0,0,0,0,False,1,0,0.0
526598,69,0.75777667760849,a,2022,VfB Stuttgart,Bayer Leverkusen,Exequiel Palacios,2023-05-14 13:30:00,0,0,0,0,True,0,1,0.0
528251,27,0.0432857982814312,h,2022,Bayer Leverkusen,Borussia M.Gladbach,Exequiel Palacios,2023-05-21 17:30:00,0,0,0,0,False,2,0,0.0
528252,32,0.02521510422229767,h,2022,Bayer Leverkusen,Borussia M.Gladbach,Exequiel Palacios,2023-05-21 17:30:00,0,0,0,0,False,2,0,0.0432857982814312
529010,2,0.027656886726617813,a,2022,Bochum,Bayer Leverkusen,Exequiel Palacios,2023-05-27 13:30:00,0,0,0,0,False,0,0,0.0
481768,28,0.0156979002058506,h,2022,Wolfsburg,Schalke 04,Paulo Otávio,2022-08-20 13:30:00,0,0,0,0,False,0,0,0.0
481771,37,0.011004500091075897,h,2022,Wolfsburg,Schalke 04,Paulo Otávio,2022-08-20 13:30:00,0,0,0,0,False,0,0,0.0156979002058506
485767,30,0,h,2022,Wolfsburg,FC Cologne,Paulo Otávio,2022-09-03 13:30:00,0,0,0,0,False,1,1,0.0
485772,48,0.021738700568675995,h,2022,Wolfsburg,FC Cologne,Paulo Otávio,2022-09-03 13:30:00,0,0,0,0,False,1,2,0.0
490011,76,0.012377999722957611,h,2022,Wolfsburg,VfB Stuttgart,Paulo Otávio,2022-10-01 13:30:00,0,0,0,0,False,2,2,0.0
490014,83,0.02599179930984974,h,2022,Wolfsburg,VfB Stuttgart,Paulo Otávio,2022-10-01 13:30:00,0,0,0,0,False,2,2,0.012377999722957611
491501,55,0.01707250066101551,a,2022,Augsburg,Wolfsburg,Paulo Otávio,2022-10-08 13:30:00,0,0,0,0,False,1,1,0.0
494987,92,0.013930399902164936,a,2022,Bayer Leverkusen,Wolfsburg,Paulo Otávio,2022-10-22 13:30:00,0,0,0,0,False,1,2,0.0
496365,76,0.015464499592781067,h,2022,Wolfsburg,Bochum,Paulo Otávio,2022-10-29 13:30:00,0,0,0,0,False,3,0,0.0
498009,30,0.016486700624227524,a,2022,Mainz 05,Wolfsburg,Paulo Otávio,2022-11-05 14:30:00,0,0,0,0,False,0,0,0.0
505752,57,0.023288199678063393,a,2022,Werder Bremen,Wolfsburg,Paulo Otávio,2023-01-28 14:30:00,0,0,0,0,False,0,1,0.0
507774,11,0.05799179896712303,h,2022,Wolfsburg,Bayern Munich,Paulo Otávio,2023-02-05 16:30:00,0,0,0,0,False,0,1,0.0
507776,16,0.03519099950790405,h,2022,Wolfsburg,Bayern Munich,Paulo Otávio,2023-02-05 16:30:00,0,0,0,0,False,0,2,0.05799179896712303
507781,27,0.05719500035047531,h,2022,Wolfsburg,Bayern Munich,Paulo Otávio,2023-02-05 16:30:00,0,0,0,0,False,0,3,0.09318279847502708
507785,39,0.06573899835348129,h,2022,Wolfsburg,Bayern Munich,Paulo Otávio,2023-02-05 16:30:00,0,0,0,0,False,0,3,0.1503777988255024
509528,5,0.025813499465584755,h,2022,Wolfsburg,RasenBallsport Leipzig,Paulo Otávio,2023-02-18 14:30:00,0,0,0,0,False,0,0,0.0
514359,23,0.04392150044441223,h,2022,Wolfsburg,Union Berlin,Paulo Otávio,2023-03-12 18:30:00,0,0,0,0,False,0,0,0.0
514367,65,0.020298900082707405,h,2022,Wolfsburg,Union Berlin,Paulo Otávio,2023-03-12 18:30:00,0,0,0,0,False,0,0,0.04392150044441223
518663,53,0.018003499135375023,a,2022,Borussia M.Gladbach,Wolfsburg,Paulo Otávio,2023-04-09 13:30:00,0,0,0,0,False,0,1,0.0
520309,50,0.06441319733858109,h,2022,Wolfsburg,Bayer Leverkusen,Paulo Otávio,2023-04-16 17:30:00,0,0,0,0,False,0,0,0.0
510614,92,0.5301290154457092,h,2022,Mainz 05,Borussia M.Gladbach,Nelson Weiper,2023-02-24 19:30:00,0,0,0,0,True,3,0,0.0
512110,95,0.08224879950284958,h,2022,Mainz 05,Hoffenheim,Nelson Weiper,2023-03-04 14:30:00,0,0,0,0,False,1,0,0.0
515854,85,0.35104900598526,h,2022,Mainz 05,Freiburg,Nelson Weiper,2023-03-19 18:30:00,0,0,0,0,False,0,1,0.0
517896,92,0.6166509985923767,h,2022,Mainz 05,Werder Bremen,Nelson Weiper,2023-04-08 13:30:00,0,0,0,0,True,1,1,0.0
524421,86,0.09588441252708435,h,2022,Mainz 05,Schalke 04,Nelson Weiper,2023-05-05 18:30:00,0,0,0,0,False,2,2,0.0
479121,18,0.011883700266480446,h,2022,Union Berlin,Hertha Berlin,Julian Ryerson,2022-08-06 13:30:00,0,0,0,0,False,0,0,0.0
479122,20,0.011313900351524353,h,2022,Union Berlin,Hertha Berlin,Julian Ryerson,2022-08-06 13:30:00,0,0,0,0,False,0,0,0.011883700266480446
479123,26,0.01957309991121292,h,2022,Union Berlin,Hertha Berlin,Julian Ryerson,2022-08-06 13:30:00,0,0,0,0,False,0,0,0.0231976006180048
479128,37,0.30543598532676697,h,2022,Union Berlin,Hertha Berlin,Julian Ryerson,2022-08-06 13:30:00,0,0,0,0,False,1,0,0.04277070052921772
480907,52,0.019117500633001328,a,2022,Mainz 05,Union Berlin,Julian Ryerson,2022-08-14 13:30:00,0,0,0,0,False,0,0,0.0
480911,58,0.014872999861836433,a,2022,Mainz 05,Union Berlin,Julian Ryerson,2022-08-14 13:30:00,0,0,0,0,False,0,0,0.019117500633001328
482053,14,0.07105520367622375,h,2022,Union Berlin,RasenBallsport Leipzig,Julian Ryerson,2022-08-20 16:30:00,0,0,0,0,False,0,0,0.0
482070,76,0.016695400699973106,h,2022,Union Berlin,RasenBallsport Leipzig,Julian Ryerson,2022-08-20 16:30:00,0,0,0,0,False,2,0,0.07105520367622375
488029,82,0.04658680036664009,a,2022,FC Cologne,Union Berlin,Julian Ryerson,2022-09-11 13:30:00,0,0,0,0,False,0,0,0.0
488030,94,0.02313919924199581,a,2022,FC Cologne,Union Berlin,Julian Ryerson,2022-09-11 13:30:00,0,0,0,0,False,0,0,0.04658680036664009
492481,50,0.014650999568402767,a,2022,VfB Stuttgart,Union Berlin,Julian Ryerson,2022-10-09 17:30:00,0,0,0,0,False,0,0,0.0
493816,28,0.05025729909539223,h,2022,Union Berlin,Borussia Dortmund,Julian Ryerson,2022-10-16 15:30:00,0,0,0,0,False,2,0,0.0
497273,68,0.01084230002015829,h,2022,Union Berlin,Borussia M.Gladbach,Julian Ryerson,2022-10-30 14:30:00,0,0,0,0,False,0,1,0.0
498727,1,0.017590299248695374,a,2022,Bayer Leverkusen,Union Berlin,Julian Ryerson,2022-11-06 14:30:00,0,0,0,0,False,0,0,0.0
498740,65,0.08189229667186737,a,2022,Bayer Leverkusen,Union Berlin,Julian Ryerson,2022-11-06 14:30:00,0,0,0,0,False,0,3,0.017590299248695374
499488,84,0.03804229944944382,h,2022,Union Berlin,Augsburg,Julian Ryerson,2022-11-09 19:30:00,0,0,0,0,False,2,2,0.0
504988,26,0.009425019845366478,h,2022,Borussia Dortmund,Augsburg,Julian Ryerson,2023-01-22 14:30:00,0,0,0,0,False,0,0,0.0
505430,3,0.010153899900615215,a,2022,Mainz 05,Borussia Dortmund,Julian Ryerson,2023-01-25 17:30:00,0,0,0,0,True,0,1,0.0
506305,72,0.010981500148773193,a,2022,Bayer Leverkusen,Borussia Dortmund,Julian Ryerson,2023-01-29 16:30:00,0,0,0,0,False,1,0,0.0
508258,11,0.0572546012699604,a,2022,Werder Bremen,Borussia Dortmund,Julian Ryerson,2023-02-11 14:30:00,0,0,0,0,False,0,0,0.0
508276,82,0.05454619973897934,a,2022,Werder Bremen,Borussia Dortmund,Julian Ryerson,2023-02-11 14:30:00,0,0,0,0,False,1,0,0.0572546012699604
513712,4,0.08404839783906937,a,2022,Schalke 04,Borussia Dortmund,Julian Ryerson,2023-03-11 17:30:00,0,0,0,0,False,0,0,0.0
515248,61,0.06544700264930725,h,2022,Borussia Dortmund,FC Cologne,Julian Ryerson,2023-03-18 17:30:00,0,0,0,0,False,4,1,0.0
516610,33,0.016453100368380547,a,2022,Bayern Munich,Borussia Dortmund,Julian Ryerson,2023-04-01 16:30:00,0,0,0,0,False,0,2,0.0
525175,21,0.05195759981870651,h,2022,Borussia Dortmund,Wolfsburg,Julian Ryerson,2023-05-07 15:30:00,0,0,0,0,False,1,0,0.0
528164,52,0.013485987670719624,a,2022,Augsburg,Borussia Dortmund,Julian Ryerson,2023-05-21 15:30:00,0,0,0,0,False,0,0,0.0
515256,88,0.7703580260276794,a,2022,Borussia Dortmund,FC Cologne,Kingsley Schindler,2023-03-18 17:30:00,0,0,0,0,False,1,6,0.0
516987,10,0.3612149953842163,h,2022,FC Cologne,Borussia M.Gladbach,Kingsley Schindler,2023-04-02 13:30:00,0,0,0,0,False,0,0,0.0
516990,27,0.03667660057544708,h,2022,FC Cologne,Borussia M.Gladbach,Kingsley Schindler,2023-04-02 13:30:00,0,0,0,0,False,0,0,0.3612149953842163
516997,54,0.087677501142025,h,2022,FC Cologne,Borussia M.Gladbach,Kingsley Schindler,2023-04-02 13:30:00,0,0,0,0,False,0,0,0.3978915959596634
517849,3,0.11313199996948242,a,2022,Augsburg,FC Cologne,Kingsley Schindler,2023-04-08 13:30:00,0,0,0,0,False,0,0,0.0
519344,30,0.04314820095896721,h,2022,FC Cologne,Mainz 05,Kingsley Schindler,2023-04-15 13:30:00,0,0,0,0,False,0,1,0.0
520812,91,0.12293741106987,a,2022,Hoffenheim,FC Cologne,Kingsley Schindler,2023-04-22 13:30:00,0,0,0,0,False,2,0,0.0
520813,91,0.08938486874103546,a,2022,Hoffenheim,FC Cologne,Kingsley Schindler,2023-04-22 13:30:00,0,0,0,0,False,2,0,0.12293741106987
524399,89,0.13495051860809326,a,2022,Bayer Leverkusen,FC Cologne,Kingsley Schindler,2023-05-05 18:30:00,0,0,0,0,False,2,1,0.0
525549,24,0.4781784415245056,h,2022,FC Cologne,Hertha Berlin,Kingsley Schindler,2023-05-12 18:30:00,0,0,0,0,False,1,1,0.0
525569,60,0.05682508647441864,h,2022,FC Cologne,Hertha Berlin,Kingsley Schindler,2023-05-12 18:30:00,0,0,0,0,False,3,2,0.4781784415245056
480278,19,0.02589919976890087,h,2022,Bayer Leverkusen,Augsburg,Moussa Diaby,2022-08-13 13:30:00,0,0,0,0,False,0,1,0.0
480293,59,0.09431459754705429,h,2022,Bayer Leverkusen,Augsburg,Moussa Diaby,2022-08-13 13:30:00,0,0,0,0,False,1,1,0.02589919976890087
480299,70,0.10727299749851227,h,2022,Bayer Leverkusen,Augsburg,Moussa Diaby,2022-08-13 13:30:00,0,0,0,0,False,1,1,0.12021379731595516
480300,72,0.2884010076522827,h,2022,Bayer Leverkusen,Augsburg,Moussa Diaby,2022-08-13 13:30:00,0,0,0,0,False,1,1,0.22748679481446743
481678,6,0.07206229865550995,h,2022,Bayer Leverkusen,Hoffenheim,Moussa Diaby,2022-08-20 13:30:00,0,0,0,0,False,0,0,0.0
481682,23,0.05546149984002113,h,2022,Bayer Leverkusen,Hoffenheim,Moussa Diaby,2022-08-20 13:30:00,0,0,0,0,False,0,1,0.07206229865550995
485846,40,0.04326900094747543,h,2022,Bayer Leverkusen,Freiburg,Moussa Diaby,2022-09-03 13:30:00,0,0,0,0,False,1,0,0.0
485848,45,0.0544469989836216,h,2022,Bayer Leverkusen,Freiburg,Moussa Diaby,2022-09-03 13:30:00,0,0,0,0,False,1,0,0.04326900094747543
485855,65,0.14450299739837646,h,2022,Bayer Leverkusen,Freiburg,Moussa Diaby,2022-09-03 13:30:00,0,0,0,0,False,2,2,0.09771599993109703
488708,37,0.07696060091257095,h,2022,Bayer Leverkusen,Werder Bremen,Moussa Diaby,2022-09-17 13:30:00,0,0,0,0,False,0,0,0.0
488712,41,0.09665770083665848,h,2022,Bayer Leverkusen,Werder Bremen,Moussa Diaby,2022-09-17 13:30:00,0,0,0,0,False,0,0,0.07696060091257095
488724,73,0.06322350353002548,h,2022,Bayer Leverkusen,Werder Bremen,Moussa Diaby,2022-09-17 13:30:00,0,0,0,0,False,1,0,0.17361830174922943
489721,33,0.07782640308141708,a,2022,Bayern Munich,Bayer Leverkusen,Moussa Diaby,2022-09-30 18:30:00,0,0,0,0,False,0,2,0.0
489736,68,0.016626300290226936,a,2022,Bayern Munich,Bayer Leverkusen,Moussa Diaby,2022-09-30 18:30:00,0,0,0,0,False,0,3,0.07782640308141708
491536,5,0.07098740339279175,h,2022,Bayer Leverkusen,Schalke 04,Moussa Diaby,2022-10-08 13:30:00,0,0,1,0,False,0,0,0.0
491542,37,0.026805700734257698,h,2022,Bayer Leverkusen,Schalke 04,Moussa Diaby,2022-10-08 13:30:00,0,0,0,0,True,0,0,0.07098740339279175
493050,19,0.09253709763288498,a,2022,Eintracht Frankfurt,Bayer Leverkusen,Moussa Diaby,2022-10-15 13:30:00,0,0,0,0,False,0,0,0.0
494965,9,0.7577769756317139,h,2022,Bayer Leverkusen,Wolfsburg,Moussa Diaby,2022-10-22 13:30:00,0,0,1,0,False,0,0,0.0
494969,16,0.43426400423049927,h,2022,Bayer Leverkusen,Wolfsburg,Moussa Diaby,2022-10-22 13:30:00,0,0,0,0,True,0,0,0.7577769756317139
496327,13,0.04428489878773689,a,2022,RasenBallsport Leipzig,Bayer Leverkusen,Moussa Diaby,2022-10-29 13:30:00,0,0,0,0,False,0,0,0.0
496330,41,0.030778899788856506,a,2022,RasenBallsport Leipzig,Bayer Leverkusen,Moussa Diaby,2022-10-29 13:30:00,0,0,0,0,False,0,1,0.04428489878773689
498735,55,0.4078580141067505,h,2022,Bayer Leverkusen,Union Berlin,Moussa Diaby,2022-11-06 14:30:00,0,0,1,0,True,1,0,0.0
498736,57,0.34860798716545105,h,2022,Bayer Leverkusen,Union Berlin,Moussa Diaby,2022-11-06 14:30:00,1,0,0,0,True,2,0,0.4078580141067505
498739,64,0.11687800288200378,h,2022,Bayer Leverkusen,Union Berlin,Moussa Diaby,2022-11-06 14:30:00,1,0,0,0,False,3,0,0.7564660012722015
499271,26,0.03707600012421608,a,2022,FC Cologne,Bayer Leverkusen,Moussa Diaby,2022-11-09 17:30:00,0,0,1,0,False,0,0,0.0
499289,70,0.6304939985275269,a,2022,FC Cologne,Bayer Leverkusen,Moussa Diaby,2022-11-09 17:30:00,0,0,0,0,True,1,1,0.03707600012421608
500079,26,0.043807800859212875,h,2022,Bayer Leverkusen,VfB Stuttgart,Moussa Diaby,2022-11-12 14:30:00,0,0,1,0,False,0,0,0.0
500082,29,0.028756700456142426,h,2022,Bayer Leverkusen,VfB Stuttgart,Moussa Diaby,2022-11-12 14:30:00,0,0,0,0,True,0,0,0.043807800859212875
505467,70,0.12024299800395966,h,2022,Bayer Leverkusen,Bochum,Moussa Diaby,2023-01-25 19:30:00,0,0,0,0,False,2,0,0.0
506290,15,0.3308899998664856,h,2022,Bayer Leverkusen,Borussia Dortmund,Moussa Diaby,2023-01-29 16:30:00,0,0,0,0,False,0,0,0.0
506296,47,0.04814710095524788,h,2022,Bayer Leverkusen,Borussia Dortmund,Moussa Diaby,2023-01-29 16:30:00,0,0,0,0,False,0,1,0.3308899998664856
506302,66,0.019259599968791008,h,2022,Bayer Leverkusen,Borussia Dortmund,Moussa Diaby,2023-01-29 16:30:00,0,0,0,0,False,0,1,0.3790371008217335
506306,73,0.07186540216207504,h,2022,Bayer Leverkusen,Borussia Dortmund,Moussa Diaby,2023-01-29 16:30:00,0,0,0,0,False,0,1,0.3982967007905245
506308,75,0.07018569856882095,h,2022,Bayer Leverkusen,Borussia Dortmund,Moussa Diaby,2023-01-29 16:30:00,0,0,0,0,False,0,1,0.4701621029525995
506311,84,0.014491300098598003,h,2022,Bayer Leverkusen,Borussia Dortmund,Moussa Diaby,2023-01-29 16:30:00,0,0,0,0,False,0,1,0.5403478015214205
506312,90,0.02623780071735382,h,2022,Bayer Leverkusen,Borussia Dortmund,Moussa Diaby,2023-01-29 16:30:00,0,0,0,0,False,0,1,0.5548391016200185
506806,27,0.01710359938442707,a,2022,Augsburg,Bayer Leverkusen,Moussa Diaby,2023-02-03 19:30:00,0,0,0,0,False,0,0,0.0
506807,29,0.032348599284887314,a,2022,Augsburg,Bayer Leverkusen,Moussa Diaby,2023-02-03 19:30:00,0,0,0,0,False,0,0,0.01710359938442707
506809,31,0.06070199981331825,a,2022,Augsburg,Bayer Leverkusen,Moussa Diaby,2023-02-03 19:30:00,0,0,0,0,False,0,0,0.049452198669314384
506810,43,0.02373640052974224,a,2022,Augsburg,Bayer Leverkusen,Moussa Diaby,2023-02-03 19:30:00,0,0,0,0,False,0,0,0.11015419848263264
506813,45,0.035009801387786865,a,2022,Augsburg,Bayer Leverkusen,Moussa Diaby,2023-02-03 19:30:00,0,0,0,0,False,0,0,0.13389059901237488
508292,45,0.6055870056152344,a,2022,Hoffenheim,Bayer Leverkusen,Moussa Diaby,2023-02-11 14:30:00,0,0,0,0,True,1,0,0.0
511374,35,0.06265989691019058,a,2022,Freiburg,Bayer Leverkusen,Moussa Diaby,2023-02-26 14:30:00,0,0,0,0,False,0,1,0.0
511377,45,0.4445970058441162,a,2022,Freiburg,Bayer Leverkusen,Moussa Diaby,2023-02-26 14:30:00,0,0,0,0,False,0,1,0.06265989691019058
512755,54,0.06430870294570923,h,2022,Bayer Leverkusen,Hertha Berlin,Moussa Diaby,2023-03-05 14:30:00,0,0,1,0,False,2,0,0.0
512758,59,0.4393729865550995,h,2022,Bayer Leverkusen,Hertha Berlin,Moussa Diaby,2023-03-05 14:30:00,0,0,0,0,True,2,0,0.06430870294570923
512757,59,0.02782760001718998,h,2022,Bayer Leverkusen,Hertha Berlin,Moussa Diaby,2023-03-05 14:30:00,1,0,0,0,False,2,0,0.5036816895008087
514249,41,0.054152801632881165,a,2022,Werder Bremen,Bayer Leverkusen,Moussa Diaby,2023-03-12 16:30:00,0,0,0,0,False,1,1,0.0
515745,14,0.019984399899840355,h,2022,Bayer Leverkusen,Bayern Munich,Moussa Diaby,2023-03-19 16:30:00,0,0,0,0,False,0,0,0.0
515749,23,0.030351899564266205,h,2022,Bayer Leverkusen,Bayern Munich,Moussa Diaby,2023-03-19 16:30:00,0,0,0,0,False,0,1,0.019984399899840355
515750,29,0.02147730067372322,h,2022,Bayer Leverkusen,Bayern Munich,Moussa Diaby,2023-03-19 16:30:00,0,0,0,0,False,0,1,0.05033629946410656
516190,25,0.02370239980518818,a,2022,Schalke 04,Bayer Leverkusen,Moussa Diaby,2023-04-01 13:30:00,0,0,0,0,False,0,0,0.0
516192,26,0.06682509928941727,a,2022,Schalke 04,Bayer Leverkusen,Moussa Diaby,2023-04-01 13:30:00,0,0,0,0,False,0,0,0.02370239980518818
516204,77,0.14172500371932983,a,2022,Schalke 04,Bayer Leverkusen,Moussa Diaby,2023-04-01 13:30:00,0,0,0,0,False,2,0,0.09052749909460545
516205,79,0.47183701395988464,a,2022,Schalke 04,Bayer Leverkusen,Moussa Diaby,2023-04-01 13:30:00,0,0,0,0,False,2,0,0.23225250281393528
516206,90,0.43097200989723206,a,2022,Schalke 04,Bayer Leverkusen,Moussa Diaby,2023-04-01 13:30:00,0,0,0,0,False,2,0,0.7040895167738199
517935,28,0.08380129933357239,h,2022,Bayer Leverkusen,Eintracht Frankfurt,Moussa Diaby,2023-04-08 13:30:00,0,0,1,0,False,1,0,0.0
517939,33,0.33932700753211975,h,2022,Bayer Leverkusen,Eintracht Frankfurt,Moussa Diaby,2023-04-08 13:30:00,0,0,0,0,True,1,0,0.08380129933357239
517946,55,0.13367000222206116,h,2022,Bayer Leverkusen,Eintracht Frankfurt,Moussa Diaby,2023-04-08 13:30:00,1,0,0,0,False,2,0,0.42312830686569214
520297,25,0.07293140143156052,a,2022,Wolfsburg,Bayer Leverkusen,Moussa Diaby,2023-04-16 17:30:00,0,0,0,0,False,0,0,0.0
520302,35,0.0643514022231102,a,2022,Wolfsburg,Bayer Leverkusen,Moussa Diaby,2023-04-16 17:30:00,0,0,0,0,False,0,0,0.07293140143156052
520303,40,0.07556069642305374,a,2022,Wolfsburg,Bayer Leverkusen,Moussa Diaby,2023-04-16 17:30:00,0,0,0,0,False,0,0,0.13728280365467072
520308,49,0.044506099075078964,a,2022,Wolfsburg,Bayer Leverkusen,Moussa Diaby,2023-04-16 17:30:00,0,0,0,0,False,0,0,0.21284350007772446
520310,53,0.1108890026807785,a,2022,Wolfsburg,Bayer Leverkusen,Moussa Diaby,2023-04-16 17:30:00,0,0,0,0,False,0,0,0.2573495991528034
521629,20,0.020544802770018578,h,2022,Bayer Leverkusen,RasenBallsport Leipzig,Moussa Diaby,2023-04-23 15:30:00,0,0,0,0,False,0,0,0.0
521630,21,0.013170776888728142,h,2022,Bayer Leverkusen,RasenBallsport Leipzig,Moussa Diaby,2023-04-23 15:30:00,0,0,0,0,False,0,0,0.020544802770018578
522613,16,0.06097254529595375,a,2022,Union Berlin,Bayer Leverkusen,Moussa Diaby,2023-04-29 13:30:00,0,0,0,0,False,0,0,0.0
522615,31,0.09761923551559448,a,2022,Union Berlin,Bayer Leverkusen,Moussa Diaby,2023-04-29 13:30:00,0,0,0,0,False,0,0,0.06097254529595375
524387,32,0.07581678032875061,h,2022,Bayer Leverkusen,FC Cologne,Moussa Diaby,2023-05-05 18:30:00,0,0,0,0,False,1,1,0.0
524386,32,0.06102754920721054,h,2022,Bayer Leverkusen,FC Cologne,Moussa Diaby,2023-05-05 18:30:00,0,0,0,0,False,1,1,0.07581678032875061
524395,66,0.04781178757548332,h,2022,Bayer Leverkusen,FC Cologne,Moussa Diaby,2023-05-05 18:30:00,0,0,0,0,False,1,2,0.13684432953596115
524400,94,0.014632820151746273,h,2022,Bayer Leverkusen,FC Cologne,Moussa Diaby,2023-05-05 18:30:00,0,0,0,0,False,1,2,0.18465611711144447
526597,64,0.013551382347941399,a,2022,VfB Stuttgart,Bayer Leverkusen,Moussa Diaby,2023-05-14 13:30:00,0,0,0,0,False,0,1,0.0
526601,71,0.0529448501765728,a,2022,VfB Stuttgart,Bayer Leverkusen,Moussa Diaby,2023-05-14 13:30:00,0,0,0,0,False,1,1,0.013551382347941399
528257,40,0.48114874958992004,h,2022,Bayer Leverkusen,Borussia M.Gladbach,Moussa Diaby,2023-05-21 17:30:00,0,0,0,0,False,2,0,0.0
528259,46,0.023098759353160858,h,2022,Bayer Leverkusen,Borussia M.Gladbach,Moussa Diaby,2023-05-21 17:30:00,0,0,0,0,False,2,0,0.48114874958992004
528263,59,0.08431430906057358,h,2022,Bayer Leverkusen,Borussia M.Gladbach,Moussa Diaby,2023-05-21 17:30:00,0,0,0,0,False,2,1,0.5042475089430809
529008,0,0.051483750343322754,a,2022,Bochum,Bayer Leverkusen,Moussa Diaby,2023-05-27 13:30:00,0,0,0,0,False,0,0,0.0
529014,22,0.09825164824724197,a,2022,Bochum,Bayer Leverkusen,Moussa Diaby,2023-05-27 13:30:00,0,0,0,0,False,0,1,0.051483750343322754
529022,51,0.04920177161693573,a,2022,Bochum,Bayer Leverkusen,Moussa Diaby,2023-05-27 13:30:00,0,0,0,0,False,0,2,0.14973539859056473
479205,58,0.04548490047454834,h,2022,Bochum,Mainz 05,Simon Zoller,2022-08-06 13:30:00,0,0,0,0,False,1,1,0.0
479206,59,0.06613600254058838,h,2022,Bochum,Mainz 05,Simon Zoller,2022-08-06 13:30:00,0,0,0,0,False,1,1,0.04548490047454834
480200,7,0.08719909936189651,a,2022,Hoffenheim,Bochum,Simon Zoller,2022-08-13 13:30:00,0,0,1,0,False,0,0,0.0
480201,9,0.6353309750556946,a,2022,Hoffenheim,Bochum,Simon Zoller,2022-08-13 13:30:00,0,0,1,0,True,0,0,0.08719909936189651
480204,12,0.43283599615097046,a,2022,Hoffenheim,Bochum,Simon Zoller,2022-08-13 13:30:00,1,0,0,0,True,1,0,0.7225300744175911
480220,45,0.0755968987941742,a,2022,Hoffenheim,Bochum,Simon Zoller,2022-08-13 13:30:00,1,0,0,0,False,2,2,1.1553660705685616
480222,48,0.055222999304533005,a,2022,Hoffenheim,Bochum,Simon Zoller,2022-08-13 13:30:00,1,0,0,0,False,2,2,1.2309629693627357
480223,50,0.02342740073800087,a,2022,Hoffenheim,Bochum,Simon Zoller,2022-08-13 13:30:00,1,0,0,0,False,2,2,1.2861859686672688
482503,6,0.08067149668931961,h,2022,Bochum,Bayern Munich,Simon Zoller,2022-08-21 15:30:00,0,0,0,0,False,0,1,0.0
482533,77,0.06790240108966827,h,2022,Bochum,Bayern Munich,Simon Zoller,2022-08-21 15:30:00,0,0,0,0,False,0,6,0.08067149668931961
483294,57,0.04911179840564728,a,2022,Freiburg,Bochum,Simon Zoller,2022-08-26 18:30:00,0,0,0,0,False,0,1,0.0
483298,65,0.08656760305166245,a,2022,Freiburg,Bochum,Simon Zoller,2022-08-26 18:30:00,0,0,0,0,False,0,1,0.04911179840564728
483305,79,0.39522799849510193,a,2022,Freiburg,Bochum,Simon Zoller,2022-08-26 18:30:00,0,0,0,0,False,0,1,0.13567940145730972
483310,83,0.0540819987654686,a,2022,Freiburg,Bochum,Simon Zoller,2022-08-26 18:30:00,0,0,0,0,False,0,1,0.5309073999524117
483311,86,0.08540020138025284,a,2022,Freiburg,Bochum,Simon Zoller,2022-08-26 18:30:00,0,0,0,0,False,0,1,0.5849893987178802
485737,34,0.07975170016288757,h,2022,Bochum,Werder Bremen,Simon Zoller,2022-09-03 13:30:00,0,0,0,0,False,0,0,0.0
485747,62,0.17462000250816345,h,2022,Bochum,Werder Bremen,Simon Zoller,2022-09-03 13:30:00,0,0,0,0,False,0,0,0.07975170016288757
487614,21,0.13470399379730225,a,2022,Schalke 04,Bochum,Simon Zoller,2022-09-10 16:30:00,0,0,0,0,False,0,0,0.0
487616,34,0.4633280038833618,a,2022,Schalke 04,Bochum,Simon Zoller,2022-09-10 16:30:00,0,0,0,0,False,0,0,0.13470399379730225
489481,48,0.01050879992544651,h,2022,Bochum,FC Cologne,Simon Zoller,2022-09-18 15:30:00,0,0,0,0,False,0,0,0.0
491431,16,0.047210998833179474,h,2022,Bochum,Eintracht Frankfurt,Simon Zoller,2022-10-08 13:30:00,0,0,0,0,False,0,0,0.0
492975,28,0.5827100276947021,a,2022,VfB Stuttgart,Bochum,Simon Zoller,2022-10-15 13:30:00,0,0,0,0,True,0,2,0.0
496370,88,0.042050398886203766,a,2022,Wolfsburg,Bochum,Simon Zoller,2022-10-29 13:30:00,0,0,0,0,False,0,4,0.0
497941,24,0.11638200283050537,a,2022,Borussia Dortmund,Bochum,Simon Zoller,2022-11-05 14:30:00,0,0,0,0,False,0,2,0.0
500025,46,0.08191119879484177,a,2022,Augsburg,Bochum,Simon Zoller,2022-11-12 14:30:00,0,0,0,0,False,0,0,0.0
500029,56,0.018121499568223953,a,2022,Augsburg,Bochum,Simon Zoller,2022-11-12 14:30:00,0,0,0,0,False,0,0,0.08191119879484177
505764,13,0.034446701407432556,a,2022,Mainz 05,Bochum,Simon Zoller,2023-01-28 14:30:00,0,0,0,0,False,0,1,0.0
520753,6,0.07033146172761917,h,2022,Bochum,Wolfsburg,Simon Zoller,2023-04-22 13:30:00,0,0,0,0,False,0,0,0.0
520760,26,0.05997446924448013,h,2022,Bochum,Wolfsburg,Simon Zoller,2023-04-22 13:30:00,0,0,0,0,False,0,2,0.07033146172761917
520768,53,0.07175000756978989,h,2022,Bochum,Wolfsburg,Simon Zoller,2023-04-22 13:30:00,0,0,0,0,False,0,3,0.1303059309720993
524462,1,0.02559146098792553,a,2022,Borussia M.Gladbach,Bochum,Simon Zoller,2023-05-06 13:30:00,0,0,0,0,False,0,0,0.0
483291,55,0.10341300070285797,h,2022,Freiburg,Bochum,Philipp Lienhart,2022-08-26 18:30:00,0,0,0,0,False,1,0,0.0
494897,4,0.010147999972105026,h,2022,Freiburg,Werder Bremen,Philipp Lienhart,2022-10-22 13:30:00,0,0,0,0,False,0,0,0.0
494900,19,0.07242509722709656,h,2022,Freiburg,Werder Bremen,Philipp Lienhart,2022-10-22 13:30:00,0,0,0,0,False,0,0,0.010147999972105026
494914,64,0.01836800016462803,h,2022,Freiburg,Werder Bremen,Philipp Lienhart,2022-10-22 13:30:00,0,0,0,0,False,1,0,0.08257309719920158
494916,66,0.07044409960508347,h,2022,Freiburg,Werder Bremen,Philipp Lienhart,2022-10-22 13:30:00,0,0,0,0,False,1,0,0.10094109736382961
504493,60,0.07122690230607986,a,2022,Wolfsburg,Freiburg,Philipp Lienhart,2023-01-21 14:30:00,0,0,0,0,False,0,4,0.0
505481,44,0.012627099640667439,h,2022,Freiburg,Eintracht Frankfurt,Philipp Lienhart,2023-01-25 19:30:00,0,0,0,0,False,0,1,0.0
505489,86,0.033824898302555084,h,2022,Freiburg,Eintracht Frankfurt,Philipp Lienhart,2023-01-25 19:30:00,0,0,0,0,False,1,1,0.012627099640667439
505804,61,0.08330199867486954,h,2022,Freiburg,Augsburg,Philipp Lienhart,2023-01-28 14:30:00,0,0,1,0,False,2,1,0.0
505812,84,0.12282499670982361,h,2022,Freiburg,Augsburg,Philipp Lienhart,2023-01-28 14:30:00,0,0,0,0,True,2,1,0.08330199867486954
509471,24,0.013768300414085388,a,2022,Bochum,Freiburg,Philipp Lienhart,2023-02-18 14:30:00,0,0,0,0,False,0,0,0.0
509497,87,0.11229299753904343,a,2022,Bochum,Freiburg,Philipp Lienhart,2023-02-18 14:30:00,0,0,0,0,False,2,0,0.013768300414085388
521536,66,0.041396308690309525,h,2022,Freiburg,Schalke 04,Philipp Lienhart,2023-04-23 13:30:00,0,0,0,0,False,3,0,0.0
522656,38,0.015641240403056145,a,2022,FC Cologne,Freiburg,Philipp Lienhart,2023-04-29 13:30:00,0,0,0,0,False,0,0,0.0
527048,26,0.025284916162490845,h,2022,Freiburg,Wolfsburg,Philipp Lienhart,2023-05-19 18:30:00,0,0,0,0,False,0,0,0.0
527055,68,0.16775284707546234,h,2022,Freiburg,Wolfsburg,Philipp Lienhart,2023-05-19 18:30:00,0,0,0,0,False,0,0,0.025284916162490845
529128,6,0.07935313135385513,a,2022,Eintracht Frankfurt,Freiburg,Philipp Lienhart,2023-05-27 13:30:00,0,0,0,0,False,0,0,0.0
489735,63,0.25707298517227173,a,2022,Bayern Munich,Bayer Leverkusen,Amine Adli,2022-09-30 18:30:00,0,0,0,0,False,0,3,0.0
494973,39,0.04727400094270706,h,2022,Bayer Leverkusen,Wolfsburg,Amine Adli,2022-10-22 13:30:00,0,0,0,0,False,1,0,0.0
500076,10,0.11277899891138077,h,2022,Bayer Leverkusen,VfB Stuttgart,Amine Adli,2022-11-12 14:30:00,0,0,0,0,False,0,0,0.0
500080,27,0.06931229680776596,h,2022,Bayer Leverkusen,VfB Stuttgart,Amine Adli,2022-11-12 14:30:00,0,0,0,0,False,0,0,0.11277899891138077
500081,28,0.08286850154399872,h,2022,Bayer Leverkusen,VfB Stuttgart,Amine Adli,2022-11-12 14:30:00,0,0,0,0,False,0,0,0.18209129571914673
505055,42,0.3640440106391907,a,2022,Borussia M.Gladbach,Bayer Leverkusen,Amine Adli,2023-01-22 16:30:00,0,0,0,0,True,1,0,0.0
505056,46,0.04500479996204376,a,2022,Borussia M.Gladbach,Bayer Leverkusen,Amine Adli,2023-01-22 16:30:00,1,0,0,0,False,2,0,0.3640440106391907
505064,69,0.09995459765195847,a,2022,Borussia M.Gladbach,Bayer Leverkusen,Amine Adli,2023-01-22 16:30:00,1,0,0,0,False,3,0,0.40904881060123444
505065,70,0.0939079001545906,a,2022,Borussia M.Gladbach,Bayer Leverkusen,Amine Adli,2023-01-22 16:30:00,1,0,0,0,False,3,0,0.5090034082531929
505472,94,0.38404199481010437,h,2022,Bayer Leverkusen,Bochum,Amine Adli,2023-01-25 19:30:00,0,0,0,0,False,2,0,0.0
506291,16,0.0625293031334877,h,2022,Bayer Leverkusen,Borussia Dortmund,Amine Adli,2023-01-29 16:30:00,0,0,0,0,False,0,0,0.0
506297,47,0.11138500273227692,h,2022,Bayer Leverkusen,Borussia Dortmund,Amine Adli,2023-01-29 16:30:00,0,0,0,0,False,0,1,0.0625293031334877
506301,56,0.5517529845237732,h,2022,Bayer Leverkusen,Borussia Dortmund,Amine Adli,2023-01-29 16:30:00,0,0,0,0,False,0,1,0.17391430586576462
508304,90,0.06713149696588516,a,2022,Hoffenheim,Bayer Leverkusen,Amine Adli,2023-02-11 14:30:00,0,0,0,0,False,3,1,0.0
512763,72,0.07368239760398865,h,2022,Bayer Leverkusen,Hertha Berlin,Amine Adli,2023-03-05 14:30:00,0,0,0,0,True,3,1,0.0
514240,10,0.03619619831442833,a,2022,Werder Bremen,Bayer Leverkusen,Amine Adli,2023-03-12 16:30:00,0,0,0,0,False,0,0,0.0
514241,14,0.5213829874992371,a,2022,Werder Bremen,Bayer Leverkusen,Amine Adli,2023-03-12 16:30:00,0,0,0,0,False,0,0,0.03619619831442833
515752,46,0.027586499229073524,h,2022,Bayer Leverkusen,Bayern Munich,Amine Adli,2023-03-19 16:30:00,0,0,0,0,False,0,1,0.0
516183,9,0.0939176008105278,a,2022,Schalke 04,Bayer Leverkusen,Amine Adli,2023-04-01 13:30:00,0,0,0,0,False,0,0,0.0
516188,17,0.04189309850335121,a,2022,Schalke 04,Bayer Leverkusen,Amine Adli,2023-04-01 13:30:00,0,0,0,0,False,0,0,0.0939176008105278
516191,26,0.3708530068397522,a,2022,Schalke 04,Bayer Leverkusen,Amine Adli,2023-04-01 13:30:00,0,0,0,0,False,0,0,0.135810699313879
516196,46,0.07027459889650345,a,2022,Schalke 04,Bayer Leverkusen,Amine Adli,2023-04-01 13:30:00,0,0,0,0,False,0,0,0.5066637061536312
517930,9,0.3949829936027527,h,2022,Bayer Leverkusen,Eintracht Frankfurt,Amine Adli,2023-04-08 13:30:00,0,0,0,0,True,0,0,0.0
517937,28,0.08438040316104889,h,2022,Bayer Leverkusen,Eintracht Frankfurt,Amine Adli,2023-04-08 13:30:00,1,0,0,0,False,1,0,0.3949829936027527
517940,42,0.07761509716510773,h,2022,Bayer Leverkusen,Eintracht Frankfurt,Amine Adli,2023-04-08 13:30:00,1,0,0,0,False,2,0,0.4793633967638016
517941,46,0.13652999699115753,h,2022,Bayer Leverkusen,Eintracht Frankfurt,Amine Adli,2023-04-08 13:30:00,1,0,0,0,False,2,0,0.5569784939289093
517944,54,0.04451790079474449,h,2022,Bayer Leverkusen,Eintracht Frankfurt,Amine Adli,2023-04-08 13:30:00,1,0,0,0,False,2,0,0.6935084909200668
517943,54,0.0820114016532898,h,2022,Bayer Leverkusen,Eintracht Frankfurt,Amine Adli,2023-04-08 13:30:00,1,0,0,0,False,2,0,0.7380263917148113
520318,87,0.31825798749923706,a,2022,Wolfsburg,Bayer Leverkusen,Amine Adli,2023-04-16 17:30:00,0,0,0,0,False,0,0,0.0
524384,20,0.04473120719194412,h,2022,Bayer Leverkusen,FC Cologne,Amine Adli,2023-05-05 18:30:00,0,0,1,0,False,0,1,0.0
524385,27,0.12736566364765167,h,2022,Bayer Leverkusen,FC Cologne,Amine Adli,2023-05-05 18:30:00,0,0,0,0,True,0,1,0.04473120719194412
524389,45,0.09219212830066681,h,2022,Bayer Leverkusen,FC Cologne,Amine Adli,2023-05-05 18:30:00,1,0,0,0,False,1,2,0.1720968708395958
526593,39,0.04146580770611763,a,2022,VfB Stuttgart,Bayer Leverkusen,Amine Adli,2023-05-14 13:30:00,0,0,0,0,False,0,0,0.0
526594,46,0.04367678239941597,a,2022,VfB Stuttgart,Bayer Leverkusen,Amine Adli,2023-05-14 13:30:00,0,0,0,0,False,0,0,0.04146580770611763
528248,14,0.3022271692752838,h,2022,Bayer Leverkusen,Borussia M.Gladbach,Amine Adli,2023-05-21 17:30:00,0,0,0,0,True,0,0,0.0
528249,16,0.06567752361297607,h,2022,Bayer Leverkusen,Borussia M.Gladbach,Amine Adli,2023-05-21 17:30:00,1,0,0,0,False,1,0,0.3022271692752838
528256,40,0.13653524219989777,h,2022,Bayer Leverkusen,Borussia M.Gladbach,Amine Adli,2023-05-21 17:30:00,1,0,0,0,False,2,0,0.3679046928882599
479131,46,0.03301459923386574,h,2022,Union Berlin,Hertha Berlin,Sheraldo Becker,2022-08-06 13:30:00,0,0,1,0,False,1,0,0.0
479133,49,0.30751800537109375,h,2022,Union Berlin,Hertha Berlin,Sheraldo Becker,2022-08-06 13:30:00,0,0,0,0,True,1,0,0.03301459923386574
479134,53,0.04398779943585396,h,2022,Union Berlin,Hertha Berlin,Sheraldo Becker,2022-08-06 13:30:00,1,0,0,0,False,2,0,0.3405326046049595
480899,10,0.021153299137949944,a,2022,Mainz 05,Union Berlin,Sheraldo Becker,2022-08-14 13:30:00,0,0,0,0,False,0,0,0.0
480904,27,0.023461099714040756,a,2022,Mainz 05,Union Berlin,Sheraldo Becker,2022-08-14 13:30:00,0,0,0,0,False,0,0,0.021153299137949944
482060,37,0.14300699532032013,h,2022,Union Berlin,RasenBallsport Leipzig,Sheraldo Becker,2022-08-20 16:30:00,0,0,0,0,True,1,0,0.0
482061,43,0.1333550065755844,h,2022,Union Berlin,RasenBallsport Leipzig,Sheraldo Becker,2022-08-20 16:30:00,1,0,0,0,False,2,0,0.14300699532032013
483439,4,0.07522869855165482,a,2022,Schalke 04,Union Berlin,Sheraldo Becker,2022-08-27 13:30:00,0,0,1,0,False,0,0,0.0
483449,35,0.0687870979309082,a,2022,Schalke 04,Union Berlin,Sheraldo Becker,2022-08-27 13:30:00,0,0,1,0,True,1,1,0.07522869855165482
483451,45,0.0895083025097847,a,2022,Schalke 04,Union Berlin,Sheraldo Becker,2022-08-27 13:30:00,1,0,0,0,True,2,1,0.14401579648256302
485817,11,0.06666319817304611,h,2022,Union Berlin,Bayern Munich,Sheraldo Becker,2022-09-03 13:30:00,0,0,0,0,True,0,0,0.0
488015,20,0.03396710008382797,a,2022,FC Cologne,Union Berlin,Sheraldo Becker,2022-09-11 13:30:00,0,0,0,0,False,0,0,0.0
488016,20,0.04782480001449585,a,2022,FC Cologne,Union Berlin,Sheraldo Becker,2022-09-11 13:30:00,0,0,0,0,False,0,0,0.03396710008382797
489388,3,0.026055000722408295,h,2022,Union Berlin,Wolfsburg,Sheraldo Becker,2022-09-18 13:30:00,0,0,1,0,False,0,0,0.0
489390,18,0.02218499965965748,h,2022,Union Berlin,Wolfsburg,Sheraldo Becker,2022-09-18 13:30:00,0,0,1,0,False,0,0,0.026055000722408295
489405,76,0.30751800537109375,h,2022,Union Berlin,Wolfsburg,Sheraldo Becker,2022-09-18 13:30:00,0,0,0,0,True,1,0,0.04824000038206577
489974,57,0.014084000140428543,a,2022,Eintracht Frankfurt,Union Berlin,Sheraldo Becker,2022-10-01 13:30:00,0,0,0,0,False,0,2,0.0
493806,5,0.015538900159299374,h,2022,Union Berlin,Borussia Dortmund,Sheraldo Becker,2022-10-16 15:30:00,0,0,0,0,False,0,0,0.0
493805,5,0.02129019983112812,h,2022,Union Berlin,Borussia Dortmund,Sheraldo Becker,2022-10-16 15:30:00,0,0,0,0,False,0,0,0.015538900159299374
493814,17,0.015728600323200226,h,2022,Union Berlin,Borussia Dortmund,Sheraldo Becker,2022-10-16 15:30:00,0,0,0,0,False,1,0,0.036829099990427494
498729,28,0.027844799682497978,a,2022,Bayer Leverkusen,Union Berlin,Sheraldo Becker,2022-11-06 14:30:00,0,0,0,0,False,0,0,0.0
499468,6,0.11901199817657471,h,2022,Union Berlin,Augsburg,Sheraldo Becker,2022-11-09 19:30:00,0,0,0,0,True,0,0,0.0
499470,10,0.05319510027766228,h,2022,Union Berlin,Augsburg,Sheraldo Becker,2022-11-09 19:30:00,1,0,0,0,False,1,1,0.11901199817657471
499474,14,0.01539199985563755,h,2022,Union Berlin,Augsburg,Sheraldo Becker,2022-11-09 19:30:00,1,0,0,0,False,1,1,0.17220709845423698
504554,5,0.04540510103106499,h,2022,Union Berlin,Hoffenheim,Sheraldo Becker,2023-01-21 14:30:00,0,0,0,0,False,0,0,0.0
504569,55,0.0546519011259079,h,2022,Union Berlin,Hoffenheim,Sheraldo Becker,2023-01-21 14:30:00,0,0,0,0,False,0,1,0.04540510103106499
504570,56,0.014955800026655197,h,2022,Union Berlin,Hoffenheim,Sheraldo Becker,2023-01-21 14:30:00,0,0,0,0,False,0,1,0.10005700215697289
505516,31,0.04893689975142479,a,2022,Werder Bremen,Union Berlin,Sheraldo Becker,2023-01-25 19:30:00,0,0,0,0,False,1,1,0.0
505521,57,0.14815199375152588,a,2022,Werder Bremen,Union Berlin,Sheraldo Becker,2023-01-25 19:30:00,0,0,0,0,False,2,1,0.04893689975142479
505523,64,0.02433069981634617,a,2022,Werder Bremen,Union Berlin,Sheraldo Becker,2023-01-25 19:30:00,0,0,0,0,False,2,1,0.19708889350295067
505702,48,0.03194560110569,a,2022,Hertha Berlin,Union Berlin,Sheraldo Becker,2023-01-28 14:30:00,0,0,0,0,False,1,0,0.0
507007,43,0.07064490020275116,h,2022,Union Berlin,Mainz 05,Sheraldo Becker,2023-02-04 14:30:00,0,0,0,0,False,1,0,0.0
507016,86,0.025747500360012054,h,2022,Union Berlin,Mainz 05,Sheraldo Becker,2023-02-04 14:30:00,0,0,0,0,False,2,1,0.07064490020275116
508625,37,0.06688019633293152,a,2022,RasenBallsport Leipzig,Union Berlin,Sheraldo Becker,2023-02-11 17:30:00,0,0,0,0,False,0,1,0.0
510272,87,0.07824820280075073,h,2022,Union Berlin,Schalke 04,Sheraldo Becker,2023-02-19 14:30:00,0,0,0,0,False,0,0,0.0
511458,57,0.08474539965391159,a,2022,Bayern Munich,Union Berlin,Sheraldo Becker,2023-02-26 16:30:00,0,0,0,0,False,0,3,0.0
512072,59,0.05463780090212822,h,2022,Union Berlin,FC Cologne,Sheraldo Becker,2023-03-04 14:30:00,0,0,0,0,False,0,0,0.0
512076,69,0.09257949888706207,h,2022,Union Berlin,FC Cologne,Sheraldo Becker,2023-03-04 14:30:00,0,0,0,0,False,0,0,0.05463780090212822
514355,18,0.03745109960436821,a,2022,Wolfsburg,Union Berlin,Sheraldo Becker,2023-03-12 18:30:00,0,0,0,0,False,0,0,0.0
514356,20,0.01934090070426464,a,2022,Wolfsburg,Union Berlin,Sheraldo Becker,2023-03-12 18:30:00,0,0,0,0,False,0,0,0.03745109960436821
514364,50,0.05495870113372803,a,2022,Wolfsburg,Union Berlin,Sheraldo Becker,2023-03-12 18:30:00,0,0,0,0,False,0,0,0.05679200030863285
515647,12,0.0737927034497261,h,2022,Union Berlin,Eintracht Frankfurt,Sheraldo Becker,2023-03-19 14:30:00,0,0,0,0,False,0,0,0.0
515657,39,0.0753398984670639,h,2022,Union Berlin,Eintracht Frankfurt,Sheraldo Becker,2023-03-19 14:30:00,0,0,0,0,False,0,0,0.0737927034497261
516246,40,0.05478750169277191,h,2022,Union Berlin,VfB Stuttgart,Sheraldo Becker,2023-04-01 13:30:00,0,0,1,0,False,0,0,0.0
516253,50,0.6045429706573486,h,2022,Union Berlin,VfB Stuttgart,Sheraldo Becker,2023-04-01 13:30:00,0,0,0,0,True,0,0,0.05478750169277191
516256,61,0.0526077002286911,h,2022,Union Berlin,VfB Stuttgart,Sheraldo Becker,2023-04-01 13:30:00,1,0,0,0,False,1,0,0.6593304723501205
516257,62,0.02736170031130314,h,2022,Union Berlin,VfB Stuttgart,Sheraldo Becker,2023-04-01 13:30:00,1,0,0,0,False,1,0,0.7119381725788116
517959,36,0.04165560007095337,a,2022,Borussia Dortmund,Union Berlin,Sheraldo Becker,2023-04-08 13:30:00,0,0,0,0,False,0,1,0.0
520219,70,0.06631539762020111,h,2022,Union Berlin,Bochum,Sheraldo Becker,2023-04-16 15:30:00,0,0,0,0,False,1,1,0.0
521722,27,0.07588335126638412,a,2022,Borussia M.Gladbach,Union Berlin,Sheraldo Becker,2023-04-23 17:30:00,0,0,1,0,False,0,0,0.0
521724,49,0.04809112474322319,a,2022,Borussia M.Gladbach,Union Berlin,Sheraldo Becker,2023-04-23 17:30:00,0,0,1,0,False,0,0,0.07588335126638412
521730,59,0.29775896668434143,a,2022,Borussia M.Gladbach,Union Berlin,Sheraldo Becker,2023-04-23 17:30:00,0,0,0,0,True,0,0,0.12397447600960732
522609,5,0.02047211304306984,h,2022,Union Berlin,Bayer Leverkusen,Sheraldo Becker,2023-04-29 13:30:00,0,0,0,0,False,0,0,0.0
522610,7,0.05868794769048691,h,2022,Union Berlin,Bayer Leverkusen,Sheraldo Becker,2023-04-29 13:30:00,0,0,0,0,False,0,0,0.02047211304306984
522621,58,0.03542076796293259,h,2022,Union Berlin,Bayer Leverkusen,Sheraldo Becker,2023-04-29 13:30:00,0,0,0,0,False,0,0,0.07916006073355675
524559,25,0.06877221912145615,a,2022,Augsburg,Union Berlin,Sheraldo Becker,2023-05-06 13:30:00,0,0,0,0,False,0,0,0.0
525940,33,0.10548084229230881,h,2022,Union Berlin,Freiburg,Sheraldo Becker,2023-05-13 13:30:00,0,0,1,0,False,1,0,0.0
525942,35,0.33084923028945923,h,2022,Union Berlin,Freiburg,Sheraldo Becker,2023-05-13 13:30:00,0,0,1,0,True,1,0,0.10548084229230881
525943,37,0.049115002155303955,h,2022,Union Berlin,Freiburg,Sheraldo Becker,2023-05-13 13:30:00,1,0,0,0,True,2,0,0.43633007258176804
527398,53,0.4233861565589905,a,2022,Hoffenheim,Union Berlin,Sheraldo Becker,2023-05-20 13:30:00,0,0,0,0,False,1,2,0.0
527401,62,0.013812726363539696,a,2022,Hoffenheim,Union Berlin,Sheraldo Becker,2023-05-20 13:30:00,0,0,0,0,False,1,2,0.4233861565589905
527402,63,0.2511748671531677,a,2022,Hoffenheim,Union Berlin,Sheraldo Becker,2023-05-20 13:30:00,0,0,0,0,False,1,2,0.4371988829225302
527406,78,0.02069585956633091,a,2022,Hoffenheim,Union Berlin,Sheraldo Becker,2023-05-20 13:30:00,0,0,0,0,False,1,2,0.6883737500756979
527408,80,0.07960227131843567,a,2022,Hoffenheim,Union Berlin,Sheraldo Becker,2023-05-20 13:30:00,0,0,0,0,False,1,2,0.7090696096420288
529120,72,0.04861194267868996,h,2022,Union Berlin,Werder Bremen,Sheraldo Becker,2023-05-27 13:30:00,0,0,0,0,False,0,0,0.0
529124,85,0.02585086226463318,h,2022,Union Berlin,Werder Bremen,Sheraldo Becker,2023-05-27 13:30:00,0,0,0,0,False,1,0,0.04861194267868996
529127,92,0.07797671854496002,h,2022,Union Berlin,Werder Bremen,Sheraldo Becker,2023-05-27 13:30:00,0,0,0,0,False,1,0,0.07446280494332314
488110,15,0.4132789969444275,h,2022,Freiburg,Borussia M.Gladbach,Daniel-Kofi Kyereh,2022-09-11 15:30:00,0,0,0,0,False,0,0,0.0
489598,19,0.028934499248862267,a,2022,Hoffenheim,Freiburg,Daniel-Kofi Kyereh,2022-09-18 17:30:00,0,0,0,0,False,0,0,0.0
489614,69,0.015680700540542603,a,2022,Hoffenheim,Freiburg,Daniel-Kofi Kyereh,2022-09-18 17:30:00,0,0,0,0,False,0,0,0.028934499248862267
490028,36,0.9460330009460449,h,2022,Freiburg,Mainz 05,Daniel-Kofi Kyereh,2022-10-01 13:30:00,0,0,0,0,True,1,0,0.0
492592,21,0.4350149929523468,a,2022,Hertha Berlin,Freiburg,Daniel-Kofi Kyereh,2022-10-09 15:30:00,0,0,0,0,True,0,0,0.0
492591,21,0.5630499720573425,a,2022,Hertha Berlin,Freiburg,Daniel-Kofi Kyereh,2022-10-09 15:30:00,1,0,0,0,False,0,0,0.4350149929523468
494903,28,0.08091440051794052,h,2022,Freiburg,Werder Bremen,Daniel-Kofi Kyereh,2022-10-22 13:30:00,0,0,0,0,False,0,0,0.0
494907,51,0.053759101778268814,h,2022,Freiburg,Werder Bremen,Daniel-Kofi Kyereh,2022-10-22 13:30:00,0,0,0,0,False,0,0,0.08091440051794052
494918,69,0.04154060035943985,h,2022,Freiburg,Werder Bremen,Daniel-Kofi Kyereh,2022-10-22 13:30:00,0,0,0,0,False,1,0,0.13467350229620934
497423,92,0.13493500649929047,a,2022,Schalke 04,Freiburg,Daniel-Kofi Kyereh,2022-10-30 16:30:00,0,0,0,0,False,2,0,0.0
504485,28,0.1118369996547699,a,2022,Wolfsburg,Freiburg,Daniel-Kofi Kyereh,2023-01-21 14:30:00,0,0,0,0,False,0,2,0.0
506975,27,0.057546600699424744,a,2022,Borussia Dortmund,Freiburg,Daniel-Kofi Kyereh,2023-02-04 14:30:00,0,0,0,0,False,0,1,0.0
487395,37,0.015838399529457092,a,2022,Bayern Munich,VfB Stuttgart,Serhou Guirassy,2022-09-10 13:30:00,0,0,1,0,False,0,1,0.0
487407,73,0.03224769979715347,a,2022,Bayern Munich,VfB Stuttgart,Serhou Guirassy,2022-09-10 13:30:00,0,0,1,0,False,1,2,0.015838399529457092
487413,91,0.7577769756317139,a,2022,Bayern Munich,VfB Stuttgart,Serhou Guirassy,2022-09-10 13:30:00,0,0,0,0,True,1,2,0.048086099326610565
488693,92,0.09277179837226868,h,2022,VfB Stuttgart,Eintracht Frankfurt,Serhou Guirassy,2022-09-17 13:30:00,0,0,0,0,False,1,3,0.0
489997,21,0.6668480038642883,a,2022,Wolfsburg,VfB Stuttgart,Serhou Guirassy,2022-10-01 13:30:00,0,0,0,0,True,0,0,0.0
492478,33,0.5320460200309753,h,2022,VfB Stuttgart,Union Berlin,Serhou Guirassy,2022-10-09 17:30:00,0,0,0,0,False,0,0,0.0
494998,36,0.050638098269701004,a,2022,Borussia Dortmund,VfB Stuttgart,Serhou Guirassy,2022-10-22 13:30:00,0,0,0,0,False,0,2,0.0
496371,1,0.02956159971654415,h,2022,VfB Stuttgart,Augsburg,Serhou Guirassy,2022-10-29 13:30:00,0,0,1,0,False,0,0,0.0
496374,14,0.3742409944534302,h,2022,VfB Stuttgart,Augsburg,Serhou Guirassy,2022-10-29 13:30:00,0,0,0,0,True,0,1,0.02956159971654415
496396,74,0.1098409965634346,h,2022,VfB Stuttgart,Augsburg,Serhou Guirassy,2022-10-29 13:30:00,1,0,0,0,False,1,1,0.4038025941699743
496397,74,0.09702499955892563,h,2022,VfB Stuttgart,Augsburg,Serhou Guirassy,2022-10-29 13:30:00,1,0,0,0,False,1,1,0.5136435907334089
496398,75,0.09216920286417007,h,2022,VfB Stuttgart,Augsburg,Serhou Guirassy,2022-10-29 13:30:00,1,0,0,0,False,1,1,0.6106685902923346
496404,84,0.027312099933624268,h,2022,VfB Stuttgart,Augsburg,Serhou Guirassy,2022-10-29 13:30:00,1,0,0,0,False,1,1,0.7028377931565046
497647,10,0.06679119914770126,a,2022,Borussia M.Gladbach,VfB Stuttgart,Serhou Guirassy,2022-11-04 18:30:00,0,0,0,0,False,0,1,0.0
497650,19,0.05206120014190674,a,2022,Borussia M.Gladbach,VfB Stuttgart,Serhou Guirassy,2022-11-04 18:30:00,0,0,0,0,False,0,1,0.06679119914770126
497666,82,0.5640289783477783,a,2022,Borussia M.Gladbach,VfB Stuttgart,Serhou Guirassy,2022-11-04 18:30:00,0,0,0,0,False,1,2,0.118852399289608
499192,2,0.3277119994163513,h,2022,VfB Stuttgart,Hertha Berlin,Serhou Guirassy,2022-11-08 19:30:00,0,0,0,0,True,0,0,0.0
499200,32,0.03317460045218468,h,2022,VfB Stuttgart,Hertha Berlin,Serhou Guirassy,2022-11-08 19:30:00,1,0,0,0,False,1,1,0.3277119994163513
500085,58,0.043327800929546356,a,2022,Bayer Leverkusen,VfB Stuttgart,Serhou Guirassy,2022-11-12 14:30:00,0,0,0,0,False,0,1,0.0
500091,87,0.0750282034277916,a,2022,Bayer Leverkusen,VfB Stuttgart,Serhou Guirassy,2022-11-12 14:30:00,0,0,0,0,False,0,2,0.043327800929546356
504507,34,0.013899100013077259,h,2022,VfB Stuttgart,Mainz 05,Serhou Guirassy,2023-01-21 14:30:00,0,0,1,0,False,0,0,0.0
504508,34,0.39099401235580444,h,2022,VfB Stuttgart,Mainz 05,Serhou Guirassy,2023-01-21 14:30:00,0,0,1,0,False,0,0,0.013899100013077259
504509,35,0.3894230127334595,h,2022,VfB Stuttgart,Mainz 05,Serhou Guirassy,2023-01-21 14:30:00,0,0,0,0,True,0,0,0.4048931123688817
504513,52,0.09954290091991425,h,2022,VfB Stuttgart,Mainz 05,Serhou Guirassy,2023-01-21 14:30:00,1,0,0,0,False,1,1,0.7943161251023412
504517,59,0.08346769958734512,h,2022,VfB Stuttgart,Mainz 05,Serhou Guirassy,2023-01-21 14:30:00,1,0,0,0,False,1,1,0.8938590260222554
505360,9,0.013607500120997429,a,2022,Hoffenheim,VfB Stuttgart,Serhou Guirassy,2023-01-24 19:30:00,0,0,1,0,False,0,0,0.0
505367,49,0.3738049864768982,a,2022,Hoffenheim,VfB Stuttgart,Serhou Guirassy,2023-01-24 19:30:00,0,0,0,0,True,0,1,0.013607500120997429
507654,2,0.033894799649715424,h,2022,VfB Stuttgart,Werder Bremen,Serhou Guirassy,2023-02-05 14:30:00,0,0,0,0,False,0,0,0.0
507656,8,0.29302799701690674,h,2022,VfB Stuttgart,Werder Bremen,Serhou Guirassy,2023-02-05 14:30:00,0,0,0,0,False,0,0,0.033894799649715424
516261,74,0.33254700899124146,a,2022,Union Berlin,VfB Stuttgart,Serhou Guirassy,2023-04-01 13:30:00,0,0,0,0,False,0,2,0.0
516262,75,0.03276690095663071,a,2022,Union Berlin,VfB Stuttgart,Serhou Guirassy,2023-04-01 13:30:00,0,0,0,0,False,0,2,0.33254700899124146
516267,83,0.3114300072193146,a,2022,Union Berlin,VfB Stuttgart,Serhou Guirassy,2023-04-01 13:30:00,0,0,0,0,False,0,2,0.36531390994787216
518797,59,0.6168580055236816,a,2022,Bochum,VfB Stuttgart,Serhou Guirassy,2023-04-09 15:30:00,0,0,0,0,True,1,1,0.0
519316,17,0.06434690207242966,h,2022,VfB Stuttgart,Borussia Dortmund,Serhou Guirassy,2023-04-15 13:30:00,0,0,0,0,False,0,0,0.0
519319,29,0.6192910075187683,h,2022,VfB Stuttgart,Borussia Dortmund,Serhou Guirassy,2023-04-15 13:30:00,0,0,0,0,False,0,1,0.06434690207242966
519330,71,0.07454320043325424,h,2022,VfB Stuttgart,Borussia Dortmund,Serhou Guirassy,2023-04-15 13:30:00,0,0,0,0,False,0,2,0.683637909591198
522706,21,0.9523155093193054,h,2022,VfB Stuttgart,Borussia M.Gladbach,Serhou Guirassy,2023-04-29 13:30:00,0,0,0,0,True,0,0,0.0
522715,46,0.08823103457689285,h,2022,VfB Stuttgart,Borussia M.Gladbach,Serhou Guirassy,2023-04-29 13:30:00,1,0,0,0,False,1,0,0.9523155093193054
524533,6,0.06469498574733734,a,2022,Hertha Berlin,VfB Stuttgart,Serhou Guirassy,2023-05-06 13:30:00,0,0,1,0,False,0,0,0.0
524537,19,0.016103051602840424,a,2022,Hertha Berlin,VfB Stuttgart,Serhou Guirassy,2023-05-06 13:30:00,0,0,1,0,False,0,0,0.06469498574733734
524536,19,0.08111591637134552,a,2022,Hertha Berlin,VfB Stuttgart,Serhou Guirassy,2023-05-06 13:30:00,0,0,1,0,False,0,0,0.08079803735017776
524542,37,0.6002140641212463,a,2022,Hertha Berlin,VfB Stuttgart,Serhou Guirassy,2023-05-06 13:30:00,0,0,0,0,True,0,1,0.16191395372152328
526590,34,0.023022815585136414,h,2022,VfB Stuttgart,Bayer Leverkusen,Serhou Guirassy,2023-05-14 13:30:00,0,0,1,0,False,0,0,0.0
526596,56,0.75777667760849,h,2022,VfB Stuttgart,Bayer Leverkusen,Serhou Guirassy,2023-05-14 13:30:00,0,0,0,0,True,0,0,0.023022815585136414
526599,70,0.11569207161664963,h,2022,VfB Stuttgart,Bayer Leverkusen,Serhou Guirassy,2023-05-14 13:30:00,1,0,0,0,False,1,1,0.7807994931936264
528026,63,0.49882063269615173,a,2022,Mainz 05,VfB Stuttgart,Serhou Guirassy,2023-05-21 13:30:00,0,0,0,0,True,1,1,0.0
528029,75,0.14267733693122864,a,2022,Mainz 05,VfB Stuttgart,Serhou Guirassy,2023-05-21 13:30:00,1,0,0,0,False,2,1,0.49882063269615173
528985,39,0.3751312494277954,h,2022,VfB Stuttgart,Hoffenheim,Serhou Guirassy,2023-05-27 13:30:00,0,0,0,0,False,0,0,0.0
528988,62,0.4572634696960449,h,2022,VfB Stuttgart,Hoffenheim,Serhou Guirassy,2023-05-27 13:30:00,0,0,0,0,False,0,0,0.3751312494277954
482067,67,0.11985000222921371,a,2022,Union Berlin,RasenBallsport Leipzig,Marcel Halstenberg,2022-08-20 16:30:00,0,0,0,0,False,0,2,0.0
490048,11,0.052886199206113815,h,2022,RasenBallsport Leipzig,Bochum,Marcel Halstenberg,2022-10-01 13:30:00,0,0,0,0,False,0,0,0.0
491528,61,0.021369699388742447,a,2022,Mainz 05,RasenBallsport Leipzig,Marcel Halstenberg,2022-10-08 13:30:00,0,0,0,0,False,0,1,0.0
497985,48,0.0446138009428978,a,2022,Hoffenheim,RasenBallsport Leipzig,Marcel Halstenberg,2022-11-05 14:30:00,0,0,0,0,False,1,0,0.0
504378,51,0.7081660032272339,h,2022,RasenBallsport Leipzig,Bayern Munich,Marcel Halstenberg,2023-01-20 19:30:00,0,0,0,0,True,0,1,0.0
510758,1,0.0875530019402504,h,2022,RasenBallsport Leipzig,Eintracht Frankfurt,Marcel Halstenberg,2023-02-25 14:30:00,0,0,0,0,False,0,0,0.0
511773,34,0.44850999116897583,a,2022,Borussia Dortmund,RasenBallsport Leipzig,Marcel Halstenberg,2023-03-03 19:30:00,0,0,0,0,False,0,1,0.0
522606,77,0.028246387839317322,h,2022,RasenBallsport Leipzig,Hoffenheim,Marcel Halstenberg,2023-04-29 13:30:00,0,0,0,0,False,1,0,0.0
528927,52,0.08960999548435211,h,2022,RasenBallsport Leipzig,Schalke 04,Marcel Halstenberg,2023-05-27 13:30:00,0,0,0,0,False,2,1,0.0
494911,55,0.0450810007750988,h,2022,Freiburg,Werder Bremen,Lukas Kübler,2022-10-22 13:30:00,0,0,0,0,True,0,0,0.0
497411,53,0.13982799649238586,a,2022,Schalke 04,Freiburg,Lukas Kübler,2022-10-30 16:30:00,0,0,0,0,False,1,0,0.0
497417,73,0.06896050274372101,a,2022,Schalke 04,Freiburg,Lukas Kübler,2022-10-30 16:30:00,0,0,0,0,False,2,0,0.13982799649238586
498824,32,0.08572670072317123,h,2022,Freiburg,FC Cologne,Lukas Kübler,2022-11-06 16:30:00,0,0,0,0,False,0,0,0.0
499508,65,0.0581899993121624,a,2022,RasenBallsport Leipzig,Freiburg,Lukas Kübler,2022-11-09 19:30:00,0,0,0,0,True,0,2,0.0
511389,70,0.5695689916610718,h,2022,Freiburg,Bayer Leverkusen,Lukas Kübler,2023-02-26 14:30:00,0,0,0,0,False,1,1,0.0
521546,88,0.07731007784605026,h,2022,Freiburg,Schalke 04,Lukas Kübler,2023-04-23 13:30:00,0,0,0,0,False,4,0,0.0
522647,17,0.042498402297496796,a,2022,FC Cologne,Freiburg,Lukas Kübler,2023-04-29 13:30:00,0,0,0,0,False,0,0,0.0
525939,27,0.01407830510288477,a,2022,Union Berlin,Freiburg,Lukas Kübler,2023-05-13 13:30:00,0,0,0,0,False,0,1,0.0
481763,82,0.2604919970035553,a,2022,Augsburg,Mainz 05,Stefan Bell,2022-08-20 13:30:00,0,0,0,0,False,1,1,0.0
486723,61,0.04692329838871956,a,2022,Borussia M.Gladbach,Mainz 05,Stefan Bell,2022-09-04 15:30:00,0,0,0,0,False,1,0,0.0
508237,36,0.30888599157333374,h,2022,Mainz 05,Augsburg,Stefan Bell,2023-02-11 14:30:00,0,0,0,0,False,2,1,0.0
510441,39,0.047387298196554184,a,2022,Bayer Leverkusen,Mainz 05,Stefan Bell,2023-02-19 18:30:00,0,0,0,0,False,1,1,0.0
512087,32,0.05715470016002655,h,2022,Mainz 05,Hoffenheim,Stefan Bell,2023-03-04 14:30:00,0,0,0,0,False,0,0,0.0
512096,53,0.0478409007191658,h,2022,Mainz 05,Hoffenheim,Stefan Bell,2023-03-04 14:30:00,0,0,0,0,False,1,0,0.05715470016002655
515841,29,0.012431800365447998,h,2022,Mainz 05,Freiburg,Stefan Bell,2023-03-19 18:30:00,0,0,0,0,False,0,0,0.0
479864,16,0.0157880000770092,h,2022,FC Cologne,Schalke 04,Ellyes Skhiri,2022-08-07 15:30:00,0,0,0,0,False,0,0,0.0
479865,17,0.1468770056962967,h,2022,FC Cologne,Schalke 04,Ellyes Skhiri,2022-08-07 15:30:00,0,0,0,0,False,0,0,0.0157880000770092
479884,57,0.07989750057458878,h,2022,FC Cologne,Schalke 04,Ellyes Skhiri,2022-08-07 15:30:00,0,0,0,0,False,1,0,0.1626650057733059
479896,91,0.15293799340724945,h,2022,FC Cologne,Schalke 04,Ellyes Skhiri,2022-08-07 15:30:00,0,0,0,0,False,3,1,0.24256250634789467
479897,93,0.0514845997095108,h,2022,FC Cologne,Schalke 04,Ellyes Skhiri,2022-08-07 15:30:00,0,0,0,0,False,3,1,0.3955004997551441
485774,50,0.38383200764656067,a,2022,Wolfsburg,FC Cologne,Ellyes Skhiri,2022-09-03 13:30:00,0,0,0,0,False,2,1,0.0
485782,71,0.044786300510168076,a,2022,Wolfsburg,FC Cologne,Ellyes Skhiri,2022-09-03 13:30:00,0,0,0,0,False,2,1,0.38383200764656067
485783,77,0.04281710088253021,a,2022,Wolfsburg,FC Cologne,Ellyes Skhiri,2022-09-03 13:30:00,0,0,0,0,False,2,1,0.42861830815672874
489479,38,0.3727720081806183,a,2022,Bochum,FC Cologne,Ellyes Skhiri,2022-09-18 15:30:00,0,0,0,0,False,0,0,0.0
489952,81,0.030129700899124146,h,2022,FC Cologne,Borussia Dortmund,Ellyes Skhiri,2022-10-01 13:30:00,0,0,0,0,False,3,1,0.0
493705,4,0.013432900421321392,h,2022,FC Cologne,Augsburg,Ellyes Skhiri,2022-10-16 13:30:00,0,0,0,0,False,0,0,0.0
493717,59,0.05688739940524101,h,2022,FC Cologne,Augsburg,Ellyes Skhiri,2022-10-16 13:30:00,0,0,0,0,False,1,1,0.013432900421321392
498826,41,0.5144060254096985,a,2022,Freiburg,FC Cologne,Ellyes Skhiri,2022-11-06 16:30:00,0,0,0,0,False,0,0,0.0
499272,27,0.05215509980916977,h,2022,FC Cologne,Bayer Leverkusen,Ellyes Skhiri,2022-11-09 17:30:00,0,0,0,0,False,0,0,0.0
499281,49,0.031332600861787796,h,2022,FC Cologne,Bayer Leverkusen,Ellyes Skhiri,2022-11-09 17:30:00,0,0,0,0,False,1,0,0.05215509980916977
504801,29,0.5810589790344238,h,2022,FC Cologne,Werder Bremen,Ellyes Skhiri,2023-01-21 17:30:00,0,0,1,0,True,3,0,0.0
504810,53,0.3582710027694702,h,2022,FC Cologne,Werder Bremen,Ellyes Skhiri,2023-01-21 17:30:00,1,0,0,0,True,5,1,0.5810589790344238
505382,3,0.6131139993667603,a,2022,Bayern Munich,FC Cologne,Ellyes Skhiri,2023-01-24 19:30:00,0,0,0,0,True,0,0,0.0
507035,68,0.028060199692845345,h,2022,FC Cologne,RasenBallsport Leipzig,Ellyes Skhiri,2023-02-04 14:30:00,0,0,0,0,False,0,0,0.0
509057,70,0.2695930004119873,h,2022,FC Cologne,Eintracht Frankfurt,Ellyes Skhiri,2023-02-12 16:30:00,0,0,1,0,True,1,0,0.0
509061,85,0.0678464025259018,h,2022,FC Cologne,Eintracht Frankfurt,Ellyes Skhiri,2023-02-12 16:30:00,1,0,0,0,True,2,0,0.2695930004119873
512074,66,0.05032980069518089,a,2022,Union Berlin,FC Cologne,Ellyes Skhiri,2023-03-04 14:30:00,0,0,0,0,False,0,0,0.0
513124,0,0.032702598720788956,h,2022,FC Cologne,Bochum,Ellyes Skhiri,2023-03-10 19:30:00,0,0,0,0,False,0,0,0.0
516991,29,0.013874500058591366,h,2022,FC Cologne,Borussia M.Gladbach,Ellyes Skhiri,2023-04-02 13:30:00,0,0,0,0,False,0,0,0.0
517851,6,0.9570059776306152,a,2022,Augsburg,FC Cologne,Ellyes Skhiri,2023-04-08 13:30:00,0,0,0,0,True,0,0,0.0
522657,41,0.11323314905166626,h,2022,FC Cologne,Freiburg,Ellyes Skhiri,2023-04-29 13:30:00,0,0,0,0,False,0,0,0.0
522667,69,0.025969911366701126,h,2022,FC Cologne,Freiburg,Ellyes Skhiri,2023-04-29 13:30:00,0,0,0,0,False,0,1,0.11323314905166626
525550,25,0.023709414526820183,h,2022,FC Cologne,Hertha Berlin,Ellyes Skhiri,2023-05-12 18:30:00,0,0,1,0,False,1,1,0.0
525551,27,0.016423242166638374,h,2022,FC Cologne,Hertha Berlin,Ellyes Skhiri,2023-05-12 18:30:00,0,0,1,0,False,1,1,0.023709414526820183
525556,41,0.12356548011302948,h,2022,FC Cologne,Hertha Berlin,Ellyes Skhiri,2023-05-12 18:30:00,0,0,1,0,False,2,2,0.04013265669345856
525558,42,0.44168105721473694,h,2022,FC Cologne,Hertha Berlin,Ellyes Skhiri,2023-05-12 18:30:00,0,0,0,0,True,2,2,0.16369813680648804
529044,73,0.1030200943350792,h,2022,FC Cologne,Bayern Munich,Ellyes Skhiri,2023-05-27 13:30:00,0,0,0,0,False,0,1,0.0
529067,54,0.5629153847694397,a,2022,Wolfsburg,Hertha Berlin,Ibrahim Maza,2023-05-27 13:30:00,0,0,0,0,True,0,1,0.0
480919,89,0.03129500150680542,h,2022,Mainz 05,Union Berlin,Alexander Hack,2022-08-14 13:30:00,0,0,0,0,False,0,0,0.0
499420,21,0.027510400861501694,a,2022,Schalke 04,Mainz 05,Alexander Hack,2022-11-09 19:30:00,0,0,0,0,False,0,1,0.0
500733,75,0.0324694998562336,h,2022,Mainz 05,Eintracht Frankfurt,Alexander Hack,2022-11-13 14:30:00,0,0,0,0,False,1,1,0.0
508256,93,0.5108489990234375,h,2022,Mainz 05,Augsburg,Alexander Hack,2023-02-11 14:30:00,0,0,0,0,False,3,1,0.0
488699,9,0.0414155013859272,a,2022,Bayer Leverkusen,Werder Bremen,Ilia Gruev,2022-09-17 13:30:00,0,0,0,0,False,0,0,0.0
488713,47,0.06514869630336761,a,2022,Bayer Leverkusen,Werder Bremen,Ilia Gruev,2022-09-17 13:30:00,0,0,0,0,False,0,0,0.0414155013859272
510812,85,0.02083900012075901,h,2022,Werder Bremen,Bochum,Ilia Gruev,2023-02-25 14:30:00,0,0,0,0,False,3,0,0.0
512029,42,0.01478429976850748,a,2022,Augsburg,Werder Bremen,Ilia Gruev,2023-03-04 14:30:00,0,0,0,0,False,1,1,0.0
514590,43,0.01875299960374832,a,2022,Borussia M.Gladbach,Werder Bremen,Ilia Gruev,2023-03-17 19:30:00,0,0,0,0,False,0,0,0.0
527293,43,0.11523027718067169,h,2022,Werder Bremen,FC Cologne,Ilia Gruev,2023-05-20 13:30:00,0,0,0,0,False,0,1,0.0
481762,78,0.014799400232732296,h,2022,Augsburg,Mainz 05,Jeffrey Gouweleeuw,2022-08-20 13:30:00,0,0,0,0,False,1,1,0.0
486588,45,0.016647299751639366,h,2022,Augsburg,Hertha Berlin,Jeffrey Gouweleeuw,2022-09-04 13:30:00,0,0,0,0,False,0,0,0.0
488621,25,0.09497939795255661,h,2022,Augsburg,Bayern Munich,Jeffrey Gouweleeuw,2022-09-17 13:30:00,0,0,0,0,False,0,0,0.0
491499,54,0.09504219889640808,h,2022,Augsburg,Wolfsburg,Jeffrey Gouweleeuw,2022-10-08 13:30:00,0,0,0,0,False,0,1,0.0
491505,62,0.09139029681682587,h,2022,Augsburg,Wolfsburg,Jeffrey Gouweleeuw,2022-10-08 13:30:00,0,0,0,0,False,1,1,0.09504219889640808
491506,62,0.5182629823684692,h,2022,Augsburg,Wolfsburg,Jeffrey Gouweleeuw,2022-10-08 13:30:00,0,0,0,0,False,1,1,0.18643249571323395
496373,11,0.007360449992120266,a,2022,VfB Stuttgart,Augsburg,Jeffrey Gouweleeuw,2022-10-29 13:30:00,0,0,0,0,False,1,0,0.0
505501,42,0.12771199643611908,h,2022,Augsburg,Borussia M.Gladbach,Jeffrey Gouweleeuw,2023-01-25 19:30:00,0,0,0,0,False,0,0,0.0
505508,62,0.06229700148105621,h,2022,Augsburg,Borussia M.Gladbach,Jeffrey Gouweleeuw,2023-01-25 19:30:00,0,0,0,0,False,0,0,0.12771199643611908
505797,43,0.050378598272800446,a,2022,Freiburg,Augsburg,Jeffrey Gouweleeuw,2023-01-28 14:30:00,0,0,0,0,False,1,2,0.0
509339,67,0.1196959987282753,h,2022,Augsburg,Hoffenheim,Jeffrey Gouweleeuw,2023-02-17 19:30:00,0,0,0,0,False,0,0,0.0
509344,87,0.03881220147013664,h,2022,Augsburg,Hoffenheim,Jeffrey Gouweleeuw,2023-02-17 19:30:00,0,0,0,0,False,0,0,0.1196959987282753
512034,48,0.010999700054526329,h,2022,Augsburg,Werder Bremen,Jeffrey Gouweleeuw,2023-03-04 14:30:00,0,0,0,0,False,2,1,0.0
513458,68,0.0608551986515522,a,2022,Bayern Munich,Augsburg,Jeffrey Gouweleeuw,2023-03-11 14:30:00,0,0,0,0,False,2,4,0.0
519277,76,0.03746839985251427,a,2022,RasenBallsport Leipzig,Augsburg,Jeffrey Gouweleeuw,2023-04-15 13:30:00,0,0,0,0,False,1,3,0.0
525818,58,0,a,2022,Bochum,Augsburg,Jeffrey Gouweleeuw,2023-05-13 13:30:00,0,0,0,0,False,1,1,0.0
481702,20,0.43170300126075745,a,2022,Borussia Dortmund,Werder Bremen,Jens Stage,2022-08-20 13:30:00,0,0,0,0,False,0,0,0.0
484514,55,0.12197799980640411,h,2022,Werder Bremen,Eintracht Frankfurt,Jens Stage,2022-08-28 15:30:00,0,0,0,0,False,2,4,0.0
487222,8,0.06946899741888046,h,2022,Werder Bremen,Augsburg,Jens Stage,2022-09-09 18:30:00,0,0,0,0,False,0,0,0.0
494906,48,0.011728700250387192,a,2022,Freiburg,Werder Bremen,Jens Stage,2022-10-22 13:30:00,0,0,0,0,False,0,0,0.0
505739,19,0.05601879954338074,h,2022,Werder Bremen,Wolfsburg,Jens Stage,2023-01-28 14:30:00,0,0,0,0,False,0,0,0.0
507667,58,0.055512700229883194,a,2022,VfB Stuttgart,Werder Bremen,Jens Stage,2023-02-05 14:30:00,0,0,0,0,True,0,0,0.0
510799,27,0.02373499982059002,h,2022,Werder Bremen,Bochum,Jens Stage,2023-02-25 14:30:00,0,0,0,0,False,0,0,0.0
510808,71,0.17638200521469116,h,2022,Werder Bremen,Bochum,Jens Stage,2023-02-25 14:30:00,0,0,0,0,False,3,0,0.02373499982059002
512020,10,0.08943639695644379,a,2022,Augsburg,Werder Bremen,Jens Stage,2023-03-04 14:30:00,0,0,1,0,False,0,1,0.0
512021,15,0.40801599621772766,a,2022,Augsburg,Werder Bremen,Jens Stage,2023-03-04 14:30:00,0,0,0,0,True,0,1,0.08943639695644379
512025,32,0.060694001615047455,a,2022,Augsburg,Werder Bremen,Jens Stage,2023-03-04 14:30:00,1,0,0,0,False,1,1,0.49745239317417145
514248,38,0.060285698622465134,h,2022,Werder Bremen,Bayer Leverkusen,Jens Stage,2023-03-12 16:30:00,0,0,0,0,False,1,1,0.0
514251,46,0.06593570113182068,h,2022,Werder Bremen,Bayer Leverkusen,Jens Stage,2023-03-12 16:30:00,0,0,0,0,False,1,1,0.060285698622465134
517893,86,0.03462069854140282,a,2022,Mainz 05,Werder Bremen,Jens Stage,2023-04-08 13:30:00,0,0,0,0,True,0,1,0.0
520091,21,0.013318600133061409,h,2022,Werder Bremen,Freiburg,Jens Stage,2023-04-16 13:30:00,0,0,0,0,False,0,0,0.0
520736,44,0.3525690734386444,a,2022,Hertha Berlin,Werder Bremen,Jens Stage,2023-04-22 13:30:00,0,0,0,0,False,2,0,0.0
522897,10,0.07427255809307098,a,2022,Schalke 04,Werder Bremen,Jens Stage,2023-04-29 16:30:00,0,0,0,0,False,0,0,0.0
524813,84,0.07040732353925705,h,2022,Werder Bremen,Bayern Munich,Jens Stage,2023-05-06 16:30:00,0,0,0,0,False,0,2,0.0
527302,69,0.4463450312614441,h,2022,Werder Bremen,FC Cologne,Jens Stage,2023-05-20 13:30:00,0,0,0,0,False,0,1,0.0
481753,44,0.0357000008225441,h,2022,Augsburg,Mainz 05,Maximilian Bauer,2022-08-20 13:30:00,0,0,0,0,False,1,1,0.0
483520,56,0.018969299271702766,a,2022,Hoffenheim,Augsburg,Maximilian Bauer,2022-08-27 13:30:00,0,0,0,0,False,0,1,0.0
487225,25,0.4895769953727722,a,2022,Werder Bremen,Augsburg,Maximilian Bauer,2022-09-09 18:30:00,0,0,0,0,False,0,0,0.0
488617,23,0.06463909894227982,h,2022,Augsburg,Bayern Munich,Maximilian Bauer,2022-09-17 13:30:00,0,0,0,0,False,0,0,0.0
488620,25,0.08419419825077057,h,2022,Augsburg,Bayern Munich,Maximilian Bauer,2022-09-17 13:30:00,0,0,0,0,False,0,0,0.06463909894227982
488624,38,0.46902701258659363,h,2022,Augsburg,Bayern Munich,Maximilian Bauer,2022-09-17 13:30:00,0,0,0,0,False,0,0,0.14883329719305038
496385,44,0.07437609881162643,a,2022,VfB Stuttgart,Augsburg,Maximilian Bauer,2022-10-29 13:30:00,0,0,0,0,False,1,1,0.0
499466,3,0.013951900415122509,a,2022,Union Berlin,Augsburg,Maximilian Bauer,2022-11-09 19:30:00,0,0,0,0,False,0,0,0.0
479753,30,0.05644439905881882,h,2022,VfB Stuttgart,RasenBallsport Leipzig,Naouirou Ahamada,2022-08-07 13:30:00,0,0,0,0,True,0,1,0.0
488672,15,0.024231500923633575,h,2022,VfB Stuttgart,Eintracht Frankfurt,Naouirou Ahamada,2022-09-17 13:30:00,0,0,0,0,False,0,1,0.0
488680,57,0.008087280206382275,h,2022,VfB Stuttgart,Eintracht Frankfurt,Naouirou Ahamada,2022-09-17 13:30:00,0,0,0,0,False,0,2,0.024231500923633575
489994,17,0.016469400376081467,a,2022,Wolfsburg,VfB Stuttgart,Naouirou Ahamada,2022-10-01 13:30:00,0,0,0,0,False,0,0,0.0
492486,78,0.0676845982670784,h,2022,VfB Stuttgart,Union Berlin,Naouirou Ahamada,2022-10-09 17:30:00,0,0,0,0,False,0,1,0.0
492969,15,0.03784019872546196,h,2022,VfB Stuttgart,Bochum,Naouirou Ahamada,2022-10-15 13:30:00,0,0,1,0,False,1,0,0.0
492971,21,0.12668000161647797,h,2022,VfB Stuttgart,Bochum,Naouirou Ahamada,2022-10-15 13:30:00,0,0,0,0,True,1,0,0.03784019872546196
495000,40,0.020818600431084633,a,2022,Borussia Dortmund,VfB Stuttgart,Naouirou Ahamada,2022-10-22 13:30:00,0,0,0,0,False,0,2,0.0
496377,20,0.01998160034418106,h,2022,VfB Stuttgart,Augsburg,Naouirou Ahamada,2022-10-29 13:30:00,0,0,0,0,False,1,1,0.0
496380,31,0.021793700754642487,h,2022,VfB Stuttgart,Augsburg,Naouirou Ahamada,2022-10-29 13:30:00,0,0,0,0,False,1,1,0.01998160034418106
496399,78,0.011451499536633492,h,2022,VfB Stuttgart,Augsburg,Naouirou Ahamada,2022-10-29 13:30:00,0,0,0,0,False,1,1,0.04177530109882355
497653,30,0.03771039843559265,a,2022,Borussia M.Gladbach,VfB Stuttgart,Naouirou Ahamada,2022-11-04 18:30:00,0,0,0,0,False,0,2,0.0
497659,48,0.06871890276670456,a,2022,Borussia M.Gladbach,VfB Stuttgart,Naouirou Ahamada,2022-11-04 18:30:00,0,0,0,0,False,1,2,0.03771039843559265
500078,25,0.027291499078273773,a,2022,Bayer Leverkusen,VfB Stuttgart,Naouirou Ahamada,2022-11-12 14:30:00,0,0,0,0,False,0,0,0.0
500092,89,0.01983789913356304,a,2022,Bayer Leverkusen,VfB Stuttgart,Naouirou Ahamada,2022-11-12 14:30:00,0,0,0,0,False,0,2,0.027291499078273773
505366,45,0.04885679855942726,a,2022,Hoffenheim,VfB Stuttgart,Naouirou Ahamada,2023-01-24 19:30:00,0,0,0,0,False,0,1,0.0
479220,33,0.026168499141931534,a,2022,Augsburg,Freiburg,Maximilian Eggestein,2022-08-06 13:30:00,0,0,0,0,False,0,0,0.0
479226,47,0.10547900199890137,a,2022,Augsburg,Freiburg,Maximilian Eggestein,2022-08-06 13:30:00,0,0,0,0,False,1,0,0.026168499141931534
480040,9,0.01859310083091259,h,2022,Freiburg,Borussia Dortmund,Maximilian Eggestein,2022-08-12 18:30:00,0,0,0,0,False,0,0,0.0
489609,58,0.0704393982887268,a,2022,Hoffenheim,Freiburg,Maximilian Eggestein,2022-09-18 17:30:00,0,0,0,0,False,0,0,0.0
497396,12,0.034758999943733215,a,2022,Schalke 04,Freiburg,Maximilian Eggestein,2022-10-30 16:30:00,0,0,0,0,False,0,0,0.0
498823,30,0.047102898359298706,h,2022,Freiburg,FC Cologne,Maximilian Eggestein,2022-11-06 16:30:00,0,0,0,0,False,0,0,0.0
514123,4,0.046025898307561874,h,2022,Freiburg,Hoffenheim,Maximilian Eggestein,2023-03-12 14:30:00,0,0,0,0,True,0,0,0.0
514129,39,0.026652200147509575,h,2022,Freiburg,Hoffenheim,Maximilian Eggestein,2023-03-12 14:30:00,1,0,0,0,False,1,0,0.046025898307561874
516125,20,0.021938400343060493,h,2022,Freiburg,Hertha Berlin,Maximilian Eggestein,2023-04-01 13:30:00,0,0,0,0,False,0,0,0.0
516131,41,0.0181450005620718,h,2022,Freiburg,Hertha Berlin,Maximilian Eggestein,2023-04-01 13:30:00,0,0,0,0,False,0,0,0.021938400343060493
516135,54,0.04302329942584038,h,2022,Freiburg,Hertha Berlin,Maximilian Eggestein,2023-04-01 13:30:00,0,0,0,0,False,1,0,0.040083400905132294
516144,77,0.02217629924416542,h,2022,Freiburg,Hertha Berlin,Maximilian Eggestein,2023-04-01 13:30:00,0,0,0,0,False,1,1,0.08310670033097267
517918,65,0.04458620026707649,h,2022,Freiburg,Bayern Munich,Maximilian Eggestein,2023-04-08 13:30:00,0,0,0,0,False,0,1,0.0
522653,31,0.06431494653224945,a,2022,FC Cologne,Freiburg,Maximilian Eggestein,2023-04-29 13:30:00,0,0,0,0,False,0,0,0.0
522664,58,0.026262428611516953,a,2022,FC Cologne,Freiburg,Maximilian Eggestein,2023-04-29 13:30:00,0,0,0,0,False,1,0,0.06431494653224945
527041,11,0.022474411875009537,h,2022,Freiburg,Wolfsburg,Maximilian Eggestein,2023-05-19 18:30:00,0,0,0,0,False,0,0,0.0
480197,77,0.03543020039796829,a,2022,Hertha Berlin,Eintracht Frankfurt,Faride Alidou,2022-08-13 13:30:00,0,0,0,0,False,1,1,0.0
493067,80,0.058938201516866684,h,2022,Eintracht Frankfurt,Bayer Leverkusen,Faride Alidou,2022-10-15 13:30:00,0,0,0,0,False,4,1,0.0
479415,19,0.05494379997253418,a,2022,Borussia Dortmund,Bayer Leverkusen,Patrik Schick,2022-08-06 16:30:00,0,0,0,0,False,0,1,0.0
479423,52,0.0544469989836216,a,2022,Borussia Dortmund,Bayer Leverkusen,Patrik Schick,2022-08-06 16:30:00,0,0,0,0,False,0,1,0.05494379997253418
479425,62,0.47265300154685974,a,2022,Borussia Dortmund,Bayer Leverkusen,Patrik Schick,2022-08-06 16:30:00,0,0,0,0,False,0,1,0.10939079895615578
479427,67,0.4785909950733185,a,2022,Borussia Dortmund,Bayer Leverkusen,Patrik Schick,2022-08-06 16:30:00,0,0,0,0,False,0,1,0.5820438005030155
480279,28,0.01261220034211874,h,2022,Bayer Leverkusen,Augsburg,Patrik Schick,2022-08-13 13:30:00,0,0,0,0,False,0,1,0.0
480287,50,0.049442801624536514,h,2022,Bayer Leverkusen,Augsburg,Patrik Schick,2022-08-13 13:30:00,0,0,0,0,False,1,1,0.01261220034211874
480302,85,0.5663930177688599,h,2022,Bayer Leverkusen,Augsburg,Patrik Schick,2022-08-13 13:30:00,0,0,0,0,False,1,2,0.062055001966655254
481677,3,0.018650399520993233,h,2022,Bayer Leverkusen,Hoffenheim,Patrik Schick,2022-08-20 13:30:00,0,0,0,0,False,0,0,0.0
481680,13,0.3870620131492615,h,2022,Bayer Leverkusen,Hoffenheim,Patrik Schick,2022-08-20 13:30:00,0,0,0,0,False,0,1,0.018650399520993233
481692,50,0.10268300026655197,h,2022,Bayer Leverkusen,Hoffenheim,Patrik Schick,2022-08-20 13:30:00,0,0,0,0,False,0,2,0.4057124126702547
483543,47,0.14887399971485138,a,2022,Mainz 05,Bayer Leverkusen,Patrik Schick,2022-08-27 13:30:00,0,0,0,0,False,3,0,0.0
483549,75,0.07743089646100998,a,2022,Mainz 05,Bayer Leverkusen,Patrik Schick,2022-08-27 13:30:00,0,0,0,0,False,3,0,0.14887399971485138
485842,18,0.061691198498010635,h,2022,Bayer Leverkusen,Freiburg,Patrik Schick,2022-09-03 13:30:00,0,0,1,0,False,1,0,0.0
485844,34,0.4197089970111847,h,2022,Bayer Leverkusen,Freiburg,Patrik Schick,2022-09-03 13:30:00,0,0,1,0,False,1,0,0.061691198498010635
485845,39,0.07232730090618134,h,2022,Bayer Leverkusen,Freiburg,Patrik Schick,2022-09-03 13:30:00,0,0,1,0,False,1,0,0.48140019550919533
485853,62,0.0618027001619339,h,2022,Bayer Leverkusen,Freiburg,Patrik Schick,2022-09-03 13:30:00,0,0,1,0,False,1,2,0.5537274964153767
485854,64,0.042501300573349,h,2022,Bayer Leverkusen,Freiburg,Patrik Schick,2022-09-03 13:30:00,0,0,0,0,True,1,2,0.6155301965773106
487483,10,0.4405190050601959,a,2022,Hertha Berlin,Bayer Leverkusen,Patrik Schick,2022-09-10 13:30:00,0,0,1,0,False,0,0,0.0
487498,62,0.34151700139045715,a,2022,Hertha Berlin,Bayer Leverkusen,Patrik Schick,2022-09-10 13:30:00,0,0,1,0,False,1,1,0.4405190050601959
487503,78,0.36597099900245667,a,2022,Hertha Berlin,Bayer Leverkusen,Patrik Schick,2022-09-10 13:30:00,0,0,0,0,True,1,2,0.7820360064506531
487508,93,0.09029299765825272,a,2022,Hertha Berlin,Bayer Leverkusen,Patrik Schick,2022-09-10 13:30:00,1,0,0,0,False,2,2,1.1480070054531097
488696,1,0.04181160032749176,h,2022,Bayer Leverkusen,Werder Bremen,Patrik Schick,2022-09-17 13:30:00,0,0,0,0,False,0,0,0.0
488697,7,0.08129449933767319,h,2022,Bayer Leverkusen,Werder Bremen,Patrik Schick,2022-09-17 13:30:00,0,0,0,0,False,0,0,0.04181160032749176
488732,97,0.09449770301580429,h,2022,Bayer Leverkusen,Werder Bremen,Patrik Schick,2022-09-17 13:30:00,0,0,0,0,False,1,1,0.12310609966516495
491537,24,0.11190100014209747,h,2022,Bayer Leverkusen,Schalke 04,Patrik Schick,2022-10-08 13:30:00,0,0,0,0,False,0,0,0.0
491538,25,0.08165179938077927,h,2022,Bayer Leverkusen,Schalke 04,Patrik Schick,2022-10-08 13:30:00,0,0,0,0,False,0,0,0.11190100014209747
491547,68,0.037918198853731155,h,2022,Bayer Leverkusen,Schalke 04,Patrik Schick,2022-10-08 13:30:00,0,0,0,0,False,3,0,0.19355279952287674
491548,69,0.2441920042037964,h,2022,Bayer Leverkusen,Schalke 04,Patrik Schick,2022-10-08 13:30:00,0,0,0,0,False,3,0,0.2314709983766079
510448,56,0.060494501143693924,h,2022,Bayer Leverkusen,Mainz 05,Patrik Schick,2023-02-19 18:30:00,0,0,1,0,False,1,2,0.0
510452,57,0.11582600325345993,h,2022,Bayer Leverkusen,Mainz 05,Patrik Schick,2023-02-19 18:30:00,0,0,0,0,True,1,2,0.060494501143693924
510458,69,0.12040799856185913,h,2022,Bayer Leverkusen,Mainz 05,Patrik Schick,2023-02-19 18:30:00,1,0,0,0,False,2,2,0.17632050439715385
511392,84,0.0355370007455349,a,2022,Freiburg,Bayer Leverkusen,Patrik Schick,2023-02-26 14:30:00,0,0,0,0,False,1,1,0.0
511393,91,0.12716500461101532,a,2022,Freiburg,Bayer Leverkusen,Patrik Schick,2023-02-26 14:30:00,0,0,0,0,False,1,1,0.0355370007455349
512766,86,0.07876250147819519,h,2022,Bayer Leverkusen,Hertha Berlin,Patrik Schick,2023-03-05 14:30:00,0,0,0,0,False,4,1,0.0
480202,11,0.04945269972085953,h,2022,Hoffenheim,Bochum,Andrej Kramaric,2022-08-13 13:30:00,0,0,0,0,False,0,1,0.0
480205,13,0.08310409635305405,h,2022,Hoffenheim,Bochum,Andrej Kramaric,2022-08-13 13:30:00,0,0,0,0,False,0,2,0.04945269972085953
480219,41,0.10845799744129181,h,2022,Hoffenheim,Bochum,Andrej Kramaric,2022-08-13 13:30:00,0,0,0,0,False,2,2,0.13255679607391357
480225,58,0.7577769756317139,h,2022,Hoffenheim,Bochum,Andrej Kramaric,2022-08-13 13:30:00,0,0,0,0,False,2,2,0.24101479351520538
480231,77,0.07834439724683762,h,2022,Hoffenheim,Bochum,Andrej Kramaric,2022-08-13 13:30:00,0,0,0,0,False,2,2,0.9987917691469193
481685,34,0.6433069705963135,a,2022,Bayer Leverkusen,Hoffenheim,Andrej Kramaric,2022-08-20 13:30:00,0,0,0,0,True,1,0,0.0
481694,73,0.1015160009264946,a,2022,Bayer Leverkusen,Hoffenheim,Andrej Kramaric,2022-08-20 13:30:00,1,0,0,0,False,2,0,0.6433069705963135
483501,9,0.10310900211334229,h,2022,Hoffenheim,Augsburg,Andrej Kramaric,2022-08-27 13:30:00,0,0,0,0,False,0,0,0.0
483510,31,0.022112099453806877,h,2022,Hoffenheim,Augsburg,Andrej Kramaric,2022-08-27 13:30:00,0,0,0,0,False,0,0,0.10310900211334229
485556,53,0.03917580097913742,a,2022,Borussia Dortmund,Hoffenheim,Andrej Kramaric,2022-09-02 18:30:00,0,0,0,0,False,0,1,0.0
485558,59,0.0706804022192955,a,2022,Borussia Dortmund,Hoffenheim,Andrej Kramaric,2022-09-02 18:30:00,0,0,0,0,False,0,1,0.03917580097913742
487440,24,0.30417999625205994,h,2022,Hoffenheim,Mainz 05,Andrej Kramaric,2022-09-10 13:30:00,0,0,1,0,False,0,0,0.0
487444,43,0.7577769756317139,h,2022,Hoffenheim,Mainz 05,Andrej Kramaric,2022-09-10 13:30:00,0,0,1,0,False,0,0,0.30417999625205994
487448,52,0.5959280133247375,h,2022,Hoffenheim,Mainz 05,Andrej Kramaric,2022-09-10 13:30:00,0,0,0,0,True,0,0,1.0619569718837738
489607,55,0.04216780140995979,h,2022,Hoffenheim,Freiburg,Andrej Kramaric,2022-09-18 17:30:00,0,0,0,0,False,0,0,0.0
490828,18,0.06718719750642776,a,2022,Hertha Berlin,Hoffenheim,Andrej Kramaric,2022-10-02 13:30:00,0,0,1,0,False,0,0,0.0
490833,24,0.5971099734306335,a,2022,Hertha Berlin,Hoffenheim,Andrej Kramaric,2022-10-02 13:30:00,0,0,0,0,True,0,0,0.06718719750642776
490839,44,0.054683901369571686,a,2022,Hertha Berlin,Hoffenheim,Andrej Kramaric,2022-10-02 13:30:00,1,0,0,0,False,1,1,0.6642971709370613
491283,38,0.03439730033278465,h,2022,Hoffenheim,Werder Bremen,Andrej Kramaric,2022-10-07 18:30:00,0,0,0,0,False,1,1,0.0
491284,46,0.048733700066804886,h,2022,Hoffenheim,Werder Bremen,Andrej Kramaric,2022-10-07 18:30:00,0,0,0,0,False,1,1,0.03439730033278465
497981,39,0.1162090003490448,h,2022,Hoffenheim,RasenBallsport Leipzig,Andrej Kramaric,2022-11-05 14:30:00,0,0,0,0,False,0,1,0.0
497998,81,0.011185499839484692,h,2022,Hoffenheim,RasenBallsport Leipzig,Andrej Kramaric,2022-11-05 14:30:00,0,0,0,0,False,1,3,0.1162090003490448
499461,83,0.12950600683689117,a,2022,Eintracht Frankfurt,Hoffenheim,Andrej Kramaric,2022-11-09 19:30:00,0,0,0,0,False,2,4,0.0
500052,21,0.021271299570798874,h,2022,Hoffenheim,Wolfsburg,Andrej Kramaric,2022-11-12 14:30:00,0,0,0,0,False,0,0,0.0
504581,90,0.051048800349235535,a,2022,Union Berlin,Hoffenheim,Andrej Kramaric,2023-01-21 14:30:00,0,0,0,0,False,1,2,0.0
505361,10,0.408486008644104,h,2022,Hoffenheim,VfB Stuttgart,Andrej Kramaric,2023-01-24 19:30:00,0,0,1,0,True,0,0,0.0
505380,93,0.044035401195287704,h,2022,Hoffenheim,VfB Stuttgart,Andrej Kramaric,2023-01-24 19:30:00,1,0,0,0,True,1,2,0.408486008644104
505725,62,0.0696140006184578,h,2022,Hoffenheim,Borussia M.Gladbach,Andrej Kramaric,2023-01-28 14:30:00,0,0,0,0,False,0,2,0.0
505729,69,0.0414603017270565,h,2022,Hoffenheim,Borussia M.Gladbach,Andrej Kramaric,2023-01-28 14:30:00,0,0,0,0,False,0,2,0.0696140006184578
505730,76,0.07892289757728577,h,2022,Hoffenheim,Borussia M.Gladbach,Andrej Kramaric,2023-01-28 14:30:00,0,0,0,0,False,0,2,0.1110743023455143
505735,96,0.06543490290641785,h,2022,Hoffenheim,Borussia M.Gladbach,Andrej Kramaric,2023-01-28 14:30:00,0,0,0,0,False,1,4,0.18999719992280006
506963,76,0.25977399945259094,a,2022,Bochum,Hoffenheim,Andrej Kramaric,2023-02-04 14:30:00,0,0,0,0,False,1,4,0.0
508299,70,0.08759699761867523,h,2022,Hoffenheim,Bayer Leverkusen,Andrej Kramaric,2023-02-11 14:30:00,0,0,0,0,False,0,3,0.0
508303,82,0.05009090155363083,h,2022,Hoffenheim,Bayer Leverkusen,Andrej Kramaric,2023-02-11 14:30:00,0,0,0,0,False,1,3,0.08759699761867523
508305,92,0.021669000387191772,h,2022,Hoffenheim,Bayer Leverkusen,Andrej Kramaric,2023-02-11 14:30:00,0,0,0,0,False,1,3,0.13768789917230606
509343,81,0.08648049831390381,a,2022,Augsburg,Hoffenheim,Andrej Kramaric,2023-02-17 19:30:00,0,0,0,0,False,0,0,0.0
510725,14,0.07323569804430008,h,2022,Hoffenheim,Borussia Dortmund,Andrej Kramaric,2023-02-25 14:30:00,0,0,0,0,False,0,0,0.0
510741,48,0.0900539979338646,h,2022,Hoffenheim,Borussia Dortmund,Andrej Kramaric,2023-02-25 14:30:00,0,0,0,0,False,0,1,0.07323569804430008
510742,58,0.10323899984359741,h,2022,Hoffenheim,Borussia Dortmund,Andrej Kramaric,2023-02-25 14:30:00,0,0,0,0,False,0,1,0.16328969597816467
510748,70,0.03176179900765419,h,2022,Hoffenheim,Borussia Dortmund,Andrej Kramaric,2023-02-25 14:30:00,0,0,0,0,False,0,1,0.2665286958217621
514916,19,0.28817498683929443,h,2022,Hoffenheim,Hertha Berlin,Andrej Kramaric,2023-03-18 14:30:00,0,0,1,0,False,0,0,0.0
514918,23,0.7577769756317139,h,2022,Hoffenheim,Hertha Berlin,Andrej Kramaric,2023-03-18 14:30:00,0,0,1,0,True,0,0,0.28817498683929443
514924,36,0.7577769756317139,h,2022,Hoffenheim,Hertha Berlin,Andrej Kramaric,2023-03-18 14:30:00,1,0,0,0,True,1,0,1.0459519624710083
514932,62,0.0716622993350029,h,2022,Hoffenheim,Hertha Berlin,Andrej Kramaric,2023-03-18 14:30:00,1,0,0,0,False,3,0,1.8037289381027222
517130,49,0.6129710078239441,a,2022,Werder Bremen,Hoffenheim,Andrej Kramaric,2023-04-02 15:30:00,0,0,0,0,True,0,0,0.0
518881,19,0.03616340085864067,h,2022,Hoffenheim,Schalke 04,Andrej Kramaric,2023-04-09 17:30:00,0,0,0,0,False,0,0,0.0
518887,34,0.15251900255680084,h,2022,Hoffenheim,Schalke 04,Andrej Kramaric,2023-04-09 17:30:00,0,0,0,0,False,0,0,0.03616340085864067
518892,52,0.07023540139198303,h,2022,Hoffenheim,Schalke 04,Andrej Kramaric,2023-04-09 17:30:00,0,0,0,0,False,0,0,0.1886824034154415
519372,70,0.06748279929161072,a,2022,Bayern Munich,Hoffenheim,Andrej Kramaric,2023-04-15 13:30:00,0,0,0,0,True,0,1,0.0
520798,43,0.08509952574968338,h,2022,Hoffenheim,FC Cologne,Andrej Kramaric,2023-04-22 13:30:00,0,0,0,0,False,0,2,0.0
520802,49,0.015402157790958881,h,2022,Hoffenheim,FC Cologne,Andrej Kramaric,2023-04-22 13:30:00,0,0,0,0,False,0,2,0.08509952574968338
520804,56,0.12243723124265671,h,2022,Hoffenheim,FC Cologne,Andrej Kramaric,2023-04-22 13:30:00,0,0,0,0,False,0,2,0.10050168354064226
524584,32,0.012973824515938759,h,2022,Hoffenheim,Eintracht Frankfurt,Andrej Kramaric,2023-05-06 13:30:00,0,0,1,0,False,1,0,0.0
524585,34,0.09573797136545181,h,2022,Hoffenheim,Eintracht Frankfurt,Andrej Kramaric,2023-05-06 13:30:00,0,0,1,0,False,1,0,0.012973824515938759
524589,40,0.75777667760849,h,2022,Hoffenheim,Eintracht Frankfurt,Andrej Kramaric,2023-05-06 13:30:00,0,0,0,0,True,1,0,0.10871179588139057
525832,6,0.017399758100509644,a,2022,Wolfsburg,Hoffenheim,Andrej Kramaric,2023-05-13 13:30:00,0,0,0,0,False,0,0,0.0
525836,35,0.08828528970479965,a,2022,Wolfsburg,Hoffenheim,Andrej Kramaric,2023-05-13 13:30:00,0,0,0,0,False,0,1,0.017399758100509644
527394,35,0.75777667760849,h,2022,Hoffenheim,Union Berlin,Andrej Kramaric,2023-05-20 13:30:00,0,0,1,0,True,1,0,0.0
527400,61,0.03340696170926094,h,2022,Hoffenheim,Union Berlin,Andrej Kramaric,2023-05-20 13:30:00,1,0,1,0,False,2,1,0.75777667760849
527411,89,0.9231976270675659,h,2022,Hoffenheim,Union Berlin,Andrej Kramaric,2023-05-20 13:30:00,1,0,0,0,True,2,1,0.7911836393177509
528976,2,0.007055067922919989,a,2022,VfB Stuttgart,Hoffenheim,Andrej Kramaric,2023-05-27 13:30:00,0,0,0,0,False,0,0,0.0
528979,24,0.5021388530731201,a,2022,VfB Stuttgart,Hoffenheim,Andrej Kramaric,2023-05-27 13:30:00,0,0,0,0,False,0,0,0.007055067922919989
528999,82,0.021412095054984093,a,2022,VfB Stuttgart,Hoffenheim,Andrej Kramaric,2023-05-27 13:30:00,0,0,0,0,False,1,1,0.5091939209960401
479124,28,0.04844779893755913,h,2022,Union Berlin,Hertha Berlin,Genki Haraguchi,2022-08-06 13:30:00,0,0,0,0,False,0,0,0.0
485839,93,0.01138749998062849,h,2022,Union Berlin,Bayern Munich,Genki Haraguchi,2022-09-03 13:30:00,0,0,0,0,False,1,1,0.0
485840,94,0.02513059973716736,h,2022,Union Berlin,Bayern Munich,Genki Haraguchi,2022-09-03 13:30:00,0,0,0,0,False,1,1,0.01138749998062849
499486,75,0.07366179674863815,h,2022,Union Berlin,Augsburg,Genki Haraguchi,2022-11-09 19:30:00,0,0,0,0,False,2,2,0.0
499489,85,0.015638800337910652,h,2022,Union Berlin,Augsburg,Genki Haraguchi,2022-11-09 19:30:00,0,0,0,0,False,2,2,0.07366179674863815
504567,51,0.013131200335919857,h,2022,Union Berlin,Hoffenheim,Genki Haraguchi,2023-01-21 14:30:00,0,0,0,0,False,0,1,0.0
507676,82,0.04800799861550331,h,2022,VfB Stuttgart,Werder Bremen,Genki Haraguchi,2023-02-05 14:30:00,0,0,0,0,False,0,2,0.0
508337,3,0.013946499675512314,a,2022,Freiburg,VfB Stuttgart,Genki Haraguchi,2023-02-11 14:30:00,0,0,0,0,False,0,0,0.0
509514,52,0.09913770109415054,h,2022,VfB Stuttgart,FC Cologne,Genki Haraguchi,2023-02-18 14:30:00,0,0,0,0,False,1,0,0.0
514838,11,0.018978599458932877,h,2022,VfB Stuttgart,Wolfsburg,Genki Haraguchi,2023-03-18 14:30:00,0,0,0,0,False,0,0,0.0
514850,63,0.009518120437860489,h,2022,VfB Stuttgart,Wolfsburg,Genki Haraguchi,2023-03-18 14:30:00,0,0,0,0,False,0,1,0.018978599458932877
516259,67,0,a,2022,Union Berlin,VfB Stuttgart,Genki Haraguchi,2023-04-01 13:30:00,0,0,0,0,False,0,2,0.0
479127,35,0.07261209934949875,a,2022,Union Berlin,Hertha Berlin,Marvin Plattenhardt,2022-08-06 13:30:00,0,0,0,0,False,0,1,0.0
486594,66,0.013535000383853912,a,2022,Augsburg,Hertha Berlin,Marvin Plattenhardt,2022-09-04 13:30:00,0,0,0,0,False,1,0,0.0
487495,52,0.049452099949121475,h,2022,Hertha Berlin,Bayer Leverkusen,Marvin Plattenhardt,2022-09-10 13:30:00,0,0,0,0,False,0,1,0.0
505358,89,0.040044598281383514,h,2022,Hertha Berlin,Wolfsburg,Marvin Plattenhardt,2023-01-24 19:30:00,0,0,0,0,False,0,5,0.0
510342,51,0.03450179845094681,a,2022,Borussia Dortmund,Hertha Berlin,Marvin Plattenhardt,2023-02-19 16:30:00,0,0,0,0,False,1,2,0.0
512750,18,0.030365899205207825,a,2022,Bayer Leverkusen,Hertha Berlin,Marvin Plattenhardt,2023-03-05 14:30:00,0,0,0,0,False,0,1,0.0
518304,27,0.041930198669433594,h,2022,Hertha Berlin,RasenBallsport Leipzig,Marvin Plattenhardt,2023-04-08 16:30:00,0,0,0,0,False,0,0,0.0
520742,61,0.02307715080678463,h,2022,Hertha Berlin,Werder Bremen,Marvin Plattenhardt,2023-04-22 13:30:00,0,0,0,0,False,0,3,0.0
505457,20,0.03603849932551384,h,2022,Bayer Leverkusen,Bochum,Florian Wirtz,2023-01-25 19:30:00,0,0,0,0,False,1,0,0.0
505462,46,0.1072390004992485,h,2022,Bayer Leverkusen,Bochum,Florian Wirtz,2023-01-25 19:30:00,0,0,0,0,False,1,0,0.03603849932551384
516200,60,0.1426839977502823,a,2022,Schalke 04,Bayer Leverkusen,Florian Wirtz,2023-04-01 13:30:00,0,0,0,0,True,1,0,0.0
516208,93,0.1037909984588623,a,2022,Schalke 04,Bayer Leverkusen,Florian Wirtz,2023-04-01 13:30:00,1,0,0,0,False,3,0,0.1426839977502823
517942,52,0.1388549953699112,h,2022,Bayer Leverkusen,Eintracht Frankfurt,Florian Wirtz,2023-04-08 13:30:00,0,0,0,0,False,2,0,0.0
524397,76,0.04030818119645119,h,2022,Bayer Leverkusen,FC Cologne,Florian Wirtz,2023-05-05 18:30:00,0,0,0,0,False,1,2,0.0
529019,35,0.014654844999313354,a,2022,Bochum,Bayer Leverkusen,Florian Wirtz,2023-05-27 13:30:00,0,0,0,0,False,0,2,0.0
505060,57,0.10065600275993347,h,2022,Borussia M.Gladbach,Bayer Leverkusen,Hannes Wolf,2023-01-22 16:30:00,0,0,0,0,False,0,2,0.0
505734,90,0.9419230222702026,a,2022,Hoffenheim,Borussia M.Gladbach,Hannes Wolf,2023-01-28 14:30:00,0,0,0,0,True,3,1,0.0
508968,49,0.049761898815631866,a,2022,Hertha Berlin,Borussia M.Gladbach,Hannes Wolf,2023-02-12 14:30:00,0,0,0,0,False,1,1,0.0
508972,59,0.05821400135755539,a,2022,Hertha Berlin,Borussia M.Gladbach,Hannes Wolf,2023-02-12 14:30:00,0,0,0,0,False,1,2,0.049761898815631866
509599,56,0.1179409995675087,h,2022,Borussia M.Gladbach,Bayern Munich,Hannes Wolf,2023-02-18 14:30:00,0,0,0,0,False,2,1,0.0
510605,51,0.06810639798641205,a,2022,Mainz 05,Borussia M.Gladbach,Hannes Wolf,2023-02-24 19:30:00,0,0,0,0,False,0,2,0.0
526200,21,0.06987282633781433,a,2022,Borussia Dortmund,Borussia M.Gladbach,Hannes Wolf,2023-05-13 16:30:00,0,0,0,0,False,0,3,0.0
529103,89,0.05844199284911156,h,2022,Borussia M.Gladbach,Augsburg,Hannes Wolf,2023-05-27 13:30:00,0,0,0,0,False,2,0,0.0
505450,94,0.0554702989757061,h,2022,Mainz 05,Borussia Dortmund,Ludovic Ajorque,2023-01-25 17:30:00,0,0,0,0,False,1,2,0.0
505772,45,0.01999109983444214,h,2022,Mainz 05,Bochum,Ludovic Ajorque,2023-01-28 14:30:00,0,0,0,0,False,3,0,0.0
507003,27,0.04895389825105667,a,2022,Union Berlin,Mainz 05,Ludovic Ajorque,2023-02-04 14:30:00,0,0,0,0,False,0,0,0.0
507005,32,0.03039879910647869,a,2022,Union Berlin,Mainz 05,Ludovic Ajorque,2023-02-04 14:30:00,0,0,0,0,False,0,1,0.04895389825105667
508230,18,0.022790400311350822,h,2022,Mainz 05,Augsburg,Ludovic Ajorque,2023-02-11 14:30:00,0,0,0,0,False,0,0,0.0
508239,42,0.7034980058670044,h,2022,Mainz 05,Augsburg,Ludovic Ajorque,2023-02-11 14:30:00,0,0,0,0,False,2,1,0.022790400311350822
508240,43,0.06764689832925797,h,2022,Mainz 05,Augsburg,Ludovic Ajorque,2023-02-11 14:30:00,0,0,0,0,False,2,1,0.7262884061783552
510456,62,0.03548379987478256,a,2022,Bayer Leverkusen,Mainz 05,Ludovic Ajorque,2023-02-19 18:30:00,0,0,0,0,False,2,2,0.0
510597,33,0.6010950207710266,h,2022,Mainz 05,Borussia M.Gladbach,Ludovic Ajorque,2023-02-24 19:30:00,0,0,1,0,False,1,0,0.0
510603,48,0.0601687990128994,h,2022,Mainz 05,Borussia M.Gladbach,Ludovic Ajorque,2023-02-24 19:30:00,0,0,1,0,False,1,0,0.6010950207710266
510609,71,0.06817319989204407,h,2022,Mainz 05,Borussia M.Gladbach,Ludovic Ajorque,2023-02-24 19:30:00,0,0,0,0,True,2,0,0.661263819783926
512080,4,0.08995480090379715,h,2022,Mainz 05,Hoffenheim,Ludovic Ajorque,2023-03-04 14:30:00,0,0,0,0,False,0,0,0.0
512085,23,0.1191139966249466,h,2022,Mainz 05,Hoffenheim,Ludovic Ajorque,2023-03-04 14:30:00,0,0,0,0,False,0,0,0.08995480090379715
512095,50,0.02550709992647171,h,2022,Mainz 05,Hoffenheim,Ludovic Ajorque,2023-03-04 14:30:00,0,0,0,0,False,1,0,0.20906879752874374
513402,56,0.05824429914355278,a,2022,Hertha Berlin,Mainz 05,Ludovic Ajorque,2023-03-11 14:30:00,0,0,0,0,True,0,1,0.0
515840,8,0.23838700354099274,h,2022,Mainz 05,Freiburg,Ludovic Ajorque,2023-03-19 18:30:00,0,0,0,0,False,0,0,0.0
516149,8,0.10167399793863297,a,2022,RasenBallsport Leipzig,Mainz 05,Ludovic Ajorque,2023-04-01 13:30:00,0,0,1,0,False,0,0,0.0
516161,45,0.0329940989613533,a,2022,RasenBallsport Leipzig,Mainz 05,Ludovic Ajorque,2023-04-01 13:30:00,0,0,1,0,False,1,0,0.10167399793863297
516163,48,0.03914279863238335,a,2022,RasenBallsport Leipzig,Mainz 05,Ludovic Ajorque,2023-04-01 13:30:00,0,0,1,0,False,1,0,0.13466809689998627
516166,56,0.09700790047645569,a,2022,RasenBallsport Leipzig,Mainz 05,Ludovic Ajorque,2023-04-01 13:30:00,0,0,0,0,True,1,0,0.1738108955323696
516177,85,0.0178638007491827,a,2022,RasenBallsport Leipzig,Mainz 05,Ludovic Ajorque,2023-04-01 13:30:00,1,0,0,0,False,3,0,0.2708187960088253
517879,50,0.06696560233831406,h,2022,Mainz 05,Werder Bremen,Ludovic Ajorque,2023-04-08 13:30:00,0,0,1,0,False,0,0,0.0
517882,60,0.2503789961338043,h,2022,Mainz 05,Werder Bremen,Ludovic Ajorque,2023-04-08 13:30:00,0,0,1,0,False,0,0,0.06696560233831406
517892,84,0.4179230034351349,h,2022,Mainz 05,Werder Bremen,Ludovic Ajorque,2023-04-08 13:30:00,0,0,0,0,True,0,0,0.3173445984721184
519341,16,0.5803959965705872,a,2022,FC Cologne,Mainz 05,Ludovic Ajorque,2023-04-15 13:30:00,0,0,0,0,True,0,0,0.0
520712,48,0.06956180930137634,h,2022,Mainz 05,Bayern Munich,Ludovic Ajorque,2023-04-22 13:30:00,0,0,1,0,False,0,1,0.0
520718,64,0.4221007525920868,h,2022,Mainz 05,Bayern Munich,Ludovic Ajorque,2023-04-22 13:30:00,0,0,0,0,True,0,1,0.06956180930137634
520719,69,0.019581032916903496,h,2022,Mainz 05,Bayern Munich,Ludovic Ajorque,2023-04-22 13:30:00,1,0,0,0,False,1,1,0.49166256189346313
524414,58,0.04394951090216637,h,2022,Mainz 05,Schalke 04,Ludovic Ajorque,2023-05-05 18:30:00,0,0,0,0,False,1,1,0.0
525886,33,0.017013050615787506,a,2022,Eintracht Frankfurt,Mainz 05,Ludovic Ajorque,2023-05-13 13:30:00,0,0,0,0,False,0,1,0.0
525897,75,0.06376161426305771,a,2022,Eintracht Frankfurt,Mainz 05,Ludovic Ajorque,2023-05-13 13:30:00,0,0,0,0,False,0,3,0.017013050615787506
528033,82,0.057924918830394745,h,2022,Mainz 05,VfB Stuttgart,Ludovic Ajorque,2023-05-21 13:30:00,0,0,0,0,False,1,3,0.0
508331,82,0.0419234000146389,h,2022,Bayern Munich,Bochum,Daley Blind,2023-02-11 14:30:00,0,0,0,0,False,3,0,0.0
480567,16,0.01909399963915348,a,2022,Schalke 04,Borussia M.Gladbach,Kouadio Kone,2022-08-13 16:30:00,0,0,0,0,False,0,0,0.0
480586,76,0.0597710981965065,a,2022,Schalke 04,Borussia M.Gladbach,Kouadio Kone,2022-08-13 16:30:00,0,0,0,0,False,1,1,0.01909399963915348
486720,47,0.01243169978260994,h,2022,Borussia M.Gladbach,Mainz 05,Kouadio Kone,2022-09-04 15:30:00,0,0,0,0,False,0,0,0.0
488876,9,0.02201870083808899,h,2022,Borussia M.Gladbach,RasenBallsport Leipzig,Kouadio Kone,2022-09-17 16:30:00,0,0,0,0,False,0,0,0.0
493002,35,0.011444300413131714,a,2022,Wolfsburg,Borussia M.Gladbach,Kouadio Kone,2022-10-15 13:30:00,0,0,0,0,False,1,0,0.0
497658,46,0.027555100619792938,h,2022,Borussia M.Gladbach,VfB Stuttgart,Kouadio Kone,2022-11-04 18:30:00,0,0,0,0,False,2,1,0.0
499153,41,0.025525299832224846,a,2022,Bochum,Borussia M.Gladbach,Kouadio Kone,2022-11-08 19:30:00,0,0,0,0,False,0,2,0.0
499163,79,0.028398599475622177,a,2022,Bochum,Borussia M.Gladbach,Kouadio Kone,2022-11-08 19:30:00,0,0,0,0,False,1,2,0.025525299832224846
499746,14,0.010045199654996395,h,2022,Borussia M.Gladbach,Borussia Dortmund,Kouadio Kone,2022-11-11 19:30:00,0,0,1,0,False,1,0,0.0
499759,45,0.054336100816726685,h,2022,Borussia M.Gladbach,Borussia Dortmund,Kouadio Kone,2022-11-11 19:30:00,0,0,0,0,True,3,2,0.010045199654996395
505043,8,0.01475450024008751,h,2022,Borussia M.Gladbach,Bayer Leverkusen,Kouadio Kone,2023-01-22 16:30:00,0,0,0,0,False,0,0,0.0
505062,64,0.03913940116763115,h,2022,Borussia M.Gladbach,Bayer Leverkusen,Kouadio Kone,2023-01-22 16:30:00,0,0,0,0,False,0,2,0.01475450024008751
505493,17,0.017711900174617767,a,2022,Augsburg,Borussia M.Gladbach,Kouadio Kone,2023-01-25 19:30:00,0,0,0,0,False,0,0,0.0
505499,39,0.02408199943602085,a,2022,Augsburg,Borussia M.Gladbach,Kouadio Kone,2023-01-25 19:30:00,0,0,0,0,False,0,0,0.017711900174617767
505720,23,0.024733399972319603,a,2022,Hoffenheim,Borussia M.Gladbach,Kouadio Kone,2023-01-28 14:30:00,0,0,0,0,False,1,0,0.0
507349,29,0.013876499608159065,h,2022,Borussia M.Gladbach,Schalke 04,Kouadio Kone,2023-02-04 17:30:00,0,0,0,0,False,0,0,0.0
507352,38,0.03931339830160141,h,2022,Borussia M.Gladbach,Schalke 04,Kouadio Kone,2023-02-04 17:30:00,0,0,0,0,False,0,0,0.013876499608159065
509595,40,0.03767969831824303,h,2022,Borussia M.Gladbach,Bayern Munich,Kouadio Kone,2023-02-18 14:30:00,0,0,0,0,False,1,1,0.0
510594,17,0.09960330277681351,a,2022,Mainz 05,Borussia M.Gladbach,Kouadio Kone,2023-02-24 19:30:00,0,0,0,0,False,0,0,0.0
510600,47,0.045699700713157654,a,2022,Mainz 05,Borussia M.Gladbach,Kouadio Kone,2023-02-24 19:30:00,0,0,0,0,False,0,1,0.09960330277681351
513426,76,0.027012899518013,a,2022,RasenBallsport Leipzig,Borussia M.Gladbach,Kouadio Kone,2023-03-11 14:30:00,0,0,0,0,False,0,2,0.0
521719,15,0.013482438400387764,h,2022,Borussia M.Gladbach,Union Berlin,Kouadio Kone,2023-04-23 17:30:00,0,0,0,0,False,0,0,0.0
521737,87,0.029797835275530815,h,2022,Borussia M.Gladbach,Union Berlin,Kouadio Kone,2023-04-23 17:30:00,0,0,0,0,False,0,1,0.013482438400387764
524467,26,0.10381971299648285,h,2022,Borussia M.Gladbach,Bochum,Kouadio Kone,2023-05-06 13:30:00,0,0,0,0,False,0,0,0.0
524478,47,0.010566530749201775,h,2022,Borussia M.Gladbach,Bochum,Kouadio Kone,2023-05-06 13:30:00,0,0,0,0,False,1,0,0.10381971299648285
528264,67,0.011698292568325996,a,2022,Bayer Leverkusen,Borussia M.Gladbach,Kouadio Kone,2023-05-21 17:30:00,0,0,0,0,False,1,2,0.0
480903,17,0.011910200119018555,a,2022,Mainz 05,Union Berlin,Niko Gießelmann,2022-08-14 13:30:00,0,0,0,0,False,0,0,0.0
480906,50,0.020912600681185722,a,2022,Mainz 05,Union Berlin,Niko Gießelmann,2022-08-14 13:30:00,0,0,0,0,False,0,0,0.011910200119018555
489394,37,0.014685800299048424,h,2022,Union Berlin,Wolfsburg,Niko Gießelmann,2022-09-18 13:30:00,0,0,0,0,False,0,0,0.0
489402,73,0.010482500307261944,h,2022,Union Berlin,Wolfsburg,Niko Gießelmann,2022-09-18 13:30:00,0,0,0,0,False,1,0,0.014685800299048424
489973,54,0.06605040282011032,a,2022,Eintracht Frankfurt,Union Berlin,Niko Gießelmann,2022-10-01 13:30:00,0,0,0,0,False,0,2,0.0
489976,63,0.042358800768852234,a,2022,Eintracht Frankfurt,Union Berlin,Niko Gießelmann,2022-10-01 13:30:00,0,0,0,0,False,0,2,0.06605040282011032
489977,73,0.021745599806308746,a,2022,Eintracht Frankfurt,Union Berlin,Niko Gießelmann,2022-10-01 13:30:00,0,0,0,0,False,0,2,0.10840920358896255
492480,45,0.04743310064077377,a,2022,VfB Stuttgart,Union Berlin,Niko Gießelmann,2022-10-09 17:30:00,0,0,0,0,False,0,0,0.0
495686,46,0.011020399630069733,a,2022,Bochum,Union Berlin,Niko Gießelmann,2022-10-23 13:30:00,0,0,0,0,False,0,1,0.0
499471,10,0.02328840084373951,h,2022,Union Berlin,Augsburg,Niko Gießelmann,2022-11-09 19:30:00,0,0,0,0,False,1,1,0.0
499473,13,0.03290199860930443,h,2022,Union Berlin,Augsburg,Niko Gießelmann,2022-11-09 19:30:00,0,0,0,0,False,1,1,0.02328840084373951
499483,47,0.044281598180532455,h,2022,Union Berlin,Augsburg,Niko Gießelmann,2022-11-09 19:30:00,0,0,0,0,False,2,2,0.05619039945304394
504559,19,0.011395200155675411,h,2022,Union Berlin,Hoffenheim,Niko Gießelmann,2023-01-21 14:30:00,0,0,0,0,False,0,0,0.0
504575,71,0.025865599513053894,h,2022,Union Berlin,Hoffenheim,Niko Gießelmann,2023-01-21 14:30:00,0,0,0,0,False,0,1,0.011395200155675411
505522,60,0.08512610197067261,a,2022,Werder Bremen,Union Berlin,Niko Gießelmann,2023-01-25 19:30:00,0,0,0,0,False,2,1,0.0
505527,83,0.16171500086784363,a,2022,Werder Bremen,Union Berlin,Niko Gießelmann,2023-01-25 19:30:00,0,0,0,0,False,2,1,0.08512610197067261
505708,75,0.04848020151257515,a,2022,Hertha Berlin,Union Berlin,Niko Gießelmann,2023-01-28 14:30:00,0,0,0,0,False,2,0,0.0
515646,10,0.01660050079226494,h,2022,Union Berlin,Eintracht Frankfurt,Niko Gießelmann,2023-03-19 14:30:00,0,0,0,0,False,0,0,0.0
517964,45,0.02808530069887638,a,2022,Borussia Dortmund,Union Berlin,Niko Gießelmann,2023-04-08 13:30:00,0,0,0,0,False,0,1,0.0
525956,87,0.05218616500496864,h,2022,Union Berlin,Freiburg,Niko Gießelmann,2023-05-13 13:30:00,0,0,0,0,False,4,2,0.0
479750,13,0.0177925992757082,a,2022,VfB Stuttgart,RasenBallsport Leipzig,Dani Olmo,2022-08-07 13:30:00,0,0,0,0,False,1,0,0.0
479752,21,0.02466229908168316,a,2022,VfB Stuttgart,RasenBallsport Leipzig,Dani Olmo,2022-08-07 13:30:00,0,0,0,0,False,1,0,0.0177925992757082
479754,34,0.04805599898099899,a,2022,VfB Stuttgart,RasenBallsport Leipzig,Dani Olmo,2022-08-07 13:30:00,0,0,0,0,False,1,1,0.04245489835739136
479756,41,0.02059279941022396,a,2022,VfB Stuttgart,RasenBallsport Leipzig,Dani Olmo,2022-08-07 13:30:00,0,0,0,0,False,1,1,0.09051089733839035
479771,74,0.020308900624513626,a,2022,VfB Stuttgart,RasenBallsport Leipzig,Dani Olmo,2022-08-07 13:30:00,0,0,0,0,False,1,1,0.11110369674861431
479773,75,0.015493599697947502,a,2022,VfB Stuttgart,RasenBallsport Leipzig,Dani Olmo,2022-08-07 13:30:00,0,0,0,0,False,1,1,0.13141259737312794
482059,37,0.0711292028427124,a,2022,Union Berlin,RasenBallsport Leipzig,Dani Olmo,2022-08-20 16:30:00,0,0,0,0,False,0,1,0.0
483560,14,0.3976759910583496,h,2022,RasenBallsport Leipzig,Wolfsburg,Dani Olmo,2022-08-27 13:30:00,0,0,0,0,False,1,0,0.0
494867,91,0.021164799109101295,a,2022,Augsburg,RasenBallsport Leipzig,Dani Olmo,2022-10-22 13:30:00,0,0,0,0,False,3,3,0.0
497978,23,0.0719589963555336,a,2022,Hoffenheim,RasenBallsport Leipzig,Dani Olmo,2022-11-05 14:30:00,0,0,1,0,False,1,0,0.0
497984,47,0.044298700988292694,a,2022,Hoffenheim,RasenBallsport Leipzig,Dani Olmo,2022-11-05 14:30:00,0,0,1,0,False,1,0,0.0719589963555336
497986,48,0.1096239984035492,a,2022,Hoffenheim,RasenBallsport Leipzig,Dani Olmo,2022-11-05 14:30:00,0,0,1,0,False,1,0,0.1162576973438263
497990,56,0.052589401602745056,a,2022,Hoffenheim,RasenBallsport Leipzig,Dani Olmo,2022-11-05 14:30:00,0,0,1,0,False,1,1,0.2258816957473755
497994,68,0.1008630022406578,a,2022,Hoffenheim,RasenBallsport Leipzig,Dani Olmo,2022-11-05 14:30:00,0,0,0,0,True,2,1,0.27847109735012054
499501,52,0.02034970000386238,h,2022,RasenBallsport Leipzig,Freiburg,Dani Olmo,2022-11-09 19:30:00,0,0,0,0,False,0,0,0.0
499507,58,0.016139699146151543,h,2022,RasenBallsport Leipzig,Freiburg,Dani Olmo,2022-11-09 19:30:00,0,0,0,0,False,2,0,0.02034970000386238
504374,27,0.022829700261354446,h,2022,RasenBallsport Leipzig,Bayern Munich,Dani Olmo,2023-01-20 19:30:00,0,0,0,0,False,0,0,0.0
504379,53,0.019047599285840988,h,2022,RasenBallsport Leipzig,Bayern Munich,Dani Olmo,2023-01-20 19:30:00,0,0,0,0,False,1,1,0.022829700261354446
504381,69,0.021965300664305687,h,2022,RasenBallsport Leipzig,Bayern Munich,Dani Olmo,2023-01-20 19:30:00,0,0,0,0,False,1,1,0.041877299547195435
505311,42,0.05245169997215271,a,2022,Schalke 04,RasenBallsport Leipzig,Dani Olmo,2023-01-24 17:30:00,0,0,1,0,False,2,0,0.0
505312,43,0.12092600017786026,a,2022,Schalke 04,RasenBallsport Leipzig,Dani Olmo,2023-01-24 17:30:00,0,0,1,0,False,2,0,0.05245169997215271
505322,61,0.011452499777078629,a,2022,Schalke 04,RasenBallsport Leipzig,Dani Olmo,2023-01-24 17:30:00,0,0,1,0,False,4,1,0.17337770015001297
505329,74,0.08934669941663742,a,2022,Schalke 04,RasenBallsport Leipzig,Dani Olmo,2023-01-24 17:30:00,0,0,1,0,False,4,1,0.1848301999270916
505331,82,0.031119799241423607,a,2022,Schalke 04,RasenBallsport Leipzig,Dani Olmo,2023-01-24 17:30:00,0,0,0,0,True,4,1,0.274176899343729
505562,32,0.0317608006298542,h,2022,RasenBallsport Leipzig,VfB Stuttgart,Dani Olmo,2023-01-27 19:30:00,0,0,0,0,False,1,0,0.0
505564,38,0.0649833008646965,h,2022,RasenBallsport Leipzig,VfB Stuttgart,Dani Olmo,2023-01-27 19:30:00,0,0,0,0,False,1,0,0.0317608006298542
514900,77,0.04899090155959129,a,2022,Bochum,RasenBallsport Leipzig,Dani Olmo,2023-03-18 14:30:00,0,0,0,0,False,0,1,0.0
514905,88,0.01856819912791252,a,2022,Bochum,RasenBallsport Leipzig,Dani Olmo,2023-03-18 14:30:00,0,0,0,0,False,0,1,0.04899090155959129
514910,90,0.020093100145459175,a,2022,Bochum,RasenBallsport Leipzig,Dani Olmo,2023-03-18 14:30:00,0,0,0,0,False,0,1,0.06755910068750381
514908,90,0.5164669752120972,a,2022,Bochum,RasenBallsport Leipzig,Dani Olmo,2023-03-18 14:30:00,0,0,0,0,False,0,1,0.08765220083296299
516178,87,0.016443999484181404,h,2022,RasenBallsport Leipzig,Mainz 05,Dani Olmo,2023-04-01 13:30:00,0,0,0,0,False,0,3,0.0
518318,72,0.02051820047199726,a,2022,Hertha Berlin,RasenBallsport Leipzig,Dani Olmo,2023-04-08 16:30:00,0,0,0,0,False,1,0,0.0
519269,32,0.06223040074110031,h,2022,RasenBallsport Leipzig,Augsburg,Dani Olmo,2023-04-15 13:30:00,0,0,0,0,False,2,1,0.0
519276,72,0.07485730201005936,h,2022,RasenBallsport Leipzig,Augsburg,Dani Olmo,2023-04-15 13:30:00,0,0,0,0,False,3,1,0.06223040074110031
521626,4,0.023971309885382652,a,2022,Bayer Leverkusen,RasenBallsport Leipzig,Dani Olmo,2023-04-23 15:30:00,0,0,0,0,False,0,0,0.0
521638,58,0.02165081538259983,a,2022,Bayer Leverkusen,RasenBallsport Leipzig,Dani Olmo,2023-04-23 15:30:00,0,0,0,0,False,0,1,0.023971309885382652
521648,76,0.016799405217170715,a,2022,Bayer Leverkusen,RasenBallsport Leipzig,Dani Olmo,2023-04-23 15:30:00,0,0,0,0,False,0,1,0.04562212526798248
522608,94,0.10276498645544052,h,2022,RasenBallsport Leipzig,Hoffenheim,Dani Olmo,2023-04-29 13:30:00,0,0,0,0,False,1,0,0.0
524614,45,0.036776598542928696,a,2022,Freiburg,RasenBallsport Leipzig,Dani Olmo,2023-05-06 13:30:00,0,0,0,0,False,0,0,0.0
527670,35,0.04338498413562775,a,2022,Bayern Munich,RasenBallsport Leipzig,Dani Olmo,2023-05-20 16:30:00,0,0,0,0,False,0,1,0.0
527675,45,0.04327084496617317,a,2022,Bayern Munich,RasenBallsport Leipzig,Dani Olmo,2023-05-20 16:30:00,0,0,0,0,False,0,1,0.04338498413562775
527676,57,0.030981844291090965,a,2022,Bayern Munich,RasenBallsport Leipzig,Dani Olmo,2023-05-20 16:30:00,0,0,0,0,False,0,1,0.08665582910180092
527684,83,0.07046053558588028,a,2022,Bayern Munich,RasenBallsport Leipzig,Dani Olmo,2023-05-20 16:30:00,0,0,0,0,False,2,1,0.11763767339289188
480915,75,0.03576980158686638,h,2022,Mainz 05,Union Berlin,Marlon Mustapha,2022-08-14 13:30:00,0,0,0,0,False,0,0,0.0
480916,79,0.14841200411319733,h,2022,Mainz 05,Union Berlin,Marlon Mustapha,2022-08-14 13:30:00,0,0,0,0,False,0,0,0.03576980158686638
528908,91,0.31330418586730957,a,2022,Borussia Dortmund,Mainz 05,Marlon Mustapha,2023-05-27 13:30:00,0,0,0,0,False,2,1,0.0
516140,72,0.14447499811649323,h,2022,Freiburg,Hertha Berlin,Jonathan Schmid,2023-04-01 13:30:00,0,0,0,0,False,1,0,0.0
489406,81,0.031976498663425446,h,2022,Union Berlin,Wolfsburg,Paul Seguin,2022-09-18 13:30:00,0,0,0,0,False,2,0,0.0
499467,5,0.014943400397896767,h,2022,Union Berlin,Augsburg,Paul Seguin,2022-11-09 19:30:00,0,0,0,0,False,0,0,0.0
504578,77,0.03099679946899414,h,2022,Union Berlin,Hoffenheim,Paul Seguin,2023-01-21 14:30:00,0,0,0,0,False,1,1,0.0
505525,73,0.1440269947052002,a,2022,Werder Bremen,Union Berlin,Paul Seguin,2023-01-25 19:30:00,0,0,0,0,False,2,1,0.0
505704,66,0.547652006149292,a,2022,Hertha Berlin,Union Berlin,Paul Seguin,2023-01-28 14:30:00,0,0,0,0,True,1,0,0.0
507010,61,0.009503800421953201,h,2022,Union Berlin,Mainz 05,Paul Seguin,2023-02-04 14:30:00,0,0,0,0,False,1,0,0.0
510267,77,0.06033419817686081,h,2022,Union Berlin,Schalke 04,Paul Seguin,2023-02-19 14:30:00,0,0,0,0,False,0,0,0.0
511467,79,0.06250219792127609,a,2022,Bayern Munich,Union Berlin,Paul Seguin,2023-02-26 16:30:00,0,0,0,0,False,0,3,0.0
515656,39,0.029794100672006607,h,2022,Union Berlin,Eintracht Frankfurt,Paul Seguin,2023-03-19 14:30:00,0,0,0,0,False,0,0,0.0
515661,45,0.014303400181233883,h,2022,Union Berlin,Eintracht Frankfurt,Paul Seguin,2023-03-19 14:30:00,0,0,0,0,False,0,0,0.029794100672006607
515666,63,0.02258490025997162,h,2022,Union Berlin,Eintracht Frankfurt,Paul Seguin,2023-03-19 14:30:00,0,0,0,0,False,1,0,0.04409750085324049
515669,70,0.01447870023548603,h,2022,Union Berlin,Eintracht Frankfurt,Paul Seguin,2023-03-19 14:30:00,0,0,0,0,False,1,0,0.06668240111321211
515674,87,0.018018700182437897,h,2022,Union Berlin,Eintracht Frankfurt,Paul Seguin,2023-03-19 14:30:00,0,0,0,0,False,2,0,0.08116110134869814
517969,63,0.009608539752662182,a,2022,Borussia Dortmund,Union Berlin,Paul Seguin,2023-04-08 13:30:00,0,0,0,0,False,1,1,0.0
517970,71,0.0187452994287014,a,2022,Borussia Dortmund,Union Berlin,Paul Seguin,2023-04-08 13:30:00,0,0,0,0,False,1,1,0.009608539752662182
480232,87,0.07105900347232819,h,2022,Hoffenheim,Bochum,Munas Dabbur,2022-08-13 13:30:00,0,0,0,0,True,2,2,0.0
481695,76,0.14110499620437622,a,2022,Bayer Leverkusen,Hoffenheim,Munas Dabbur,2022-08-20 13:30:00,0,0,0,0,False,2,0,0.0
483529,90,0.3955099880695343,h,2022,Hoffenheim,Augsburg,Munas Dabbur,2022-08-27 13:30:00,0,0,0,0,False,1,0,0.0
483531,91,0.00703067984431982,h,2022,Hoffenheim,Augsburg,Munas Dabbur,2022-08-27 13:30:00,0,0,0,0,False,1,0,0.3955099880695343
487456,72,0.05968179926276207,h,2022,Hoffenheim,Mainz 05,Munas Dabbur,2022-09-10 13:30:00,0,0,1,0,False,2,0,0.0
487461,79,0.6533190011978149,h,2022,Hoffenheim,Mainz 05,Munas Dabbur,2022-09-10 13:30:00,0,0,0,0,True,2,0,0.05968179926276207
490829,20,0.0433523990213871,a,2022,Hertha Berlin,Hoffenheim,Munas Dabbur,2022-10-02 13:30:00,0,0,0,0,False,0,0,0.0
490846,59,0.14357799291610718,a,2022,Hertha Berlin,Hoffenheim,Munas Dabbur,2022-10-02 13:30:00,0,0,0,0,False,1,1,0.0433523990213871
491280,31,0.4290800094604492,h,2022,Hoffenheim,Werder Bremen,Munas Dabbur,2022-10-07 18:30:00,0,0,0,0,True,0,1,0.0
491288,61,0.037054598331451416,h,2022,Hoffenheim,Werder Bremen,Munas Dabbur,2022-10-07 18:30:00,1,0,0,0,False,1,1,0.4290800094604492
492716,46,0.06857340037822723,a,2022,Schalke 04,Hoffenheim,Munas Dabbur,2022-10-14 18:30:00,0,0,0,0,True,1,0,0.0
505376,82,0.4534519910812378,h,2022,Hoffenheim,VfB Stuttgart,Munas Dabbur,2023-01-24 19:30:00,0,0,0,0,False,1,2,0.0
506964,76,0.32712799310684204,a,2022,Bochum,Hoffenheim,Munas Dabbur,2023-02-04 14:30:00,0,0,0,0,True,1,4,0.0
506969,88,0.023204900324344635,a,2022,Bochum,Hoffenheim,Munas Dabbur,2023-02-04 14:30:00,1,0,0,0,False,2,5,0.32712799310684204
512101,62,0.03201989829540253,a,2022,Mainz 05,Hoffenheim,Munas Dabbur,2023-03-04 14:30:00,0,0,0,0,False,0,1,0.0
514126,19,0.07211290299892426,a,2022,Freiburg,Hoffenheim,Munas Dabbur,2023-03-12 14:30:00,0,0,0,0,False,0,1,0.0
514133,56,0.12917600572109222,a,2022,Freiburg,Hoffenheim,Munas Dabbur,2023-03-12 14:30:00,0,0,0,0,False,1,1,0.07211290299892426
514136,61,0.06858810037374496,a,2022,Freiburg,Hoffenheim,Munas Dabbur,2023-03-12 14:30:00,0,0,0,0,False,1,1,0.20128890872001648
520811,86,0.10346204042434692,h,2022,Hoffenheim,FC Cologne,Munas Dabbur,2023-04-22 13:30:00,0,0,0,0,False,0,2,0.0
522604,64,0.02946537360548973,a,2022,RasenBallsport Leipzig,Hoffenheim,Munas Dabbur,2023-04-29 13:30:00,0,0,0,0,False,0,1,0.0
525843,56,0.340967059135437,a,2022,Wolfsburg,Hoffenheim,Munas Dabbur,2023-05-13 13:30:00,0,0,0,0,False,0,1,0.0
527416,98,0.15082544088363647,h,2022,Hoffenheim,Union Berlin,Munas Dabbur,2023-05-20 13:30:00,0,0,0,0,True,3,2,0.0
483565,48,0.014313500374555588,h,2022,RasenBallsport Leipzig,Wolfsburg,Konrad Laimer,2022-08-27 13:30:00,0,0,0,0,False,1,0,0.0
483575,67,0.016815900802612305,h,2022,RasenBallsport Leipzig,Wolfsburg,Konrad Laimer,2022-08-27 13:30:00,0,0,0,0,False,1,0,0.014313500374555588
504386,91,0.07557369768619537,h,2022,RasenBallsport Leipzig,Bayern Munich,Konrad Laimer,2023-01-20 19:30:00,0,0,0,0,False,1,1,0.0
504385,91,0.010672800242900848,h,2022,RasenBallsport Leipzig,Bayern Munich,Konrad Laimer,2023-01-20 19:30:00,0,0,0,0,False,1,1,0.07557369768619537
505307,18,0.41920599341392517,a,2022,Schalke 04,RasenBallsport Leipzig,Konrad Laimer,2023-01-24 17:30:00,0,0,0,0,False,2,0,0.0
505326,65,0.42815101146698,a,2022,Schalke 04,RasenBallsport Leipzig,Konrad Laimer,2023-01-24 17:30:00,0,0,0,0,False,4,1,0.41920599341392517
508621,13,0.009130329824984074,h,2022,RasenBallsport Leipzig,Union Berlin,Konrad Laimer,2023-02-11 17:30:00,0,0,0,0,False,0,0,0.0
508624,30,0.1203330010175705,h,2022,RasenBallsport Leipzig,Union Berlin,Konrad Laimer,2023-02-11 17:30:00,0,0,0,0,False,1,0,0.009130329824984074
509548,84,0.30191099643707275,a,2022,Wolfsburg,RasenBallsport Leipzig,Konrad Laimer,2023-02-18 14:30:00,0,0,0,0,True,1,0,0.0
510762,23,0.11382199823856354,h,2022,RasenBallsport Leipzig,Eintracht Frankfurt,Konrad Laimer,2023-02-25 14:30:00,0,0,0,0,False,1,0,0.0
510772,66,0.11352799832820892,h,2022,RasenBallsport Leipzig,Eintracht Frankfurt,Konrad Laimer,2023-02-25 14:30:00,0,0,0,0,False,2,1,0.11382199823856354
510773,84,0.28565800189971924,h,2022,RasenBallsport Leipzig,Eintracht Frankfurt,Konrad Laimer,2023-02-25 14:30:00,0,0,0,0,False,2,1,0.22734999656677246
519281,82,0.04618469998240471,h,2022,RasenBallsport Leipzig,Augsburg,Konrad Laimer,2023-04-15 13:30:00,0,0,0,0,False,3,2,0.0
522591,9,0.017586609348654747,h,2022,RasenBallsport Leipzig,Hoffenheim,Konrad Laimer,2023-04-29 13:30:00,0,0,0,0,False,0,0,0.0
526704,20,0.08466186374425888,h,2022,RasenBallsport Leipzig,Werder Bremen,Konrad Laimer,2023-05-14 15:30:00,0,0,0,0,False,0,0,0.0
526708,51,0.019042089581489563,h,2022,RasenBallsport Leipzig,Werder Bremen,Konrad Laimer,2023-05-14 15:30:00,0,0,0,0,False,0,0,0.08466186374425888
527677,64,0.09947719424962997,a,2022,Bayern Munich,RasenBallsport Leipzig,Konrad Laimer,2023-05-20 16:30:00,0,0,0,0,True,0,1,0.0
527682,82,0.024056071415543556,a,2022,Bayern Munich,RasenBallsport Leipzig,Konrad Laimer,2023-05-20 16:30:00,1,0,0,0,False,2,1,0.09947719424962997
528911,2,0.4801778793334961,h,2022,RasenBallsport Leipzig,Schalke 04,Konrad Laimer,2023-05-27 13:30:00,0,0,1,0,False,0,0,0.0
528912,9,0.549445390701294,h,2022,RasenBallsport Leipzig,Schalke 04,Konrad Laimer,2023-05-27 13:30:00,0,0,0,0,True,0,0,0.4801778793334961
489925,38,0.06741870194673538,a,2022,FC Cologne,Borussia Dortmund,Niklas Süle,2022-10-01 13:30:00,0,0,0,0,False,1,0,0.0
489929,44,0.0283851008862257,a,2022,FC Cologne,Borussia Dortmund,Niklas Süle,2022-10-01 13:30:00,0,0,0,0,False,1,0,0.06741870194673538
491749,39,0.05256890133023262,h,2022,Borussia Dortmund,Bayern Munich,Niklas Süle,2022-10-08 16:30:00,0,0,0,0,False,0,1,0.0
494991,12,0.45538198947906494,h,2022,Borussia Dortmund,VfB Stuttgart,Niklas Süle,2022-10-22 13:30:00,0,0,0,0,True,1,0,0.0
494996,27,0.05296799913048744,h,2022,Borussia Dortmund,VfB Stuttgart,Niklas Süle,2022-10-22 13:30:00,1,0,0,0,False,2,0,0.45538198947906494
495011,79,0.019022999331355095,h,2022,Borussia Dortmund,VfB Stuttgart,Niklas Süle,2022-10-22 13:30:00,1,0,0,0,False,5,0,0.5083499886095524
496737,31,0.030556699261069298,a,2022,Eintracht Frankfurt,Borussia Dortmund,Niklas Süle,2022-10-29 16:30:00,0,0,0,0,False,1,1,0.0
499009,41,0.07302919775247574,a,2022,Wolfsburg,Borussia Dortmund,Niklas Süle,2022-11-08 17:30:00,0,0,0,0,False,0,1,0.0
499010,45,0.05525460094213486,a,2022,Wolfsburg,Borussia Dortmund,Niklas Süle,2022-11-08 17:30:00,0,0,0,0,False,0,1,0.07302919775247574
499011,46,0.0812034010887146,a,2022,Wolfsburg,Borussia Dortmund,Niklas Süle,2022-11-08 17:30:00,0,0,0,0,False,0,1,0.1282837986946106
499756,39,0.1117129996418953,a,2022,Borussia M.Gladbach,Borussia Dortmund,Niklas Süle,2022-11-11 19:30:00,0,0,0,0,False,1,3,0.0
505432,7,0.016767699271440506,a,2022,Mainz 05,Borussia Dortmund,Niklas Süle,2023-01-25 17:30:00,0,0,0,0,False,1,1,0.0
506289,12,0.0537635013461113,a,2022,Bayer Leverkusen,Borussia Dortmund,Niklas Süle,2023-01-29 16:30:00,0,0,0,0,False,0,0,0.0
506973,24,0.016220200806856155,h,2022,Borussia Dortmund,Freiburg,Niklas Süle,2023-02-04 14:30:00,0,0,0,0,False,0,0,0.0
506989,68,0.015474299900233746,h,2022,Borussia Dortmund,Freiburg,Niklas Süle,2023-02-04 14:30:00,0,0,0,0,False,3,1,0.016220200806856155
510727,18,0.0626441016793251,a,2022,Hoffenheim,Borussia Dortmund,Niklas Süle,2023-02-25 14:30:00,0,0,0,0,False,0,0,0.0
510734,37,0.018771300092339516,a,2022,Hoffenheim,Borussia Dortmund,Niklas Süle,2023-02-25 14:30:00,0,0,0,0,False,0,0,0.0626441016793251
511780,67,0.047313299030065536,h,2022,Borussia Dortmund,RasenBallsport Leipzig,Niklas Süle,2023-03-03 19:30:00,0,0,0,0,False,2,0,0.0
515253,88,0.09556499868631363,h,2022,Borussia Dortmund,FC Cologne,Niklas Süle,2023-03-18 17:30:00,0,0,0,0,False,6,1,0.0
516624,94,0.09103430062532425,a,2022,Bayern Munich,Borussia Dortmund,Niklas Süle,2023-04-01 16:30:00,0,0,0,0,False,2,3,0.0
517965,52,0.014348099939525127,h,2022,Borussia Dortmund,Union Berlin,Niklas Süle,2023-04-08 13:30:00,0,0,0,0,False,1,0,0.0
517968,62,0.12549300491809845,h,2022,Borussia Dortmund,Union Berlin,Niklas Süle,2023-04-08 13:30:00,0,0,0,0,False,1,1,0.014348099939525127
522489,89,0.055116649717092514,a,2022,Bochum,Borussia Dortmund,Niklas Süle,2023-04-28 18:30:00,0,0,0,0,False,1,1,0.0
522488,89,0.06587257981300354,a,2022,Bochum,Borussia Dortmund,Niklas Süle,2023-04-28 18:30:00,0,0,0,0,False,1,1,0.055116649717092514
525183,49,0.05447245016694069,h,2022,Borussia Dortmund,Wolfsburg,Niklas Süle,2023-05-07 15:30:00,0,0,0,0,False,3,0,0.0
525196,80,0.03142356127500534,h,2022,Borussia Dortmund,Wolfsburg,Niklas Süle,2023-05-07 15:30:00,0,0,0,0,False,5,0,0.05447245016694069
526208,36,0.07187499850988388,h,2022,Borussia Dortmund,Borussia M.Gladbach,Niklas Süle,2023-05-13 16:30:00,0,0,0,0,False,4,0,0.0
526221,60,0.02149556390941143,h,2022,Borussia Dortmund,Borussia M.Gladbach,Niklas Süle,2023-05-13 16:30:00,0,0,0,0,False,4,0,0.07187499850988388
526232,89,0.03865836188197136,h,2022,Borussia Dortmund,Borussia M.Gladbach,Niklas Süle,2023-05-13 16:30:00,0,0,0,0,False,4,2,0.09337056241929531
528158,39,0.5211162567138672,a,2022,Augsburg,Borussia Dortmund,Niklas Süle,2023-05-21 15:30:00,0,0,0,0,False,0,0,0.0
528874,6,0.04815533012151718,h,2022,Borussia Dortmund,Mainz 05,Niklas Süle,2023-05-27 13:30:00,0,0,1,0,False,0,0,0.0
528883,42,0.014517293311655521,h,2022,Borussia Dortmund,Mainz 05,Niklas Süle,2023-05-27 13:30:00,0,0,1,0,False,0,2,0.04815533012151718
528887,46,0.017812393605709076,h,2022,Borussia Dortmund,Mainz 05,Niklas Süle,2023-05-27 13:30:00,0,0,1,0,False,0,2,0.0626726234331727
528910,95,0.10678659379482269,h,2022,Borussia Dortmund,Mainz 05,Niklas Süle,2023-05-27 13:30:00,0,0,0,0,True,1,2,0.08048501703888178
480276,16,0.031144799664616585,h,2022,Bayer Leverkusen,Augsburg,Sardar Azmoun,2022-08-13 13:30:00,0,0,0,0,False,0,1,0.0
480282,33,0.0716136023402214,h,2022,Bayer Leverkusen,Augsburg,Sardar Azmoun,2022-08-13 13:30:00,0,0,0,0,False,0,1,0.031144799664616585
480288,50,0.316772997379303,h,2022,Bayer Leverkusen,Augsburg,Sardar Azmoun,2022-08-13 13:30:00,0,0,0,0,False,1,1,0.10275840200483799
480294,60,0.4443739950656891,h,2022,Bayer Leverkusen,Augsburg,Sardar Azmoun,2022-08-13 13:30:00,0,0,0,0,False,1,1,0.41953139938414097
480295,61,0.053025998175144196,h,2022,Bayer Leverkusen,Augsburg,Sardar Azmoun,2022-08-13 13:30:00,0,0,0,0,False,1,1,0.86390539444983
480298,68,0.09612739831209183,h,2022,Bayer Leverkusen,Augsburg,Sardar Azmoun,2022-08-13 13:30:00,0,0,0,0,False,1,1,0.9169313926249743
480304,92,0.05700220167636871,h,2022,Bayer Leverkusen,Augsburg,Sardar Azmoun,2022-08-13 13:30:00,0,0,0,0,False,1,2,1.013058790937066
481688,46,0.025562399998307228,h,2022,Bayer Leverkusen,Hoffenheim,Sardar Azmoun,2022-08-20 13:30:00,0,0,0,0,False,0,2,0.0
485852,61,0.04604889824986458,h,2022,Bayer Leverkusen,Freiburg,Sardar Azmoun,2022-09-03 13:30:00,0,0,0,0,False,1,2,0.0
485860,80,0.08818189799785614,h,2022,Bayer Leverkusen,Freiburg,Sardar Azmoun,2022-09-03 13:30:00,0,0,0,0,False,2,3,0.04604889824986458
488730,87,0.05951710045337677,h,2022,Bayer Leverkusen,Werder Bremen,Sardar Azmoun,2022-09-17 13:30:00,0,0,0,0,False,1,1,0.0
506309,80,0.11526600271463394,h,2022,Bayer Leverkusen,Borussia Dortmund,Sardar Azmoun,2023-01-29 16:30:00,0,0,0,0,False,0,1,0.0
510451,57,0.7443749904632568,h,2022,Bayer Leverkusen,Mainz 05,Sardar Azmoun,2023-02-19 18:30:00,0,0,0,0,False,1,2,0.0
510461,77,0.06887049973011017,h,2022,Bayer Leverkusen,Mainz 05,Sardar Azmoun,2023-02-19 18:30:00,0,0,0,0,False,2,2,0.7443749904632568
511386,66,0.39232200384140015,a,2022,Freiburg,Bayer Leverkusen,Sardar Azmoun,2023-02-26 14:30:00,0,0,0,0,True,0,1,0.0
512747,11,0.1327340006828308,h,2022,Bayer Leverkusen,Hertha Berlin,Sardar Azmoun,2023-03-05 14:30:00,0,0,0,0,True,0,0,0.0
512749,16,0.10992199927568436,h,2022,Bayer Leverkusen,Hertha Berlin,Sardar Azmoun,2023-03-05 14:30:00,1,0,0,0,False,1,0,0.1327340006828308
514264,91,0.1228879988193512,a,2022,Werder Bremen,Bayer Leverkusen,Sardar Azmoun,2023-03-12 16:30:00,0,0,0,0,False,3,2,0.0
516207,91,0.08077529817819595,a,2022,Schalke 04,Bayer Leverkusen,Sardar Azmoun,2023-04-01 13:30:00,0,0,0,0,True,2,0,0.0
517952,94,0.6323080062866211,h,2022,Bayer Leverkusen,Eintracht Frankfurt,Sardar Azmoun,2023-04-08 13:30:00,0,0,0,0,True,2,1,0.0
520298,26,0.0781904011964798,a,2022,Wolfsburg,Bayer Leverkusen,Sardar Azmoun,2023-04-16 17:30:00,0,0,0,0,False,0,0,0.0
520312,55,0.026904700323939323,a,2022,Wolfsburg,Bayer Leverkusen,Sardar Azmoun,2023-04-16 17:30:00,0,0,0,0,False,0,0,0.0781904011964798
522626,87,0.13764409720897675,a,2022,Union Berlin,Bayer Leverkusen,Sardar Azmoun,2023-04-29 13:30:00,0,0,0,0,False,0,0,0.0
526587,7,0.10339325666427612,a,2022,VfB Stuttgart,Bayer Leverkusen,Sardar Azmoun,2023-05-14 13:30:00,0,0,0,0,False,0,0,0.0
528268,78,0.027938421815633774,h,2022,Bayer Leverkusen,Borussia M.Gladbach,Sardar Azmoun,2023-05-21 17:30:00,0,0,0,0,False,2,1,0.0
529007,0,0.05247659608721733,a,2022,Bochum,Bayer Leverkusen,Sardar Azmoun,2023-05-27 13:30:00,0,0,0,0,False,0,0,0.0
529009,1,0.04274824261665344,a,2022,Bochum,Bayer Leverkusen,Sardar Azmoun,2023-05-27 13:30:00,0,0,0,0,False,0,0,0.05247659608721733
529015,26,0.037711165845394135,a,2022,Bochum,Bayer Leverkusen,Sardar Azmoun,2023-05-27 13:30:00,0,0,0,0,False,0,1,0.09522483870387077
480203,11,0.009244699962437153,h,2022,Hoffenheim,Bochum,Ozan Kabak,2022-08-13 13:30:00,0,0,1,0,False,0,1,0.0
480209,22,0.05677789822220802,h,2022,Hoffenheim,Bochum,Ozan Kabak,2022-08-13 13:30:00,0,0,0,0,True,1,2,0.009244699962437153
483512,35,0.08034209907054901,h,2022,Hoffenheim,Augsburg,Ozan Kabak,2022-08-27 13:30:00,0,0,0,0,False,0,0,0.0
483522,64,0.09361699968576431,h,2022,Hoffenheim,Augsburg,Ozan Kabak,2022-08-27 13:30:00,0,0,0,0,False,1,0,0.08034209907054901
485543,1,0.015574299730360508,a,2022,Borussia Dortmund,Hoffenheim,Ozan Kabak,2022-09-02 18:30:00,0,0,0,0,False,0,0,0.0
489594,9,0.059588100761175156,h,2022,Hoffenheim,Freiburg,Ozan Kabak,2022-09-18 17:30:00,0,0,0,0,False,0,0,0.0
490832,24,0.03643679991364479,a,2022,Hertha Berlin,Hoffenheim,Ozan Kabak,2022-10-02 13:30:00,0,0,0,0,False,0,0,0.0
490834,27,0.02285739965736866,a,2022,Hertha Berlin,Hoffenheim,Ozan Kabak,2022-10-02 13:30:00,0,0,0,0,False,1,0,0.03643679991364479
490838,43,0.013131299987435341,a,2022,Hertha Berlin,Hoffenheim,Ozan Kabak,2022-10-02 13:30:00,0,0,0,0,False,1,1,0.05929419957101345
491297,93,0.017388999462127686,h,2022,Hoffenheim,Werder Bremen,Ozan Kabak,2022-10-07 18:30:00,0,0,0,0,False,1,2,0.0
499451,45,0.03730969876050949,a,2022,Eintracht Frankfurt,Hoffenheim,Ozan Kabak,2022-11-09 19:30:00,0,0,0,0,True,1,3,0.0
499453,52,0.04230659827589989,a,2022,Eintracht Frankfurt,Hoffenheim,Ozan Kabak,2022-11-09 19:30:00,1,0,0,0,False,2,3,0.03730969876050949
500059,47,0.07427030056715012,h,2022,Hoffenheim,Wolfsburg,Ozan Kabak,2022-11-12 14:30:00,0,0,0,0,False,1,0,0.0
500058,48,0,h,2022,Hoffenheim,Wolfsburg,Ozan Kabak,2022-11-12 14:30:00,0,0,0,0,False,1,0,0.07427030056715012
500065,63,0.358924001455307,h,2022,Hoffenheim,Wolfsburg,Ozan Kabak,2022-11-12 14:30:00,0,0,0,0,False,1,1,0.07427030056715012
500072,87,0.026394499465823174,h,2022,Hoffenheim,Wolfsburg,Ozan Kabak,2022-11-12 14:30:00,0,0,0,0,False,1,1,0.4331943020224571
500073,92,0.012696799822151661,h,2022,Hoffenheim,Wolfsburg,Ozan Kabak,2022-11-12 14:30:00,0,0,0,0,False,1,1,0.4595888014882803
504552,3,0.08081299811601639,a,2022,Union Berlin,Hoffenheim,Ozan Kabak,2023-01-21 14:30:00,0,0,0,0,False,0,0,0.0
505716,12,0.018612999469041824,h,2022,Hoffenheim,Borussia M.Gladbach,Ozan Kabak,2023-01-28 14:30:00,0,0,0,0,False,0,1,0.0
506954,31,0.034082699567079544,a,2022,Bochum,Hoffenheim,Ozan Kabak,2023-02-04 14:30:00,0,0,0,0,False,0,2,0.0
508302,82,0.03338940069079399,h,2022,Hoffenheim,Bayer Leverkusen,Ozan Kabak,2023-02-11 14:30:00,0,0,0,0,False,1,3,0.0
512082,15,0.05926330015063286,a,2022,Mainz 05,Hoffenheim,Ozan Kabak,2023-03-04 14:30:00,0,0,0,0,False,0,0,0.0
512097,54,0.05113619938492775,a,2022,Mainz 05,Hoffenheim,Ozan Kabak,2023-03-04 14:30:00,0,0,0,0,False,0,1,0.05926330015063286
518890,48,0.035504698753356934,h,2022,Hoffenheim,Schalke 04,Ozan Kabak,2023-04-09 17:30:00,0,0,0,0,False,0,0,0.0
482056,26,0.020536499097943306,a,2022,Union Berlin,RasenBallsport Leipzig,Kevin Kampl,2022-08-20 16:30:00,0,0,0,0,False,0,0,0.0
482062,47,0.015796000137925148,a,2022,Union Berlin,RasenBallsport Leipzig,Kevin Kampl,2022-08-20 16:30:00,0,0,0,0,False,0,2,0.020536499097943306
493237,68,0.02536739967763424,h,2022,RasenBallsport Leipzig,Hertha Berlin,Kevin Kampl,2022-10-15 16:30:00,0,0,0,0,False,3,2,0.0
493245,88,0.028125600889325142,h,2022,RasenBallsport Leipzig,Hertha Berlin,Kevin Kampl,2022-10-15 16:30:00,0,0,0,0,False,3,2,0.02536739967763424
519265,9,0.10552199929952621,h,2022,RasenBallsport Leipzig,Augsburg,Kevin Kampl,2023-04-15 13:30:00,0,0,0,0,True,0,1,0.0
521623,0,0.05379215627908707,a,2022,Bayer Leverkusen,RasenBallsport Leipzig,Kevin Kampl,2023-04-23 15:30:00,0,0,0,0,False,0,0,0.0
524617,72,0.48460403084754944,a,2022,Freiburg,RasenBallsport Leipzig,Kevin Kampl,2023-05-06 13:30:00,0,0,0,0,True,0,0,0.0
481707,46,0.03088649921119213,h,2022,Borussia Dortmund,Werder Bremen,Julian Brandt,2022-08-20 13:30:00,0,0,0,0,True,0,0,0.0
483469,18,0.040275901556015015,a,2022,Hertha Berlin,Borussia Dortmund,Julian Brandt,2022-08-27 13:30:00,0,0,0,0,False,0,0,0.0
485549,38,0.027053700760006905,h,2022,Borussia Dortmund,Hoffenheim,Julian Brandt,2022-09-02 18:30:00,0,0,0,0,False,1,0,0.0
489922,30,0.3406769931316376,a,2022,FC Cologne,Borussia Dortmund,Julian Brandt,2022-10-01 13:30:00,0,0,0,0,True,0,0,0.0
489939,62,0.08426280319690704,a,2022,FC Cologne,Borussia Dortmund,Julian Brandt,2022-10-01 13:30:00,1,0,0,0,False,1,2,0.3406769931316376
494992,19,0.07327999919652939,h,2022,Borussia Dortmund,VfB Stuttgart,Julian Brandt,2022-10-22 13:30:00,0,0,0,0,False,2,0,0.0
496730,14,0.05428459867835045,a,2022,Eintracht Frankfurt,Borussia Dortmund,Julian Brandt,2022-10-29 16:30:00,0,0,1,0,False,0,0,0.0
496731,19,0.07301650196313858,a,2022,Eintracht Frankfurt,Borussia Dortmund,Julian Brandt,2022-10-29 16:30:00,0,0,0,0,True,0,0,0.05428459867835045
497945,55,0.06473039835691452,h,2022,Borussia Dortmund,Bochum,Julian Brandt,2022-11-05 14:30:00,0,0,0,0,False,3,0,0.0
499006,38,0.026389500126242638,a,2022,Wolfsburg,Borussia Dortmund,Julian Brandt,2022-11-08 17:30:00,0,0,0,0,False,0,1,0.0
499745,13,0.07184469699859619,a,2022,Borussia M.Gladbach,Borussia Dortmund,Julian Brandt,2022-11-11 19:30:00,0,0,1,0,False,0,1,0.0
499748,18,0.4823809862136841,a,2022,Borussia M.Gladbach,Borussia Dortmund,Julian Brandt,2022-11-11 19:30:00,0,0,0,0,True,0,1,0.07184469699859619
499760,49,0.020171400159597397,a,2022,Borussia M.Gladbach,Borussia Dortmund,Julian Brandt,2022-11-11 19:30:00,1,0,0,0,False,2,4,0.5542256832122803
504986,20,0.02468479983508587,h,2022,Borussia Dortmund,Augsburg,Julian Brandt,2023-01-22 14:30:00,0,0,0,0,False,0,0,0.0
505004,59,0.039744000881910324,h,2022,Borussia Dortmund,Augsburg,Julian Brandt,2023-01-22 14:30:00,0,0,0,0,False,2,2,0.02468479983508587
505433,13,0.04492039978504181,a,2022,Mainz 05,Borussia Dortmund,Julian Brandt,2023-01-25 17:30:00,0,0,0,0,False,1,1,0.0
506293,25,0.07030250132083893,a,2022,Bayer Leverkusen,Borussia Dortmund,Julian Brandt,2023-01-29 16:30:00,0,0,0,0,False,0,0,0.0
506304,71,0.021436799317598343,a,2022,Bayer Leverkusen,Borussia Dortmund,Julian Brandt,2023-01-29 16:30:00,0,0,0,0,False,1,0,0.07030250132083893
506970,12,0.012449800036847591,h,2022,Borussia Dortmund,Freiburg,Julian Brandt,2023-02-04 14:30:00,0,0,1,0,False,0,0,0.0
506990,68,0.032891400158405304,h,2022,Borussia Dortmund,Freiburg,Julian Brandt,2023-02-04 14:30:00,0,0,0,0,True,3,1,0.012449800036847591
508273,76,0.7463340163230896,a,2022,Werder Bremen,Borussia Dortmund,Julian Brandt,2023-02-11 14:30:00,0,0,1,0,False,1,0,0.0
508277,83,0.15179400146007538,a,2022,Werder Bremen,Borussia Dortmund,Julian Brandt,2023-02-11 14:30:00,0,0,0,0,True,1,0,0.7463340163230896
510349,89,0.580070972442627,h,2022,Borussia Dortmund,Hertha Berlin,Julian Brandt,2023-02-19 16:30:00,0,0,0,0,True,3,1,0.0
510738,42,0.1459590047597885,a,2022,Hoffenheim,Borussia Dortmund,Julian Brandt,2023-02-25 14:30:00,0,0,0,0,True,0,0,0.0
510751,75,0.04295499995350838,a,2022,Hoffenheim,Borussia Dortmund,Julian Brandt,2023-02-25 14:30:00,1,0,0,0,False,1,0,0.1459590047597885
510756,90,0.0462195985019207,a,2022,Hoffenheim,Borussia Dortmund,Julian Brandt,2023-02-25 14:30:00,1,0,0,0,False,1,0,0.1889140047132969
511770,17,0.035578399896621704,h,2022,Borussia Dortmund,RasenBallsport Leipzig,Julian Brandt,2023-03-03 19:30:00,0,0,0,0,False,0,0,0.0
516611,38,0.07448670268058777,a,2022,Bayern Munich,Borussia Dortmund,Julian Brandt,2023-04-01 16:30:00,0,0,0,0,False,0,2,0.0
517967,62,0.02571759931743145,h,2022,Borussia Dortmund,Union Berlin,Julian Brandt,2023-04-08 13:30:00,0,0,0,0,False,1,1,0.0
519315,9,0.018147600814700127,a,2022,VfB Stuttgart,Borussia Dortmund,Julian Brandt,2023-04-15 13:30:00,0,0,0,0,False,0,0,0.0
522467,36,0.10598057508468628,a,2022,Bochum,Borussia Dortmund,Julian Brandt,2023-04-28 18:30:00,0,0,0,0,False,1,1,0.0
525182,48,0.019316524267196655,h,2022,Borussia Dortmund,Wolfsburg,Julian Brandt,2023-05-07 15:30:00,0,0,0,0,False,3,0,0.0
525193,77,0.12523561716079712,h,2022,Borussia Dortmund,Wolfsburg,Julian Brandt,2023-05-07 15:30:00,0,0,0,0,False,5,0,0.019316524267196655
526222,67,0.08810827136039734,h,2022,Borussia Dortmund,Borussia M.Gladbach,Julian Brandt,2023-05-13 16:30:00,0,0,0,0,False,4,0,0.0
528154,28,0.2941102087497711,a,2022,Augsburg,Borussia Dortmund,Julian Brandt,2023-05-21 15:30:00,0,0,1,0,False,0,0,0.0
528155,32,0.28482383489608765,a,2022,Augsburg,Borussia Dortmund,Julian Brandt,2023-05-21 15:30:00,0,0,1,0,False,0,0,0.2941102087497711
528161,45,0.01696271449327469,a,2022,Augsburg,Borussia Dortmund,Julian Brandt,2023-05-21 15:30:00,0,0,1,0,False,0,0,0.5789340436458588
528171,81,0.03425298258662224,a,2022,Augsburg,Borussia Dortmund,Julian Brandt,2023-05-21 15:30:00,0,0,1,0,False,1,0,0.5958967581391335
528174,92,0.36806073784828186,a,2022,Augsburg,Borussia Dortmund,Julian Brandt,2023-05-21 15:30:00,0,0,0,0,True,2,0,0.6301497407257557
528881,33,0.04439352825284004,h,2022,Borussia Dortmund,Mainz 05,Julian Brandt,2023-05-27 13:30:00,0,0,0,0,False,0,2,0.0
528885,43,0.2781310975551605,h,2022,Borussia Dortmund,Mainz 05,Julian Brandt,2023-05-27 13:30:00,0,0,0,0,False,0,2,0.04439352825284004
528890,52,0.011516326107084751,h,2022,Borussia Dortmund,Mainz 05,Julian Brandt,2023-05-27 13:30:00,0,0,0,0,False,0,2,0.32252462580800056
504609,87,0.06084210053086281,a,2022,Eintracht Frankfurt,Schalke 04,Michael Frey,2023-01-21 14:30:00,0,0,0,0,False,0,2,0.0
504611,92,0.06580130010843277,a,2022,Eintracht Frankfurt,Schalke 04,Michael Frey,2023-01-21 14:30:00,0,0,0,0,False,0,3,0.06084210053086281
504613,94,0.6332700252532959,a,2022,Eintracht Frankfurt,Schalke 04,Michael Frey,2023-01-21 14:30:00,0,0,0,0,False,0,3,0.12664340063929558
505323,61,0.05145319923758507,h,2022,Schalke 04,RasenBallsport Leipzig,Michael Frey,2023-01-24 17:30:00,0,0,0,0,False,1,4,0.0
505328,72,0.0572442002594471,h,2022,Schalke 04,RasenBallsport Leipzig,Michael Frey,2023-01-24 17:30:00,0,0,0,0,False,1,4,0.05145319923758507
506232,79,0.05785749852657318,h,2022,Schalke 04,FC Cologne,Michael Frey,2023-01-29 14:30:00,0,0,0,0,False,0,0,0.0
507371,84,0.032286301255226135,a,2022,Borussia M.Gladbach,Schalke 04,Michael Frey,2023-02-04 17:30:00,0,0,0,0,False,0,0,0.0
507376,93,0.05847359821200371,a,2022,Borussia M.Gladbach,Schalke 04,Michael Frey,2023-02-04 17:30:00,0,0,0,0,False,0,0,0.032286301255226135
508097,43,0.012483900412917137,h,2022,Schalke 04,Wolfsburg,Michael Frey,2023-02-10 19:30:00,0,0,0,0,False,0,0,0.0
510263,57,0.04730679839849472,a,2022,Union Berlin,Schalke 04,Michael Frey,2023-02-19 14:30:00,0,0,0,0,False,0,0,0.0
510264,64,0.037866201251745224,a,2022,Union Berlin,Schalke 04,Michael Frey,2023-02-19 14:30:00,0,0,0,0,False,0,0,0.04730679839849472
510965,30,0.14756600558757782,h,2022,Schalke 04,VfB Stuttgart,Michael Frey,2023-02-25 17:30:00,0,0,0,0,False,1,0,0.0
512047,13,0.03629520162940025,a,2022,Bochum,Schalke 04,Michael Frey,2023-03-04 14:30:00,0,0,0,0,False,0,0,0.0
513715,17,0.00786317978054285,h,2022,Schalke 04,Borussia Dortmund,Michael Frey,2023-03-11 17:30:00,0,0,0,0,False,0,0,0.0
514867,43,0.06534779816865921,a,2022,Augsburg,Schalke 04,Michael Frey,2023-03-18 14:30:00,0,0,0,0,False,0,0,0.0
514868,45,0.04402720183134079,a,2022,Augsburg,Schalke 04,Michael Frey,2023-03-18 14:30:00,0,0,0,0,False,0,0,0.06534779816865921
514872,58,0.0353471003472805,a,2022,Augsburg,Schalke 04,Michael Frey,2023-03-18 14:30:00,0,0,0,0,False,0,1,0.109375
514874,72,0.047576699405908585,a,2022,Augsburg,Schalke 04,Michael Frey,2023-03-18 14:30:00,0,0,0,0,False,0,1,0.1447221003472805
514875,80,0.014709100127220154,a,2022,Augsburg,Schalke 04,Michael Frey,2023-03-18 14:30:00,0,0,0,0,False,0,1,0.1922987997531891
514882,99,0.013450199738144875,a,2022,Augsburg,Schalke 04,Michael Frey,2023-03-18 14:30:00,0,0,0,0,False,1,1,0.20700789988040924
516184,12,0.05616230145096779,h,2022,Schalke 04,Bayer Leverkusen,Michael Frey,2023-04-01 13:30:00,0,0,0,0,False,0,0,0.0
516197,48,0.05479630082845688,h,2022,Schalke 04,Bayer Leverkusen,Michael Frey,2023-04-01 13:30:00,0,0,0,0,False,0,0,0.05616230145096779
518889,37,0.030670899897813797,a,2022,Hoffenheim,Schalke 04,Michael Frey,2023-04-09 17:30:00,0,0,0,0,False,0,0,0.0
521528,48,0.03477239981293678,a,2022,Freiburg,Schalke 04,Michael Frey,2023-04-23 13:30:00,0,0,0,0,False,0,2,0.0
521531,54,0.06215239688754082,a,2022,Freiburg,Schalke 04,Michael Frey,2023-04-23 13:30:00,0,0,0,0,False,0,3,0.03477239981293678
521539,71,0.04235543683171272,a,2022,Freiburg,Schalke 04,Michael Frey,2023-04-23 13:30:00,0,0,0,0,False,0,3,0.0969247967004776
521540,74,0.10062021017074585,a,2022,Freiburg,Schalke 04,Michael Frey,2023-04-23 13:30:00,0,0,0,0,False,0,3,0.13928023353219032
525916,39,0.05073970556259155,a,2022,Bayern Munich,Schalke 04,Michael Frey,2023-05-13 13:30:00,0,0,0,0,False,0,2,0.0
487482,10,0.022223299369215965,a,2022,Hertha Berlin,Bayer Leverkusen,Callum Hudson-Odoi,2022-09-10 13:30:00,0,0,0,0,False,0,0,0.0
491539,26,0.04641199856996536,h,2022,Bayer Leverkusen,Schalke 04,Callum Hudson-Odoi,2022-10-08 13:30:00,0,0,0,0,False,0,0,0.0
510434,10,0.04144100099802017,h,2022,Bayer Leverkusen,Mainz 05,Callum Hudson-Odoi,2023-02-19 18:30:00,0,0,0,0,False,0,0,0.0
510442,42,0.052071601152420044,h,2022,Bayer Leverkusen,Mainz 05,Callum Hudson-Odoi,2023-02-19 18:30:00,0,0,0,0,False,1,1,0.04144100099802017
479238,76,0.03338149935007095,h,2022,Augsburg,Freiburg,Fredrik Jensen,2022-08-06 13:30:00,0,0,0,0,False,0,3,0.0
480275,14,0.504826009273529,a,2022,Bayer Leverkusen,Augsburg,Fredrik Jensen,2022-08-13 13:30:00,0,0,0,0,True,0,0,0.0
481756,58,0.05607359856367111,h,2022,Augsburg,Mainz 05,Fredrik Jensen,2022-08-20 13:30:00,0,0,0,0,False,1,1,0.0
483505,15,0.018314499408006668,a,2022,Hoffenheim,Augsburg,Fredrik Jensen,2022-08-27 13:30:00,0,0,0,0,False,0,0,0.0
483506,16,0.03385379910469055,a,2022,Hoffenheim,Augsburg,Fredrik Jensen,2022-08-27 13:30:00,0,0,0,0,False,0,0,0.018314499408006668
499481,44,0.011970099993050098,a,2022,Union Berlin,Augsburg,Fredrik Jensen,2022-11-09 19:30:00,0,0,0,0,False,2,2,0.0
505011,80,0.05708789825439453,a,2022,Borussia Dortmund,Augsburg,Fredrik Jensen,2023-01-22 14:30:00,0,0,0,0,False,3,4,0.0
506814,47,0.05445989966392517,h,2022,Augsburg,Bayer Leverkusen,Fredrik Jensen,2023-02-03 19:30:00,0,0,0,0,False,0,0,0.0
508254,83,0.07377420365810394,a,2022,Mainz 05,Augsburg,Fredrik Jensen,2023-02-11 14:30:00,0,0,0,0,False,1,3,0.0
509345,87,0.9650229811668396,h,2022,Augsburg,Hoffenheim,Fredrik Jensen,2023-02-17 19:30:00,0,0,0,0,True,0,0,0.0
517863,41,0.10178299993276596,h,2022,Augsburg,FC Cologne,Fredrik Jensen,2023-04-08 13:30:00,0,0,0,0,False,1,2,0.0
512371,87,0.1325940042734146,h,2022,VfB Stuttgart,Bayern Munich,Juan Perea,2023-03-04 17:30:00,0,0,0,0,True,0,2,0.0
513375,41,0.05895959958434105,a,2022,Eintracht Frankfurt,VfB Stuttgart,Juan Perea,2023-03-11 14:30:00,0,0,0,0,False,0,0,0.0
479154,52,0.1422179937362671,h,2022,Borussia M.Gladbach,Hoffenheim,Marcus Thuram,2022-08-06 13:30:00,0,0,1,0,False,1,1,0.0
479158,70,0.3457930088043213,h,2022,Borussia M.Gladbach,Hoffenheim,Marcus Thuram,2022-08-06 13:30:00,0,0,0,0,True,1,1,0.1422179937362671
480569,21,0.11398400366306305,a,2022,Schalke 04,Borussia M.Gladbach,Marcus Thuram,2022-08-13 16:30:00,0,0,1,0,False,0,0,0.0
480571,23,0.045924700796604156,a,2022,Schalke 04,Borussia M.Gladbach,Marcus Thuram,2022-08-13 16:30:00,0,0,1,0,False,0,0,0.11398400366306305
480580,61,0.06507319957017899,a,2022,Schalke 04,Borussia M.Gladbach,Marcus Thuram,2022-08-13 16:30:00,0,0,1,0,False,0,1,0.1599087044596672
480581,62,0.03460270166397095,a,2022,Schalke 04,Borussia M.Gladbach,Marcus Thuram,2022-08-13 16:30:00,0,0,1,0,False,0,1,0.2249819040298462
480582,63,0.09512490034103394,a,2022,Schalke 04,Borussia M.Gladbach,Marcus Thuram,2022-08-13 16:30:00,0,0,1,0,False,0,1,0.25958460569381714
480585,75,0.07162850350141525,a,2022,Schalke 04,Borussia M.Gladbach,Marcus Thuram,2022-08-13 16:30:00,0,0,1,0,False,1,1,0.3547095060348511
480588,77,0.47571998834609985,a,2022,Schalke 04,Borussia M.Gladbach,Marcus Thuram,2022-08-13 16:30:00,0,0,0,0,True,1,1,0.4263380095362663
481531,16,0.1568939983844757,h,2022,Borussia M.Gladbach,Hertha Berlin,Marcus Thuram,2022-08-19 18:30:00,0,0,0,0,False,0,0,0.0
481547,81,0.1347469985485077,h,2022,Borussia M.Gladbach,Hertha Berlin,Marcus Thuram,2022-08-19 18:30:00,0,0,0,0,False,1,0,0.1568939983844757
483903,42,0.39071598649024963,a,2022,Bayern Munich,Borussia M.Gladbach,Marcus Thuram,2022-08-27 16:30:00,0,0,0,0,True,0,0,0.0
483924,89,0.08349759876728058,a,2022,Bayern Munich,Borussia M.Gladbach,Marcus Thuram,2022-08-27 16:30:00,1,0,0,0,False,1,1,0.39071598649024963
486710,16,0.03595539927482605,h,2022,Borussia M.Gladbach,Mainz 05,Marcus Thuram,2022-09-04 15:30:00,0,0,0,0,False,0,0,0.0
486711,17,0.10503699630498886,h,2022,Borussia M.Gladbach,Mainz 05,Marcus Thuram,2022-09-04 15:30:00,0,0,0,0,False,0,0,0.03595539927482605
486714,22,0.08636940270662308,h,2022,Borussia M.Gladbach,Mainz 05,Marcus Thuram,2022-09-04 15:30:00,0,0,0,0,False,0,0,0.1409923955798149
486713,22,0.060121700167655945,h,2022,Borussia M.Gladbach,Mainz 05,Marcus Thuram,2022-09-04 15:30:00,0,0,0,0,False,0,0,0.227361798286438
486717,29,0.05196119844913483,h,2022,Borussia M.Gladbach,Mainz 05,Marcus Thuram,2022-09-04 15:30:00,0,0,0,0,False,0,0,0.28748349845409393
486718,42,0.3513210117816925,h,2022,Borussia M.Gladbach,Mainz 05,Marcus Thuram,2022-09-04 15:30:00,0,0,0,0,False,0,0,0.33944469690322876
486719,46,0.7380170226097107,h,2022,Borussia M.Gladbach,Mainz 05,Marcus Thuram,2022-09-04 15:30:00,0,0,0,0,False,0,0,0.6907657086849213
488109,13,0.520218014717102,a,2022,Freiburg,Borussia M.Gladbach,Marcus Thuram,2022-09-11 15:30:00,0,0,0,0,False,0,0,0.0
488112,21,0.021435899659991264,a,2022,Freiburg,Borussia M.Gladbach,Marcus Thuram,2022-09-11 15:30:00,0,0,0,0,False,0,0,0.520218014717102
488115,28,0.09763339906930923,a,2022,Freiburg,Borussia M.Gladbach,Marcus Thuram,2022-09-11 15:30:00,0,0,0,0,False,0,0,0.5416539143770933
488121,57,0.06670569628477097,a,2022,Freiburg,Borussia M.Gladbach,Marcus Thuram,2022-09-11 15:30:00,0,0,0,0,False,0,0,0.6392873134464025
488130,80,0.050439998507499695,a,2022,Freiburg,Borussia M.Gladbach,Marcus Thuram,2022-09-11 15:30:00,0,0,0,0,False,0,0,0.7059930097311735
488131,83,0.0259505994617939,a,2022,Freiburg,Borussia M.Gladbach,Marcus Thuram,2022-09-11 15:30:00,0,0,0,0,False,0,0,0.7564330082386732
488877,9,0.03535100072622299,h,2022,Borussia M.Gladbach,RasenBallsport Leipzig,Marcus Thuram,2022-09-17 16:30:00,0,0,0,0,False,0,0,0.0
488899,60,0.12982399761676788,h,2022,Borussia M.Gladbach,RasenBallsport Leipzig,Marcus Thuram,2022-09-17 16:30:00,0,0,0,0,False,3,0,0.03535100072622299
490329,40,0.09374289959669113,a,2022,Werder Bremen,Borussia M.Gladbach,Marcus Thuram,2022-10-01 16:30:00,0,0,1,0,False,0,3,0.0
490331,47,0.25762200355529785,a,2022,Werder Bremen,Borussia M.Gladbach,Marcus Thuram,2022-10-01 16:30:00,0,0,1,0,False,0,3,0.09374289959669113
490336,62,0.8068919777870178,a,2022,Werder Bremen,Borussia M.Gladbach,Marcus Thuram,2022-10-01 16:30:00,0,0,0,0,True,0,3,0.351364903151989
492212,9,0.0754890963435173,h,2022,Borussia M.Gladbach,FC Cologne,Marcus Thuram,2022-10-09 13:30:00,0,0,1,0,False,0,0,0.0
492217,34,0.029440799728035927,h,2022,Borussia M.Gladbach,FC Cologne,Marcus Thuram,2022-10-09 13:30:00,0,0,1,0,False,1,1,0.0754890963435173
492220,52,0.5384299755096436,h,2022,Borussia M.Gladbach,FC Cologne,Marcus Thuram,2022-10-09 13:30:00,0,0,1,0,False,3,1,0.10492989607155323
492222,56,0.08811129629611969,h,2022,Borussia M.Gladbach,FC Cologne,Marcus Thuram,2022-10-09 13:30:00,0,0,1,0,False,3,1,0.6433598715811968
492228,90,0.1418280005455017,h,2022,Borussia M.Gladbach,FC Cologne,Marcus Thuram,2022-10-09 13:30:00,0,0,0,0,True,4,2,0.7314711678773165
492999,12,0.03345249965786934,a,2022,Wolfsburg,Borussia M.Gladbach,Marcus Thuram,2022-10-15 13:30:00,0,0,1,0,True,0,0,0.0
493006,45,0.29501500725746155,a,2022,Wolfsburg,Borussia M.Gladbach,Marcus Thuram,2022-10-15 13:30:00,1,0,1,0,False,1,1,0.03345249965786934
493009,46,0.11625699698925018,a,2022,Wolfsburg,Borussia M.Gladbach,Marcus Thuram,2022-10-15 13:30:00,1,0,0,0,True,1,1,0.3284675069153309
493008,46,0.060524601489305496,a,2022,Wolfsburg,Borussia M.Gladbach,Marcus Thuram,2022-10-15 13:30:00,1,0,0,0,False,1,1,0.44472450390458107
493011,54,0.12127599865198135,a,2022,Wolfsburg,Borussia M.Gladbach,Marcus Thuram,2022-10-15 13:30:00,1,0,0,0,False,2,1,0.5052491053938866
495187,8,0.5448179841041565,h,2022,Borussia M.Gladbach,Eintracht Frankfurt,Marcus Thuram,2022-10-22 16:30:00,0,0,1,0,False,0,1,0.0
495197,35,0.07810059934854507,h,2022,Borussia M.Gladbach,Eintracht Frankfurt,Marcus Thuram,2022-10-22 16:30:00,0,0,1,0,False,0,2,0.5448179841041565
495202,71,0.3088099956512451,h,2022,Borussia M.Gladbach,Eintracht Frankfurt,Marcus Thuram,2022-10-22 16:30:00,0,0,0,0,True,0,3,0.6229185834527016
497264,27,0.10322800278663635,a,2022,Union Berlin,Borussia M.Gladbach,Marcus Thuram,2022-10-30 14:30:00,0,0,0,0,False,0,0,0.0
497267,34,0.31113600730895996,a,2022,Union Berlin,Borussia M.Gladbach,Marcus Thuram,2022-10-30 14:30:00,0,0,0,0,False,1,0,0.10322800278663635
497269,45,0.11094599962234497,a,2022,Union Berlin,Borussia M.Gladbach,Marcus Thuram,2022-10-30 14:30:00,0,0,0,0,False,1,0,0.4143640100955963
497652,24,0.37407299876213074,h,2022,Borussia M.Gladbach,VfB Stuttgart,Marcus Thuram,2022-11-04 18:30:00,0,0,0,0,True,1,0,0.0
497662,64,0.07545319944620132,h,2022,Borussia M.Gladbach,VfB Stuttgart,Marcus Thuram,2022-11-04 18:30:00,1,0,0,0,False,2,1,0.37407299876213074
497664,69,0.09164729714393616,h,2022,Borussia M.Gladbach,VfB Stuttgart,Marcus Thuram,2022-11-04 18:30:00,1,0,0,0,False,2,1,0.44952619820833206
499147,15,0.05730380117893219,a,2022,Bochum,Borussia M.Gladbach,Marcus Thuram,2022-11-08 19:30:00,0,0,0,0,False,0,2,0.0
499154,44,0.12257999926805496,a,2022,Bochum,Borussia M.Gladbach,Marcus Thuram,2022-11-08 19:30:00,0,0,0,0,False,0,2,0.05730380117893219
499750,29,0.5957220196723938,h,2022,Borussia M.Gladbach,Borussia Dortmund,Marcus Thuram,2022-11-11 19:30:00,0,0,0,0,True,2,1,0.0
499761,51,0.3940899968147278,h,2022,Borussia M.Gladbach,Borussia Dortmund,Marcus Thuram,2022-11-11 19:30:00,1,0,0,0,False,4,2,0.5957220196723938
499765,58,0.11309800297021866,h,2022,Borussia M.Gladbach,Borussia Dortmund,Marcus Thuram,2022-11-11 19:30:00,1,0,0,0,False,4,2,0.9898120164871216
499769,75,0.4536780118942261,h,2022,Borussia M.Gladbach,Borussia Dortmund,Marcus Thuram,2022-11-11 19:30:00,1,0,0,0,False,4,2,1.1029100194573402
505494,17,0.04208419844508171,a,2022,Augsburg,Borussia M.Gladbach,Marcus Thuram,2023-01-25 19:30:00,0,0,0,0,False,0,0,0.0
505500,39,0.3238779902458191,a,2022,Augsburg,Borussia M.Gladbach,Marcus Thuram,2023-01-25 19:30:00,0,0,0,0,False,0,0,0.04208419844508171
507356,42,0.09045679867267609,h,2022,Borussia M.Gladbach,Schalke 04,Marcus Thuram,2023-02-04 17:30:00,0,0,0,0,False,0,0,0.0
507359,47,0.016738099977374077,h,2022,Borussia M.Gladbach,Schalke 04,Marcus Thuram,2023-02-04 17:30:00,0,0,0,0,False,0,0,0.09045679867267609
507363,61,0.04568510130047798,h,2022,Borussia M.Gladbach,Schalke 04,Marcus Thuram,2023-02-04 17:30:00,0,0,0,0,False,0,0,0.10719489865005016
508953,7,0.04668889939785004,a,2022,Hertha Berlin,Borussia M.Gladbach,Marcus Thuram,2023-02-12 14:30:00,0,0,0,0,False,0,0,0.0
508975,86,0.08163650333881378,a,2022,Hertha Berlin,Borussia M.Gladbach,Marcus Thuram,2023-02-12 14:30:00,0,0,0,0,False,1,2,0.04668889939785004
509606,83,0.5932859778404236,h,2022,Borussia M.Gladbach,Bayern Munich,Marcus Thuram,2023-02-18 14:30:00,0,0,0,0,True,2,1,0.0
510608,68,0.25539401173591614,a,2022,Mainz 05,Borussia M.Gladbach,Marcus Thuram,2023-02-24 19:30:00,0,0,0,0,False,0,2,0.0
512000,7,0.07555969804525375,h,2022,Borussia M.Gladbach,Freiburg,Marcus Thuram,2023-03-04 14:30:00,0,0,0,0,False,0,0,0.0
512005,37,0.023354800418019295,h,2022,Borussia M.Gladbach,Freiburg,Marcus Thuram,2023-03-04 14:30:00,0,0,0,0,False,0,0,0.07555969804525375
513410,9,0.30421900749206543,a,2022,RasenBallsport Leipzig,Borussia M.Gladbach,Marcus Thuram,2023-03-11 14:30:00,0,0,0,0,False,0,0,0.0
513413,14,0.06765999644994736,a,2022,RasenBallsport Leipzig,Borussia M.Gladbach,Marcus Thuram,2023-03-11 14:30:00,0,0,0,0,False,0,0,0.30421900749206543
513416,32,0.11437699943780899,a,2022,RasenBallsport Leipzig,Borussia M.Gladbach,Marcus Thuram,2023-03-11 14:30:00,0,0,0,0,False,0,0,0.3718790039420128
514583,21,0.3903599977493286,h,2022,Borussia M.Gladbach,Werder Bremen,Marcus Thuram,2023-03-17 19:30:00,0,0,1,0,False,0,0,0.0
514588,41,0.5210440158843994,h,2022,Borussia M.Gladbach,Werder Bremen,Marcus Thuram,2023-03-17 19:30:00,0,0,1,0,False,0,0,0.3903599977493286
514593,47,0.0766180008649826,h,2022,Borussia M.Gladbach,Werder Bremen,Marcus Thuram,2023-03-17 19:30:00,0,0,0,0,True,0,0,0.911404013633728
514598,60,0.3644370138645172,h,2022,Borussia M.Gladbach,Werder Bremen,Marcus Thuram,2023-03-17 19:30:00,1,0,0,0,False,1,0,0.9880220144987106
514603,71,0.03387340158224106,h,2022,Borussia M.Gladbach,Werder Bremen,Marcus Thuram,2023-03-17 19:30:00,1,0,0,0,False,1,1,1.3524590283632278
516994,49,0.10266699641942978,a,2022,FC Cologne,Borussia M.Gladbach,Marcus Thuram,2023-04-02 13:30:00,0,0,0,0,False,0,0,0.0
518656,25,0.028404999524354935,h,2022,Borussia M.Gladbach,Wolfsburg,Marcus Thuram,2023-04-09 13:30:00,0,0,1,0,False,0,0,0.0
518660,37,0.039273701608181,h,2022,Borussia M.Gladbach,Wolfsburg,Marcus Thuram,2023-04-09 13:30:00,0,0,1,0,False,1,0,0.028404999524354935
518666,62,0.6542019844055176,h,2022,Borussia M.Gladbach,Wolfsburg,Marcus Thuram,2023-04-09 13:30:00,0,0,0,0,True,1,0,0.06767870113253593
518669,75,0.40159299969673157,h,2022,Borussia M.Gladbach,Wolfsburg,Marcus Thuram,2023-04-09 13:30:00,1,0,0,0,False,2,0,0.7218806855380535
521732,70,0.11301812529563904,h,2022,Borussia M.Gladbach,Union Berlin,Marcus Thuram,2023-04-23 17:30:00,0,0,0,0,False,0,1,0.0
521734,76,0.057192362844944,h,2022,Borussia M.Gladbach,Union Berlin,Marcus Thuram,2023-04-23 17:30:00,0,0,0,0,False,0,1,0.11301812529563904
521735,82,0.1020958200097084,h,2022,Borussia M.Gladbach,Union Berlin,Marcus Thuram,2023-04-23 17:30:00,0,0,0,0,False,0,1,0.17021048814058304
521736,84,0.03323368355631828,h,2022,Borussia M.Gladbach,Union Berlin,Marcus Thuram,2023-04-23 17:30:00,0,0,0,0,False,0,1,0.27230630815029144
528253,33,0.041947588324546814,a,2022,Bayer Leverkusen,Borussia M.Gladbach,Marcus Thuram,2023-05-21 17:30:00,0,0,0,0,False,0,2,0.0
528260,53,0.0621279776096344,a,2022,Bayer Leverkusen,Borussia M.Gladbach,Marcus Thuram,2023-05-21 17:30:00,0,0,0,0,False,0,2,0.041947588324546814
528267,73,0.035637374967336655,a,2022,Bayer Leverkusen,Borussia M.Gladbach,Marcus Thuram,2023-05-21 17:30:00,0,0,0,0,False,1,2,0.10407556593418121
528269,81,0.009478195570409298,a,2022,Bayer Leverkusen,Borussia M.Gladbach,Marcus Thuram,2023-05-21 17:30:00,0,0,0,0,False,1,2,0.13971294090151787
529081,15,0.11303868889808655,h,2022,Borussia M.Gladbach,Augsburg,Marcus Thuram,2023-05-27 13:30:00,0,0,0,0,False,1,0,0.0
529083,18,0.6551679372787476,h,2022,Borussia M.Gladbach,Augsburg,Marcus Thuram,2023-05-27 13:30:00,0,0,0,0,False,1,0,0.11303868889808655
529086,31,0.08194254338741302,h,2022,Borussia M.Gladbach,Augsburg,Marcus Thuram,2023-05-27 13:30:00,0,0,0,0,False,1,0,0.7682066261768341
484506,23,0.028149999678134918,a,2022,Werder Bremen,Eintracht Frankfurt,Djibril Sow,2022-08-28 15:30:00,0,0,1,0,False,1,2,0.0
484513,47,0.09083029627799988,a,2022,Werder Bremen,Eintracht Frankfurt,Djibril Sow,2022-08-28 15:30:00,0,0,0,0,True,3,2,0.028149999678134918
489980,79,0.008582710288465023,h,2022,Eintracht Frankfurt,Union Berlin,Djibril Sow,2022-10-01 13:30:00,0,0,0,0,False,2,0,0.0
489984,87,0.06278420239686966,h,2022,Eintracht Frankfurt,Union Berlin,Djibril Sow,2022-10-01 13:30:00,0,0,0,0,False,2,0,0.008582710288465023
493065,74,0.03124460019171238,h,2022,Eintracht Frankfurt,Bayer Leverkusen,Djibril Sow,2022-10-15 13:30:00,0,0,0,0,False,4,1,0.0
495189,18,0.011021899990737438,a,2022,Borussia M.Gladbach,Eintracht Frankfurt,Djibril Sow,2022-10-22 16:30:00,0,0,0,0,False,1,0,0.0
496751,90,0.04303000122308731,h,2022,Eintracht Frankfurt,Borussia Dortmund,Djibril Sow,2022-10-29 16:30:00,0,0,0,0,False,1,2,0.0
497956,16,0.02746020071208477,a,2022,Augsburg,Eintracht Frankfurt,Djibril Sow,2022-11-05 14:30:00,0,0,0,0,False,1,1,0.0
497969,80,0.05303540080785751,a,2022,Augsburg,Eintracht Frankfurt,Djibril Sow,2022-11-05 14:30:00,0,0,0,0,False,2,1,0.02746020071208477
499441,5,0.32013601064682007,h,2022,Eintracht Frankfurt,Hoffenheim,Djibril Sow,2022-11-09 19:30:00,0,0,0,0,True,0,0,0.0
505931,16,0.12016800045967102,a,2022,Bayern Munich,Eintracht Frankfurt,Djibril Sow,2023-01-28 17:30:00,0,0,0,0,False,0,0,0.0
505946,73,0.020675599575042725,a,2022,Bayern Munich,Eintracht Frankfurt,Djibril Sow,2023-01-28 17:30:00,0,0,0,0,False,1,1,0.12016800045967102
505947,83,0.06019039824604988,a,2022,Bayern Munich,Eintracht Frankfurt,Djibril Sow,2023-01-28 17:30:00,0,0,0,0,False,1,1,0.14084360003471375
509886,37,0.03849700093269348,h,2022,Eintracht Frankfurt,Werder Bremen,Djibril Sow,2023-02-18 17:30:00,0,0,0,0,False,0,0,0.0
509893,76,0.03538760170340538,h,2022,Eintracht Frankfurt,Werder Bremen,Djibril Sow,2023-02-18 17:30:00,0,0,0,0,False,1,0,0.03849700093269348
509895,84,0.08542519807815552,h,2022,Eintracht Frankfurt,Werder Bremen,Djibril Sow,2023-02-18 17:30:00,0,0,0,0,False,1,0,0.07388460263609886
510769,60,0.2713409960269928,a,2022,RasenBallsport Leipzig,Eintracht Frankfurt,Djibril Sow,2023-02-25 14:30:00,0,0,0,0,True,0,2,0.0
513379,54,0.02772120013833046,h,2022,Eintracht Frankfurt,VfB Stuttgart,Djibril Sow,2023-03-11 14:30:00,0,0,0,0,False,0,0,0.0
515675,90,0.05668490007519722,a,2022,Union Berlin,Eintracht Frankfurt,Djibril Sow,2023-03-19 14:30:00,0,0,0,0,False,0,2,0.0
515982,48,0.023173099383711815,h,2022,Eintracht Frankfurt,Bochum,Djibril Sow,2023-03-31 19:30:00,0,0,0,0,False,1,1,0.0
515990,87,0.053282298147678375,h,2022,Eintracht Frankfurt,Bochum,Djibril Sow,2023-03-31 19:30:00,0,0,0,0,False,1,1,0.023173099383711815
517945,55,0.019808899611234665,a,2022,Bayer Leverkusen,Eintracht Frankfurt,Djibril Sow,2023-04-08 13:30:00,0,0,1,0,False,0,2,0.0
517949,73,0.3222930133342743,a,2022,Bayer Leverkusen,Eintracht Frankfurt,Djibril Sow,2023-04-08 13:30:00,0,0,0,0,True,0,2,0.019808899611234665
519696,22,0.03565410152077675,h,2022,Eintracht Frankfurt,Borussia M.Gladbach,Djibril Sow,2023-04-15 16:30:00,0,0,0,0,False,0,1,0.0
524583,22,0.03632374107837677,a,2022,Hoffenheim,Eintracht Frankfurt,Djibril Sow,2023-05-06 13:30:00,0,0,0,0,False,0,1,0.0
525882,26,0.019444597885012627,h,2022,Eintracht Frankfurt,Mainz 05,Djibril Sow,2023-05-13 13:30:00,0,0,0,0,False,1,0,0.0
525885,33,0.012506617233157158,h,2022,Eintracht Frankfurt,Mainz 05,Djibril Sow,2023-05-13 13:30:00,0,0,0,0,False,1,0,0.019444597885012627
525900,79,0.029862577095627785,h,2022,Eintracht Frankfurt,Mainz 05,Djibril Sow,2023-05-13 13:30:00,0,0,0,0,False,3,0,0.031951215118169785
506952,28,0.07282239943742752,a,2022,Bochum,Hoffenheim,John Brooks,2023-02-04 14:30:00,0,0,0,0,False,0,1,0.0
514917,21,0.05414630100131035,h,2022,Hoffenheim,Hertha Berlin,John Brooks,2023-03-18 14:30:00,0,0,0,0,False,0,0,0.0
514925,40,0.01248169969767332,h,2022,Hoffenheim,Hertha Berlin,John Brooks,2023-03-18 14:30:00,0,0,0,0,False,2,0,0.05414630100131035
520799,44,0.010952542535960674,h,2022,Hoffenheim,FC Cologne,John Brooks,2023-04-22 13:30:00,0,0,0,0,False,0,2,0.0
525837,40,0.10304133594036102,a,2022,Wolfsburg,Hoffenheim,John Brooks,2023-05-13 13:30:00,0,0,0,0,False,0,1,0.0
525839,49,0.05244658142328262,a,2022,Wolfsburg,Hoffenheim,John Brooks,2023-05-13 13:30:00,0,0,0,0,False,0,1,0.10304133594036102
525848,88,0.059496816247701645,a,2022,Wolfsburg,Hoffenheim,John Brooks,2023-05-13 13:30:00,0,0,0,0,False,0,2,0.15548791736364365
490914,82,0.27511000633239746,h,2022,Schalke 04,Augsburg,Mehmet Can Aydin,2022-10-02 15:30:00,0,0,0,0,False,2,3,0.0
490918,95,0.044260699301958084,h,2022,Schalke 04,Augsburg,Mehmet Can Aydin,2022-10-02 15:30:00,0,0,0,0,False,2,3,0.27511000633239746
495758,67,0.014452099800109863,a,2022,Hertha Berlin,Schalke 04,Mehmet Can Aydin,2022-10-23 15:30:00,0,0,0,0,False,0,1,0.0
505320,56,0.01136349979788065,h,2022,Schalke 04,RasenBallsport Leipzig,Mehmet Can Aydin,2023-01-24 17:30:00,0,0,0,0,False,1,4,0.0
505324,62,0.013095700182020664,h,2022,Schalke 04,RasenBallsport Leipzig,Mehmet Can Aydin,2023-01-24 17:30:00,0,0,0,0,False,1,4,0.01136349979788065
480900,12,0.01348629966378212,h,2022,Mainz 05,Union Berlin,Silvan Widmer,2022-08-14 13:30:00,0,0,0,0,False,0,0,0.0
481759,63,0.2975269854068756,a,2022,Augsburg,Mainz 05,Silvan Widmer,2022-08-20 13:30:00,0,0,0,0,False,1,1,0.0
483536,18,0.4464170038700104,h,2022,Mainz 05,Bayer Leverkusen,Silvan Widmer,2022-08-27 13:30:00,0,0,0,0,False,0,0,0.0
483552,81,0.04318929836153984,h,2022,Mainz 05,Bayer Leverkusen,Silvan Widmer,2022-08-27 13:30:00,0,0,0,0,False,0,3,0.4464170038700104
483553,87,0.027541400864720345,h,2022,Mainz 05,Bayer Leverkusen,Silvan Widmer,2022-08-27 13:30:00,0,0,0,0,False,0,3,0.4896063022315502
483556,89,0.06403370201587677,h,2022,Mainz 05,Bayer Leverkusen,Silvan Widmer,2022-08-27 13:30:00,0,0,0,0,False,0,3,0.5171477030962706
483557,94,0.060198698192834854,h,2022,Mainz 05,Bayer Leverkusen,Silvan Widmer,2022-08-27 13:30:00,0,0,0,0,False,0,3,0.5811814051121473
486705,5,0.1022230014204979,a,2022,Borussia M.Gladbach,Mainz 05,Silvan Widmer,2022-09-04 15:30:00,0,0,0,0,False,0,0,0.0
486706,6,0.02362079918384552,a,2022,Borussia M.Gladbach,Mainz 05,Silvan Widmer,2022-09-04 15:30:00,0,0,0,0,False,0,0,0.1022230014204979
490046,91,0.41680899262428284,a,2022,Freiburg,Mainz 05,Silvan Widmer,2022-10-01 13:30:00,0,0,0,0,False,1,2,0.0
496414,12,0.04716639965772629,a,2022,Bayern Munich,Mainz 05,Silvan Widmer,2022-10-29 13:30:00,0,0,1,0,False,0,1,0.0
496427,48,0.018270200118422508,a,2022,Bayern Munich,Mainz 05,Silvan Widmer,2022-10-29 13:30:00,0,0,0,0,True,0,3,0.04716639965772629
496428,48,0.36620399355888367,a,2022,Bayern Munich,Mainz 05,Silvan Widmer,2022-10-29 13:30:00,1,0,0,0,False,1,3,0.0654365997761488
498011,36,0.06702180206775665,h,2022,Mainz 05,Wolfsburg,Silvan Widmer,2022-11-05 14:30:00,0,0,0,0,False,0,1,0.0
500726,51,0.10105200111865997,h,2022,Mainz 05,Eintracht Frankfurt,Silvan Widmer,2022-11-13 14:30:00,0,0,0,0,False,1,0,0.0
504524,73,0.07110340148210526,a,2022,VfB Stuttgart,Mainz 05,Silvan Widmer,2023-01-21 14:30:00,0,0,0,0,False,1,1,0.0
504525,84,0.012386700138449669,a,2022,VfB Stuttgart,Mainz 05,Silvan Widmer,2023-01-21 14:30:00,0,0,0,0,False,1,1,0.07110340148210526
505765,17,0.504833996295929,h,2022,Mainz 05,Bochum,Silvan Widmer,2023-01-28 14:30:00,0,0,0,0,True,1,0,0.0
510611,86,0.012207799591124058,h,2022,Mainz 05,Borussia M.Gladbach,Silvan Widmer,2023-02-24 19:30:00,0,0,0,0,False,3,0,0.0
523467,61,0.040111009031534195,a,2022,Wolfsburg,Mainz 05,Silvan Widmer,2023-04-30 15:30:00,0,0,0,0,False,0,3,0.0
496368,79,0.043714601546525955,h,2022,Wolfsburg,Bochum,Jonas Wind,2022-10-29 13:30:00,0,0,0,0,True,3,0,0.0
499002,29,0.12579600512981415,h,2022,Wolfsburg,Borussia Dortmund,Jonas Wind,2022-11-08 17:30:00,0,0,0,0,False,1,0,0.0
499003,30,0.13916300237178802,h,2022,Wolfsburg,Borussia Dortmund,Jonas Wind,2022-11-08 17:30:00,0,0,0,0,False,1,0,0.12579600512981415
499015,58,0.04220300167798996,h,2022,Wolfsburg,Borussia Dortmund,Jonas Wind,2022-11-08 17:30:00,0,0,0,0,False,1,0,0.2649590075016022
499016,60,0.10899099707603455,h,2022,Wolfsburg,Borussia Dortmund,Jonas Wind,2022-11-08 17:30:00,0,0,0,0,False,1,0,0.30716200917959213
499017,61,0.043351899832487106,h,2022,Wolfsburg,Borussia Dortmund,Jonas Wind,2022-11-08 17:30:00,0,0,0,0,False,1,0,0.4161530062556267
504484,27,0.3887160122394562,h,2022,Wolfsburg,Freiburg,Jonas Wind,2023-01-21 14:30:00,0,0,1,0,True,1,0,0.0
504488,36,0.47297900915145874,h,2022,Wolfsburg,Freiburg,Jonas Wind,2023-01-21 14:30:00,1,0,0,0,True,2,0,0.3887160122394562
505334,0,0.05648450180888176,a,2022,Hertha Berlin,Wolfsburg,Jonas Wind,2023-01-24 19:30:00,0,0,1,0,False,0,0,0.0
505343,33,0.3713200092315674,a,2022,Hertha Berlin,Wolfsburg,Jonas Wind,2023-01-24 19:30:00,0,0,0,0,True,2,0,0.05648450180888176
507771,2,0.02833940088748932,h,2022,Wolfsburg,Bayern Munich,Jonas Wind,2023-02-05 16:30:00,0,0,0,0,False,0,0,0.0
507789,49,0.01306269969791174,h,2022,Wolfsburg,Bayern Munich,Jonas Wind,2023-02-05 16:30:00,0,0,0,0,False,1,3,0.02833940088748932
508099,45,0.1210549995303154,a,2022,Schalke 04,Wolfsburg,Jonas Wind,2023-02-10 19:30:00,0,0,0,0,False,0,0,0.0
508110,77,0.05359179899096489,a,2022,Schalke 04,Wolfsburg,Jonas Wind,2023-02-10 19:30:00,0,0,0,0,False,0,0,0.1210549995303154
508112,79,0.027637600898742676,a,2022,Schalke 04,Wolfsburg,Jonas Wind,2023-02-10 19:30:00,0,0,0,0,False,0,0,0.1746467985212803
514351,2,0.09275030344724655,h,2022,Wolfsburg,Union Berlin,Jonas Wind,2023-03-12 18:30:00,0,0,0,0,False,0,0,0.0
514360,31,0.05477429926395416,h,2022,Wolfsburg,Union Berlin,Jonas Wind,2023-03-12 18:30:00,0,0,0,0,False,0,0,0.09275030344724655
514362,47,0.0560126006603241,h,2022,Wolfsburg,Union Berlin,Jonas Wind,2023-03-12 18:30:00,0,0,0,0,False,0,0,0.14752460271120071
516229,72,0.060626499354839325,h,2022,Wolfsburg,Augsburg,Jonas Wind,2023-04-01 13:30:00,0,0,0,0,False,0,1,0.0
516236,89,0.11379499733448029,h,2022,Wolfsburg,Augsburg,Jonas Wind,2023-04-01 13:30:00,0,0,0,0,False,1,1,0.060626499354839325
518670,79,0.06783240288496017,a,2022,Borussia M.Gladbach,Wolfsburg,Jonas Wind,2023-04-09 13:30:00,0,0,0,0,False,0,2,0.0
520780,76,0.75777667760849,a,2022,Bochum,Wolfsburg,Jonas Wind,2023-04-22 13:30:00,0,0,0,0,False,4,1,0.0
523456,4,0.4581301808357239,h,2022,Wolfsburg,Mainz 05,Jonas Wind,2023-04-30 15:30:00,0,0,1,0,True,0,0,0.0
523461,27,0.1030665934085846,h,2022,Wolfsburg,Mainz 05,Jonas Wind,2023-04-30 15:30:00,1,0,0,0,True,2,0,0.4581301808357239
525840,51,0.050467394292354584,h,2022,Wolfsburg,Hoffenheim,Jonas Wind,2023-05-13 13:30:00,0,0,0,0,False,1,0,0.0
527052,50,0.04125145822763443,a,2022,Freiburg,Wolfsburg,Jonas Wind,2023-05-19 18:30:00,0,0,0,0,False,0,0,0.0
527060,77,0.11155880242586136,a,2022,Freiburg,Wolfsburg,Jonas Wind,2023-05-19 18:30:00,0,0,0,0,False,0,2,0.04125145822763443
529053,8,0.04564227536320686,h,2022,Wolfsburg,Hertha Berlin,Jonas Wind,2023-05-27 13:30:00,0,0,0,0,False,1,0,0.0
529054,14,0.1376582831144333,h,2022,Wolfsburg,Hertha Berlin,Jonas Wind,2023-05-27 13:30:00,0,0,0,0,False,1,0,0.04564227536320686
529055,17,0.9608704447746277,h,2022,Wolfsburg,Hertha Berlin,Jonas Wind,2023-05-27 13:30:00,0,0,0,0,False,1,0,0.18330055847764015
497281,96,0.4289819896221161,h,2022,Union Berlin,Borussia M.Gladbach,Danilho Doekhi,2022-10-30 14:30:00,0,0,0,0,True,1,1,0.0
504576,72,0.04751500114798546,h,2022,Union Berlin,Hoffenheim,Danilho Doekhi,2023-01-21 14:30:00,0,0,1,0,True,0,1,0.0
504580,88,0.569582998752594,h,2022,Union Berlin,Hoffenheim,Danilho Doekhi,2023-01-21 14:30:00,1,0,0,0,True,1,1,0.04751500114798546
505699,38,0.06996989995241165,a,2022,Hertha Berlin,Union Berlin,Danilho Doekhi,2023-01-28 14:30:00,0,0,1,0,False,0,0,0.0
505701,43,0.04680290073156357,a,2022,Hertha Berlin,Union Berlin,Danilho Doekhi,2023-01-28 14:30:00,0,0,0,0,True,0,0,0.06996989995241165
510259,22,0.07837600260972977,h,2022,Union Berlin,Schalke 04,Danilho Doekhi,2023-02-19 14:30:00,0,0,0,0,False,0,0,0.0
510266,71,0.016478000208735466,h,2022,Union Berlin,Schalke 04,Danilho Doekhi,2023-02-19 14:30:00,0,0,0,0,False,0,0,0.07837600260972977
520203,1,0.04844769835472107,h,2022,Union Berlin,Bochum,Danilho Doekhi,2023-04-16 15:30:00,0,0,0,0,False,0,0,0.0
520204,4,0.060904599726200104,h,2022,Union Berlin,Bochum,Danilho Doekhi,2023-04-16 15:30:00,0,0,0,0,False,0,0,0.04844769835472107
521731,67,0.028340788558125496,a,2022,Borussia M.Gladbach,Union Berlin,Danilho Doekhi,2023-04-23 17:30:00,0,0,0,0,False,1,0,0.0
522622,63,0.0724191665649414,h,2022,Union Berlin,Bayer Leverkusen,Danilho Doekhi,2023-04-29 13:30:00,0,0,0,0,False,0,0,0.0
527396,48,0.08623495697975159,a,2022,Hoffenheim,Union Berlin,Danilho Doekhi,2023-05-20 13:30:00,0,0,0,0,True,0,2,0.0
527405,77,0.059485599398612976,a,2022,Hoffenheim,Union Berlin,Danilho Doekhi,2023-05-20 13:30:00,1,0,0,0,False,1,2,0.08623495697975159
527410,84,0.031553950160741806,a,2022,Hoffenheim,Union Berlin,Danilho Doekhi,2023-05-20 13:30:00,1,0,0,0,False,1,2,0.14572055637836456
529112,38,0.04917368292808533,h,2022,Union Berlin,Werder Bremen,Danilho Doekhi,2023-05-27 13:30:00,0,0,0,0,False,0,0,0.0
529118,64,0.012855913490056992,h,2022,Union Berlin,Werder Bremen,Danilho Doekhi,2023-05-27 13:30:00,0,0,0,0,False,0,0,0.04917368292808533
529119,66,0.04756557196378708,h,2022,Union Berlin,Werder Bremen,Danilho Doekhi,2023-05-27 13:30:00,0,0,0,0,False,0,0,0.06202959641814232
480194,71,0.2925789952278137,h,2022,Hertha Berlin,Eintracht Frankfurt,Stevan Jovetic,2022-08-13 13:30:00,0,0,0,0,False,1,1,0.0
481549,87,0.05053799971938133,a,2022,Borussia M.Gladbach,Hertha Berlin,Stevan Jovetic,2022-08-19 18:30:00,0,0,0,0,False,0,1,0.0
483485,67,0.0941058024764061,h,2022,Hertha Berlin,Borussia Dortmund,Stevan Jovetic,2022-08-27 13:30:00,0,0,0,0,False,0,1,0.0
483490,76,0.012279300019145012,h,2022,Hertha Berlin,Borussia Dortmund,Stevan Jovetic,2022-08-27 13:30:00,0,0,0,0,False,0,1,0.0941058024764061
483499,93,0.020040100440382957,h,2022,Hertha Berlin,Borussia Dortmund,Stevan Jovetic,2022-08-27 13:30:00,0,0,0,0,False,0,1,0.10638510249555111
492594,25,0.09379500150680542,h,2022,Hertha Berlin,Freiburg,Stevan Jovetic,2022-10-09 15:30:00,0,0,0,0,False,0,1,0.0
492600,49,0.006885789800435305,h,2022,Hertha Berlin,Freiburg,Stevan Jovetic,2022-10-09 15:30:00,0,0,0,0,False,1,1,0.09379500150680542
493225,31,0.024440700188279152,a,2022,RasenBallsport Leipzig,Hertha Berlin,Stevan Jovetic,2022-10-15 16:30:00,0,0,1,0,False,0,2,0.0
493226,34,0.03968559950590134,a,2022,RasenBallsport Leipzig,Hertha Berlin,Stevan Jovetic,2022-10-15 16:30:00,0,0,1,0,False,0,2,0.024440700188279152
493236,63,0.0259442999958992,a,2022,RasenBallsport Leipzig,Hertha Berlin,Stevan Jovetic,2022-10-15 16:30:00,0,0,0,0,True,1,3,0.06412629969418049
493238,68,0.07820969820022583,a,2022,RasenBallsport Leipzig,Hertha Berlin,Stevan Jovetic,2022-10-15 16:30:00,1,0,0,0,False,2,3,0.09007059969007969
495755,48,0.06017079949378967,h,2022,Hertha Berlin,Schalke 04,Stevan Jovetic,2022-10-23 15:30:00,0,0,0,0,False,0,0,0.0
512759,63,0.03890959918498993,a,2022,Bayer Leverkusen,Hertha Berlin,Stevan Jovetic,2023-03-05 14:30:00,0,0,0,0,False,0,3,0.0
514933,76,0.07617220282554626,a,2022,Hoffenheim,Hertha Berlin,Stevan Jovetic,2023-03-18 14:30:00,0,0,1,0,False,0,3,0.0
514938,91,0.11666999757289886,a,2022,Hoffenheim,Hertha Berlin,Stevan Jovetic,2023-03-18 14:30:00,0,0,0,0,True,0,3,0.07617220282554626
518326,93,0.04489609971642494,h,2022,Hertha Berlin,RasenBallsport Leipzig,Stevan Jovetic,2023-04-08 16:30:00,0,0,0,0,False,0,1,0.0
519034,8,0.06036350131034851,a,2022,Schalke 04,Hertha Berlin,Stevan Jovetic,2023-04-14 18:30:00,0,0,1,0,False,0,1,0.0
519038,20,0.11353100091218948,a,2022,Schalke 04,Hertha Berlin,Stevan Jovetic,2023-04-14 18:30:00,0,0,1,0,False,0,2,0.06036350131034851
519039,21,0.032739900052547455,a,2022,Schalke 04,Hertha Berlin,Stevan Jovetic,2023-04-14 18:30:00,0,0,1,0,False,0,2,0.173894502222538
519044,47,0.0483148992061615,a,2022,Schalke 04,Hertha Berlin,Stevan Jovetic,2023-04-14 18:30:00,0,0,0,0,True,0,2,0.20663440227508545
525553,32,0.0976034477353096,a,2022,FC Cologne,Hertha Berlin,Stevan Jovetic,2023-05-12 18:30:00,0,0,0,0,True,1,1,0.0
525578,86,0.01633838191628456,a,2022,FC Cologne,Hertha Berlin,Stevan Jovetic,2023-05-12 18:30:00,1,0,0,0,False,2,5,0.0976034477353096
527370,46,0.0500476211309433,h,2022,Hertha Berlin,Bochum,Stevan Jovetic,2023-05-20 13:30:00,0,0,0,0,False,0,0,0.0
527372,48,0.30466827750205994,h,2022,Hertha Berlin,Bochum,Stevan Jovetic,2023-05-20 13:30:00,0,0,0,0,False,0,0,0.0500476211309433
527373,53,0.07385249435901642,h,2022,Hertha Berlin,Bochum,Stevan Jovetic,2023-05-20 13:30:00,0,0,0,0,False,0,0,0.35471589863300323
527384,74,0.03201513737440109,h,2022,Hertha Berlin,Bochum,Stevan Jovetic,2023-05-20 13:30:00,0,0,0,0,False,1,0,0.42856839299201965
527385,79,0.06196381896734238,h,2022,Hertha Berlin,Bochum,Stevan Jovetic,2023-05-20 13:30:00,0,0,0,0,False,1,0,0.46058353036642075
482433,80,0.08224759995937347,h,2022,Eintracht Frankfurt,FC Cologne,Evan Ndicka,2022-08-21 13:30:00,0,0,0,0,False,1,0,0.0
486184,43,0.018160900101065636,h,2022,Eintracht Frankfurt,RasenBallsport Leipzig,Evan Ndicka,2022-09-03 16:30:00,0,0,0,0,False,2,0,0.0
487468,28,0.04833799973130226,h,2022,Eintracht Frankfurt,Wolfsburg,Evan Ndicka,2022-09-10 13:30:00,0,0,0,0,False,0,0,0.0
489968,41,0.08206690102815628,h,2022,Eintracht Frankfurt,Union Berlin,Evan Ndicka,2022-10-01 13:30:00,0,0,0,0,False,1,0,0.0
491449,86,0,a,2022,Bochum,Eintracht Frankfurt,Evan Ndicka,2022-10-08 13:30:00,0,0,0,0,False,0,1,0.0
496727,4,0.1269800066947937,h,2022,Eintracht Frankfurt,Borussia Dortmund,Evan Ndicka,2022-10-29 16:30:00,0,0,0,0,False,0,0,0.0
505941,52,0.08970910310745239,a,2022,Bayern Munich,Eintracht Frankfurt,Evan Ndicka,2023-01-28 17:30:00,0,0,0,0,False,0,1,0.0
505948,83,0.13836699724197388,a,2022,Bayern Munich,Eintracht Frankfurt,Evan Ndicka,2023-01-28 17:30:00,0,0,0,0,False,1,1,0.08970910310745239
509052,45,0.10666300356388092,a,2022,FC Cologne,Eintracht Frankfurt,Evan Ndicka,2023-02-12 16:30:00,0,0,0,0,False,0,0,0.0
509887,38,0.07551340013742447,h,2022,Eintracht Frankfurt,Werder Bremen,Evan Ndicka,2023-02-18 17:30:00,0,0,0,0,False,0,0,0.0
509888,40,0.007687069941312075,h,2022,Eintracht Frankfurt,Werder Bremen,Evan Ndicka,2023-02-18 17:30:00,0,0,0,0,False,0,0,0.07551340013742447
512852,25,0.05282070115208626,a,2022,Wolfsburg,Eintracht Frankfurt,Evan Ndicka,2023-03-05 16:30:00,0,0,0,0,True,1,1,0.0
512865,88,0.3814220130443573,a,2022,Wolfsburg,Eintracht Frankfurt,Evan Ndicka,2023-03-05 16:30:00,1,0,0,0,False,2,2,0.05282070115208626
513383,68,0.06157759949564934,h,2022,Eintracht Frankfurt,VfB Stuttgart,Evan Ndicka,2023-03-11 14:30:00,0,0,0,0,False,1,0,0.0
515671,77,0.009418870322406292,a,2022,Union Berlin,Eintracht Frankfurt,Evan Ndicka,2023-03-19 14:30:00,0,0,0,0,False,0,2,0.0
515981,48,0.10023699700832367,h,2022,Eintracht Frankfurt,Bochum,Evan Ndicka,2023-03-31 19:30:00,0,0,0,0,False,1,1,0.0
525877,8,0.035461921244859695,h,2022,Eintracht Frankfurt,Mainz 05,Evan Ndicka,2023-05-13 13:30:00,0,0,0,0,False,0,0,0.0
525883,29,0.04534338042140007,h,2022,Eintracht Frankfurt,Mainz 05,Evan Ndicka,2023-05-13 13:30:00,0,0,0,0,False,1,0,0.035461921244859695
525890,45,0.04009484127163887,h,2022,Eintracht Frankfurt,Mainz 05,Evan Ndicka,2023-05-13 13:30:00,0,0,0,0,False,2,0,0.08080530166625977
508309,16,0.08425550162792206,h,2022,Bayern Munich,Bochum,João Cancelo,2023-02-11 14:30:00,0,0,0,0,False,0,0,0.0
509603,66,0.019614599645137787,a,2022,Borussia M.Gladbach,Bayern Munich,João Cancelo,2023-02-18 14:30:00,0,0,0,0,False,1,2,0.0
513432,6,0.06518950313329697,h,2022,Bayern Munich,Augsburg,João Cancelo,2023-03-11 14:30:00,0,0,1,0,False,0,1,0.0
513435,14,0.06681019812822342,h,2022,Bayern Munich,Augsburg,João Cancelo,2023-03-11 14:30:00,0,0,0,0,True,0,1,0.06518950313329697
513450,53,0.05647490173578262,h,2022,Bayern Munich,Augsburg,João Cancelo,2023-03-11 14:30:00,1,0,0,0,False,4,1,0.13199970126152039
513455,62,0.059526801109313965,h,2022,Bayern Munich,Augsburg,João Cancelo,2023-03-11 14:30:00,1,0,0,0,False,4,2,0.188474602997303
519357,12,0.01987910084426403,h,2022,Bayern Munich,Hoffenheim,João Cancelo,2023-04-15 13:30:00,0,0,0,0,False,0,0,0.0
519369,64,0.027309900149703026,h,2022,Bayern Munich,Hoffenheim,João Cancelo,2023-04-15 13:30:00,0,0,0,0,False,1,0,0.01987910084426403
520709,32,0.23203498125076294,a,2022,Mainz 05,Bayern Munich,João Cancelo,2023-04-22 13:30:00,0,0,0,0,False,1,0,0.0
523305,0,0.031161468476057053,h,2022,Bayern Munich,Hertha Berlin,João Cancelo,2023-04-30 13:30:00,0,0,0,0,False,0,0,0.0
523307,12,0.04710771143436432,h,2022,Bayern Munich,Hertha Berlin,João Cancelo,2023-04-30 13:30:00,0,0,0,0,False,0,0,0.031161468476057053
523326,75,0.030768059194087982,h,2022,Bayern Munich,Hertha Berlin,João Cancelo,2023-04-30 13:30:00,0,0,0,0,False,1,0,0.07826917991042137
505008,75,0.06102960184216499,a,2022,Borussia Dortmund,Augsburg,Kelvin Yeboah,2023-01-22 14:30:00,0,0,0,0,False,2,3,0.0
505807,71,0.03879430145025253,a,2022,Freiburg,Augsburg,Kelvin Yeboah,2023-01-28 14:30:00,0,0,0,0,False,1,2,0.0
505809,79,0.06944459676742554,a,2022,Freiburg,Augsburg,Kelvin Yeboah,2023-01-28 14:30:00,0,0,0,0,False,1,2,0.03879430145025253
508250,73,0.17073599994182587,a,2022,Mainz 05,Augsburg,Kelvin Yeboah,2023-02-11 14:30:00,0,0,0,0,False,1,3,0.0
508253,82,0.040240101516246796,a,2022,Mainz 05,Augsburg,Kelvin Yeboah,2023-02-11 14:30:00,0,0,0,0,False,1,3,0.17073599994182587
509332,43,0.07172919809818268,h,2022,Augsburg,Hoffenheim,Kelvin Yeboah,2023-02-17 19:30:00,0,0,0,0,False,0,0,0.0
510707,25,0.09719590097665787,a,2022,Hertha Berlin,Augsburg,Kelvin Yeboah,2023-02-25 14:30:00,0,0,0,0,False,0,0,0.0
510708,38,0.010416699573397636,a,2022,Hertha Berlin,Augsburg,Kelvin Yeboah,2023-02-25 14:30:00,0,0,0,0,False,0,0,0.09719590097665787
525827,84,0.6245567202568054,a,2022,Bochum,Augsburg,Kelvin Yeboah,2023-05-13 13:30:00,0,0,0,0,True,1,2,0.0
525828,92,0.02245786041021347,a,2022,Bochum,Augsburg,Kelvin Yeboah,2023-05-13 13:30:00,1,0,0,0,False,2,2,0.6245567202568054
525829,93,0.03612213581800461,a,2022,Bochum,Augsburg,Kelvin Yeboah,2023-05-13 13:30:00,1,0,0,0,False,2,2,0.6470145806670189
529101,79,0.11198551952838898,a,2022,Borussia M.Gladbach,Augsburg,Kelvin Yeboah,2023-05-27 13:30:00,0,0,0,0,False,0,2,0.0
479007,33,0.017621999606490135,h,2022,Eintracht Frankfurt,Bayern Munich,Filip Kostic,2022-08-05 18:30:00,0,0,0,0,False,0,3,0.0
488674,36,0.0765644982457161,h,2022,VfB Stuttgart,Eintracht Frankfurt,Atakan Karazor,2022-09-17 13:30:00,0,0,0,0,False,0,1,0.0
488676,44,0.01865600049495697,h,2022,VfB Stuttgart,Eintracht Frankfurt,Atakan Karazor,2022-09-17 13:30:00,0,0,0,0,False,0,1,0.0765644982457161
509519,62,0.04363140091300011,h,2022,VfB Stuttgart,FC Cologne,Atakan Karazor,2023-02-18 14:30:00,0,0,0,0,False,2,0,0.0
513388,84,0.019139200448989868,a,2022,Eintracht Frankfurt,VfB Stuttgart,Atakan Karazor,2023-03-11 14:30:00,0,0,0,0,False,1,1,0.0
522702,15,0.02277400530874729,h,2022,VfB Stuttgart,Borussia M.Gladbach,Atakan Karazor,2023-04-29 13:30:00,0,0,0,0,False,0,0,0.0
528981,31,0.01872069016098976,h,2022,VfB Stuttgart,Hoffenheim,Atakan Karazor,2023-05-27 13:30:00,0,0,0,0,False,0,0,0.0
479189,23,0.3394069969654083,h,2022,Bochum,Mainz 05,Ivan Ordets,2022-08-06 13:30:00,0,0,0,0,False,0,0,0.0
482531,74,0.008287359960377216,h,2022,Bochum,Bayern Munich,Ivan Ordets,2022-08-21 15:30:00,0,0,0,0,False,0,5,0.0
499157,50,0.04643519967794418,h,2022,Bochum,Borussia M.Gladbach,Ivan Ordets,2022-11-08 19:30:00,0,0,0,0,False,2,0,0.0
500024,36,0.06540229916572571,a,2022,Augsburg,Bochum,Ivan Ordets,2022-11-12 14:30:00,0,0,0,0,False,0,0,0.0
505770,30,0.025322500616312027,a,2022,Mainz 05,Bochum,Ivan Ordets,2023-01-28 14:30:00,0,0,0,0,False,0,3,0.0
505785,84,0.07323840260505676,a,2022,Mainz 05,Bochum,Ivan Ordets,2023-01-28 14:30:00,0,0,0,0,False,2,4,0.025322500616312027
509486,54,0.05564169958233833,h,2022,Bochum,Freiburg,Ivan Ordets,2023-02-18 14:30:00,0,0,0,0,False,0,2,0.0
518782,0,0.00994884967803955,h,2022,Bochum,VfB Stuttgart,Ivan Ordets,2023-04-09 15:30:00,0,0,0,0,False,0,0,0.0
518802,71,0.013279399834573269,h,2022,Bochum,VfB Stuttgart,Ivan Ordets,2023-04-09 15:30:00,0,0,0,0,False,1,3,0.00994884967803955
520212,47,0.03452879935503006,a,2022,Union Berlin,Bochum,Ivan Ordets,2023-04-16 15:30:00,0,0,0,0,False,0,0,0.0
520756,12,0.24231094121932983,h,2022,Bochum,Wolfsburg,Ivan Ordets,2023-04-22 13:30:00,0,0,0,0,False,0,1,0.0
520766,49,0.05590714514255524,h,2022,Bochum,Wolfsburg,Ivan Ordets,2023-04-22 13:30:00,0,0,0,0,False,0,3,0.24231094121932983
520765,49,0.07577387243509293,h,2022,Bochum,Wolfsburg,Ivan Ordets,2023-04-22 13:30:00,0,0,0,0,False,0,3,0.29821808636188507
520775,67,0.4472660720348358,h,2022,Bochum,Wolfsburg,Ivan Ordets,2023-04-22 13:30:00,0,0,0,0,False,0,4,0.373991958796978
520790,88,0.03327864035964012,h,2022,Bochum,Wolfsburg,Ivan Ordets,2023-04-22 13:30:00,0,0,0,0,False,1,5,0.8212580308318138
522474,46,0.060929037630558014,h,2022,Bochum,Borussia Dortmund,Ivan Ordets,2023-04-28 18:30:00,0,0,0,0,False,1,1,0.0
524479,50,0.015180648304522038,a,2022,Borussia M.Gladbach,Bochum,Ivan Ordets,2023-05-06 13:30:00,0,0,0,0,False,0,1,0.0
529011,4,0.013454170897603035,h,2022,Bochum,Bayer Leverkusen,Ivan Ordets,2023-05-27 13:30:00,0,0,0,0,False,0,0,0.0
485787,88,0.41424301266670227,a,2022,Wolfsburg,FC Cologne,Denis Huseinbasic,2022-09-03 13:30:00,0,0,0,0,False,3,2,0.0
489947,73,0.11740300059318542,h,2022,FC Cologne,Borussia Dortmund,Denis Huseinbasic,2022-10-01 13:30:00,0,0,0,0,False,3,1,0.0
492225,82,0.590719997882843,a,2022,Borussia M.Gladbach,FC Cologne,Denis Huseinbasic,2022-10-09 13:30:00,0,0,0,0,True,1,4,0.0
493708,31,0.07922980189323425,h,2022,FC Cologne,Augsburg,Denis Huseinbasic,2022-10-16 13:30:00,0,0,1,0,False,0,1,0.0
493718,60,0.11185099929571152,h,2022,FC Cologne,Augsburg,Denis Huseinbasic,2022-10-16 13:30:00,0,0,0,0,True,1,1,0.07922980189323425
497483,42,0.07910759747028351,h,2022,FC Cologne,Hoffenheim,Denis Huseinbasic,2022-10-30 18:30:00,0,0,0,0,False,1,1,0.0
499273,27,0.044773899018764496,h,2022,FC Cologne,Bayer Leverkusen,Denis Huseinbasic,2022-11-09 17:30:00,0,0,0,0,False,0,0,0.0
504802,35,0.5236790180206299,h,2022,FC Cologne,Werder Bremen,Denis Huseinbasic,2023-01-21 17:30:00,0,0,0,0,True,4,0,0.0
504807,44,0.03974530100822449,h,2022,FC Cologne,Werder Bremen,Denis Huseinbasic,2023-01-21 17:30:00,1,0,0,0,False,5,1,0.5236790180206299
505387,28,0.13157300651073456,a,2022,Bayern Munich,FC Cologne,Denis Huseinbasic,2023-01-24 19:30:00,0,0,0,0,False,1,0,0.0
507036,69,0.06223829835653305,h,2022,FC Cologne,RasenBallsport Leipzig,Denis Huseinbasic,2023-02-04 14:30:00,0,0,0,0,False,0,0,0.0
509049,19,0.3070789873600006,h,2022,FC Cologne,Eintracht Frankfurt,Denis Huseinbasic,2023-02-12 16:30:00,0,0,0,0,False,0,0,0.0
509502,17,0.023420799523591995,a,2022,VfB Stuttgart,FC Cologne,Denis Huseinbasic,2023-02-18 14:30:00,0,0,0,0,False,0,1,0.0
509504,21,0.04071259871125221,a,2022,VfB Stuttgart,FC Cologne,Denis Huseinbasic,2023-02-18 14:30:00,0,0,0,0,False,0,1,0.023420799523591995
522675,82,0.04904257506132126,h,2022,FC Cologne,Freiburg,Denis Huseinbasic,2023-04-29 13:30:00,0,0,0,0,False,0,1,0.0
525577,80,0.5318147540092468,h,2022,FC Cologne,Hertha Berlin,Denis Huseinbasic,2023-05-12 18:30:00,0,0,0,0,True,4,2,0.0
487419,34,0.035954900085926056,h,2022,RasenBallsport Leipzig,Borussia Dortmund,Abdou Diallo,2022-09-10 13:30:00,0,0,0,0,False,1,0,0.0
487424,58,0.06586450338363647,h,2022,RasenBallsport Leipzig,Borussia Dortmund,Abdou Diallo,2022-09-10 13:30:00,0,0,0,0,False,2,0,0.035954900085926056
493223,29,0.01154009997844696,h,2022,RasenBallsport Leipzig,Hertha Berlin,Abdou Diallo,2022-10-15 16:30:00,0,0,0,0,False,1,0,0.0
493240,80,0.057640399783849716,h,2022,RasenBallsport Leipzig,Hertha Berlin,Abdou Diallo,2022-10-15 16:30:00,0,0,0,0,False,3,2,0.01154009997844696
522726,94,0.024247264489531517,a,2022,VfB Stuttgart,Borussia M.Gladbach,Semir Telalovic,2023-04-29 13:30:00,0,0,0,0,False,1,2,0.0
480576,42,0.02892960049211979,h,2022,Schalke 04,Borussia M.Gladbach,Simon Terodde,2022-08-13 16:30:00,0,0,0,0,False,1,0,0.0
481772,47,0.7577769756317139,a,2022,Wolfsburg,Schalke 04,Simon Terodde,2022-08-20 13:30:00,0,0,0,0,False,0,0,0.0
483438,3,0.07962650060653687,h,2022,Schalke 04,Union Berlin,Simon Terodde,2022-08-27 13:30:00,0,0,0,0,False,0,0,0.0
483441,8,0.38599300384521484,h,2022,Schalke 04,Union Berlin,Simon Terodde,2022-08-27 13:30:00,0,0,0,0,False,0,1,0.07962650060653687
483454,64,0.040126699954271317,h,2022,Schalke 04,Union Berlin,Simon Terodde,2022-08-27 13:30:00,0,0,0,0,False,1,4,0.4656195044517517
485795,20,0.3045009970664978,a,2022,VfB Stuttgart,Schalke 04,Simon Terodde,2022-09-03 13:30:00,0,0,0,0,True,0,1,0.0
485799,32,0.05547399818897247,a,2022,VfB Stuttgart,Schalke 04,Simon Terodde,2022-09-03 13:30:00,1,0,0,0,False,1,1,0.3045009970664978
485802,42,0.4836080074310303,a,2022,VfB Stuttgart,Schalke 04,Simon Terodde,2022-09-03 13:30:00,1,0,0,0,False,1,1,0.3599749952554703
487605,6,0.0811896026134491,h,2022,Schalke 04,Bochum,Simon Terodde,2022-09-10 16:30:00,0,0,0,0,False,0,0,0.0
487609,14,0.1151529997587204,h,2022,Schalke 04,Bochum,Simon Terodde,2022-09-10 16:30:00,0,0,0,0,False,0,0,0.0811896026134491
487625,70,0.02545900084078312,h,2022,Schalke 04,Bochum,Simon Terodde,2022-09-10 16:30:00,0,0,0,0,False,1,1,0.1963426023721695
487630,76,0.07062839716672897,h,2022,Schalke 04,Bochum,Simon Terodde,2022-09-10 16:30:00,0,0,0,0,False,1,1,0.2218016032129526
490900,32,0.5648530125617981,h,2022,Schalke 04,Augsburg,Simon Terodde,2022-10-02 15:30:00,0,0,0,0,True,0,2,0.0
490907,59,0.03209330141544342,h,2022,Schalke 04,Augsburg,Simon Terodde,2022-10-02 15:30:00,1,0,0,0,False,1,2,0.5648530125617981
490911,69,0.05778999999165535,h,2022,Schalke 04,Augsburg,Simon Terodde,2022-10-02 15:30:00,1,0,0,0,False,2,2,0.5969463139772415
491544,41,0.06286820024251938,a,2022,Bayer Leverkusen,Schalke 04,Simon Terodde,2022-10-08 13:30:00,0,0,0,0,False,0,2,0.0
491546,53,0.07674030214548111,a,2022,Bayer Leverkusen,Schalke 04,Simon Terodde,2022-10-08 13:30:00,0,0,0,0,False,0,3,0.06286820024251938
492705,24,0.05201119929552078,h,2022,Schalke 04,Hoffenheim,Simon Terodde,2022-10-14 18:30:00,0,0,0,0,False,0,1,0.0
492715,45,0.06766130030155182,h,2022,Schalke 04,Hoffenheim,Simon Terodde,2022-10-14 18:30:00,0,0,0,0,False,0,1,0.05201119929552078
495750,12,0.0858146995306015,a,2022,Hertha Berlin,Schalke 04,Simon Terodde,2022-10-23 15:30:00,0,0,0,0,False,0,0,0.0
497420,78,0.08558789640665054,h,2022,Schalke 04,Freiburg,Simon Terodde,2022-10-30 16:30:00,0,0,0,0,False,0,2,0.0
498204,6,0.01457579992711544,a,2022,Werder Bremen,Schalke 04,Simon Terodde,2022-11-05 17:30:00,0,0,0,0,False,0,0,0.0
498207,18,0.020898599177598953,a,2022,Werder Bremen,Schalke 04,Simon Terodde,2022-11-05 17:30:00,0,0,0,0,False,0,0,0.01457579992711544
498216,37,0.22932499647140503,a,2022,Werder Bremen,Schalke 04,Simon Terodde,2022-11-05 17:30:00,0,0,0,0,False,0,1,0.035474399104714394
499417,9,0.06437599658966064,h,2022,Schalke 04,Mainz 05,Simon Terodde,2022-11-09 19:30:00,0,0,0,0,True,0,0,0.0
499418,13,0.443450003862381,h,2022,Schalke 04,Mainz 05,Simon Terodde,2022-11-09 19:30:00,1,0,0,0,False,1,0,0.06437599658966064
499428,36,0.14916899800300598,h,2022,Schalke 04,Mainz 05,Simon Terodde,2022-11-09 19:30:00,1,0,0,0,False,1,0,0.5078260004520416
504592,27,0.043498799204826355,a,2022,Eintracht Frankfurt,Schalke 04,Simon Terodde,2023-01-21 14:30:00,0,0,0,0,False,0,1,0.0
504603,51,0.0779787003993988,a,2022,Eintracht Frankfurt,Schalke 04,Simon Terodde,2023-01-21 14:30:00,0,0,0,0,False,0,1,0.043498799204826355
504606,53,0.2873010039329529,a,2022,Eintracht Frankfurt,Schalke 04,Simon Terodde,2023-01-21 14:30:00,0,0,0,0,False,0,1,0.12147749960422516
506213,16,0.027223899960517883,h,2022,Schalke 04,FC Cologne,Simon Terodde,2023-01-29 14:30:00,0,0,0,0,False,0,0,0.0
507343,7,0.07953280210494995,a,2022,Borussia M.Gladbach,Schalke 04,Simon Terodde,2023-02-04 17:30:00,0,0,0,0,False,0,0,0.0
507361,51,0.44414401054382324,a,2022,Borussia M.Gladbach,Schalke 04,Simon Terodde,2023-02-04 17:30:00,0,0,0,0,False,0,0,0.07953280210494995
512056,77,0.4064129889011383,a,2022,Bochum,Schalke 04,Simon Terodde,2023-03-04 14:30:00,0,0,0,0,False,0,0,0.0
514873,70,0.3111880123615265,a,2022,Augsburg,Schalke 04,Simon Terodde,2023-03-18 14:30:00,0,0,0,0,False,0,1,0.0
514878,86,0.07094839960336685,a,2022,Augsburg,Schalke 04,Simon Terodde,2023-03-18 14:30:00,0,0,0,0,False,0,1,0.3111880123615265
516202,73,0.01940220035612583,h,2022,Schalke 04,Bayer Leverkusen,Simon Terodde,2023-04-01 13:30:00,0,0,0,0,False,0,2,0.0
519046,47,0.6466169953346252,h,2022,Schalke 04,Hertha Berlin,Simon Terodde,2023-04-14 18:30:00,0,0,0,0,True,2,1,0.0
522896,7,0.07137109339237213,h,2022,Schalke 04,Werder Bremen,Simon Terodde,2023-04-29 16:30:00,0,0,0,0,False,0,0,0.0
522902,33,0.024272840470075607,h,2022,Schalke 04,Werder Bremen,Simon Terodde,2023-04-29 16:30:00,0,0,0,0,False,0,1,0.07137109339237213
522911,54,0.04237666726112366,h,2022,Schalke 04,Werder Bremen,Simon Terodde,2023-04-29 16:30:00,0,0,0,0,False,0,1,0.09564393386244774
522912,55,0.05005641654133797,h,2022,Schalke 04,Werder Bremen,Simon Terodde,2023-04-29 16:30:00,0,0,0,0,False,0,1,0.1380206011235714
524406,43,0.12520749866962433,a,2022,Mainz 05,Schalke 04,Simon Terodde,2023-05-05 18:30:00,0,0,0,0,False,1,0,0.0
527342,0,0.09829847514629364,h,2022,Schalke 04,Eintracht Frankfurt,Simon Terodde,2023-05-20 13:30:00,0,0,0,0,True,0,0,0.0
479429,69,0.012932900339365005,a,2022,Borussia Dortmund,Bayer Leverkusen,Edmond Tapsoba,2022-08-06 16:30:00,0,0,0,0,False,0,1,0.0
488703,27,0.0715034008026123,h,2022,Bayer Leverkusen,Werder Bremen,Edmond Tapsoba,2022-09-17 13:30:00,0,0,0,0,False,0,0,0.0
488725,77,0.10386700183153152,h,2022,Bayer Leverkusen,Werder Bremen,Edmond Tapsoba,2022-09-17 13:30:00,0,0,0,0,False,1,0,0.0715034008026123
499276,44,0.015437199734151363,a,2022,FC Cologne,Bayer Leverkusen,Edmond Tapsoba,2022-11-09 17:30:00,0,0,0,0,False,0,1,0.0
499286,62,0.06265740096569061,a,2022,FC Cologne,Bayer Leverkusen,Edmond Tapsoba,2022-11-09 17:30:00,0,0,0,0,False,0,1,0.015437199734151363
505454,7,0.7577769756317139,h,2022,Bayer Leverkusen,Bochum,Edmond Tapsoba,2023-01-25 19:30:00,0,0,0,0,True,0,0,0.0
506298,47,0.05258660018444061,h,2022,Bayer Leverkusen,Borussia Dortmund,Edmond Tapsoba,2023-01-29 16:30:00,0,0,0,0,False,0,1,0.0
506299,51,0.05586550012230873,h,2022,Bayer Leverkusen,Borussia Dortmund,Edmond Tapsoba,2023-01-29 16:30:00,0,0,0,0,False,0,1,0.05258660018444061
506300,52,0,h,2022,Bayer Leverkusen,Borussia Dortmund,Edmond Tapsoba,2023-01-29 16:30:00,0,0,0,0,False,0,1,0.10845210030674934
508286,11,0.10757800191640854,a,2022,Hoffenheim,Bayer Leverkusen,Edmond Tapsoba,2023-02-11 14:30:00,0,0,0,0,False,1,0,0.0
510436,22,0.7577769756317139,h,2022,Bayer Leverkusen,Mainz 05,Edmond Tapsoba,2023-02-19 18:30:00,0,0,0,0,False,0,0,0.0
510463,90,0.04564879834651947,h,2022,Bayer Leverkusen,Mainz 05,Edmond Tapsoba,2023-02-19 18:30:00,0,0,0,0,False,2,3,0.7577769756317139
512745,9,0.03803630173206329,h,2022,Bayer Leverkusen,Hertha Berlin,Edmond Tapsoba,2023-03-05 14:30:00,0,0,0,0,False,0,0,0.0
512752,25,0.046049099415540695,h,2022,Bayer Leverkusen,Hertha Berlin,Edmond Tapsoba,2023-03-05 14:30:00,0,0,0,0,False,2,0,0.03803630173206329
526602,79,0.3831820487976074,a,2022,VfB Stuttgart,Bayer Leverkusen,Edmond Tapsoba,2023-05-14 13:30:00,0,0,0,0,False,1,1,0.0
528266,71,0.05430636182427406,h,2022,Bayer Leverkusen,Borussia M.Gladbach,Edmond Tapsoba,2023-05-21 17:30:00,0,0,0,0,False,2,1,0.0
485743,52,0.044283200055360794,h,2022,Bochum,Werder Bremen,Vasilios Lampropoulos,2022-09-03 13:30:00,0,0,0,0,False,0,0,0.0
487608,11,0.04709159955382347,a,2022,Schalke 04,Bochum,Vasilios Lampropoulos,2022-09-10 16:30:00,0,0,0,0,False,0,0,0.0
497942,40,0.02401679940521717,a,2022,Borussia Dortmund,Bochum,Vasilios Lampropoulos,2022-11-05 14:30:00,0,0,0,0,False,0,2,0.0
499144,2,0.10187599807977676,h,2022,Bochum,Borussia M.Gladbach,Vasilios Lampropoulos,2022-11-08 19:30:00,0,0,0,0,False,0,0,0.0
505456,11,0.013418599963188171,a,2022,Bayer Leverkusen,Bochum,Vasilios Lampropoulos,2023-01-25 19:30:00,0,0,0,0,False,0,1,0.0
505459,25,0.018888600170612335,a,2022,Bayer Leverkusen,Bochum,Vasilios Lampropoulos,2023-01-25 19:30:00,0,0,0,0,False,0,1,0.013418599963188171
515849,62,0.070107102394104,a,2022,Mainz 05,Freiburg,Manuel Gulde,2023-03-19 18:30:00,0,0,0,0,False,1,0,0.0
525946,55,0.5033037662506104,a,2022,Union Berlin,Freiburg,Manuel Gulde,2023-05-13 13:30:00,0,0,0,0,True,0,3,0.0
485756,89,0.021950699388980865,h,2022,Bochum,Werder Bremen,Patrick Osterhage,2022-09-03 13:30:00,0,0,0,0,False,0,1,0.0
497949,82,0.031220100820064545,a,2022,Borussia Dortmund,Bochum,Patrick Osterhage,2022-11-05 14:30:00,0,0,0,0,False,0,3,0.0
513135,54,0.027579400688409805,a,2022,FC Cologne,Bochum,Patrick Osterhage,2023-03-10 19:30:00,0,0,0,0,False,1,0,0.0
514898,65,0.09269420057535172,h,2022,Bochum,RasenBallsport Leipzig,Patrick Osterhage,2023-03-18 14:30:00,0,0,0,0,False,1,0,0.0
520211,45,0.016160400584340096,a,2022,Union Berlin,Bochum,Patrick Osterhage,2023-04-16 15:30:00,0,0,0,0,False,0,0,0.0
522478,60,0.054741378873586655,h,2022,Bochum,Borussia Dortmund,Patrick Osterhage,2023-04-28 18:30:00,0,0,0,0,False,1,1,0.0
481057,92,0.015021299943327904,a,2022,Bayern Munich,Wolfsburg,Felix Nmecha,2022-08-14 15:30:00,0,0,0,0,False,0,2,0.0
489407,85,0.019317500293254852,a,2022,Union Berlin,Wolfsburg,Felix Nmecha,2022-09-18 13:30:00,0,0,0,0,False,0,2,0.0
491496,48,0.12104500085115433,a,2022,Augsburg,Wolfsburg,Felix Nmecha,2022-10-08 13:30:00,0,0,0,0,False,1,0,0.0
491497,48,0.5838419795036316,a,2022,Augsburg,Wolfsburg,Felix Nmecha,2022-10-08 13:30:00,0,0,0,0,False,1,0,0.12104500085115433
493014,66,0.0828292965888977,h,2022,Wolfsburg,Borussia M.Gladbach,Felix Nmecha,2022-10-15 13:30:00,0,0,0,0,False,1,2,0.0
494972,38,0.04715979844331741,a,2022,Bayer Leverkusen,Wolfsburg,Felix Nmecha,2022-10-22 13:30:00,0,0,0,0,False,0,1,0.0
494984,80,0.0718822032213211,a,2022,Bayer Leverkusen,Wolfsburg,Felix Nmecha,2022-10-22 13:30:00,0,0,0,0,False,1,2,0.04715979844331741
496344,16,0.03533810004591942,h,2022,Wolfsburg,Bochum,Felix Nmecha,2022-10-29 13:30:00,0,0,1,0,False,0,0,0.0
496345,20,0.07769139856100082,h,2022,Wolfsburg,Bochum,Felix Nmecha,2022-10-29 13:30:00,0,0,1,0,False,0,0,0.03533810004591942
496347,26,0.3707759976387024,h,2022,Wolfsburg,Bochum,Felix Nmecha,2022-10-29 13:30:00,0,0,1,0,True,0,0,0.11302949860692024
496357,50,0.05391610041260719,h,2022,Wolfsburg,Bochum,Felix Nmecha,2022-10-29 13:30:00,1,0,1,0,False,2,0,0.48380549624562263
496359,57,0.38375601172447205,h,2022,Wolfsburg,Bochum,Felix Nmecha,2022-10-29 13:30:00,1,0,0,0,True,2,0,0.5377215966582298
498017,57,0.06868740171194077,a,2022,Mainz 05,Wolfsburg,Felix Nmecha,2022-11-05 14:30:00,0,0,0,0,False,1,0,0.0
498993,3,0.010645000264048576,h,2022,Wolfsburg,Borussia Dortmund,Felix Nmecha,2022-11-08 17:30:00,0,0,0,0,False,0,0,0.0
499018,61,0.12075600028038025,h,2022,Wolfsburg,Borussia Dortmund,Felix Nmecha,2022-11-08 17:30:00,0,0,0,0,False,1,0,0.010645000264048576
500055,39,0.3224320113658905,a,2022,Hoffenheim,Wolfsburg,Felix Nmecha,2022-11-12 14:30:00,0,0,0,0,False,0,0,0.0
507792,56,0.0823478028178215,h,2022,Wolfsburg,Bayern Munich,Felix Nmecha,2023-02-05 16:30:00,0,0,0,0,False,1,3,0.0
507798,78,0.011601200327277184,h,2022,Wolfsburg,Bayern Munich,Felix Nmecha,2023-02-05 16:30:00,0,0,0,0,False,1,4,0.0823478028178215
508108,72,0.06882580369710922,a,2022,Schalke 04,Wolfsburg,Felix Nmecha,2023-02-10 19:30:00,0,0,0,0,False,0,0,0.0
509538,49,0.05490339919924736,h,2022,Wolfsburg,RasenBallsport Leipzig,Felix Nmecha,2023-02-18 14:30:00,0,0,0,0,False,0,1,0.0
514843,30,0.034828998148441315,a,2022,VfB Stuttgart,Wolfsburg,Felix Nmecha,2023-03-18 14:30:00,0,0,0,0,False,0,0,0.0
514846,43,0.02106340043246746,a,2022,VfB Stuttgart,Wolfsburg,Felix Nmecha,2023-03-18 14:30:00,0,0,0,0,False,0,0,0.034828998148441315
516226,57,0.012574399821460247,h,2022,Wolfsburg,Augsburg,Felix Nmecha,2023-04-01 13:30:00,0,0,1,0,False,0,1,0.0
516238,95,0.0643841028213501,h,2022,Wolfsburg,Augsburg,Felix Nmecha,2023-04-01 13:30:00,0,0,0,0,True,1,1,0.012574399821460247
518665,58,0.011913799680769444,a,2022,Borussia M.Gladbach,Wolfsburg,Felix Nmecha,2023-04-09 13:30:00,0,0,0,0,False,0,1,0.0
518673,92,0.026314599439501762,a,2022,Borussia M.Gladbach,Wolfsburg,Felix Nmecha,2023-04-09 13:30:00,0,0,0,0,False,0,2,0.011913799680769444
520306,46,0.017368199303746223,h,2022,Wolfsburg,Bayer Leverkusen,Felix Nmecha,2023-04-16 17:30:00,0,0,0,0,False,0,0,0.0
520763,39,0.04296446591615677,a,2022,Bochum,Wolfsburg,Felix Nmecha,2023-04-22 13:30:00,0,0,0,0,False,3,0,0.0
520764,46,0.09779404103755951,a,2022,Bochum,Wolfsburg,Felix Nmecha,2023-04-22 13:30:00,0,0,0,0,False,3,0,0.04296446591615677
520789,87,0.035752926021814346,a,2022,Bochum,Wolfsburg,Felix Nmecha,2023-04-22 13:30:00,0,0,0,0,False,5,1,0.14075850695371628
525189,65,0.020692890509963036,a,2022,Borussia Dortmund,Wolfsburg,Felix Nmecha,2023-05-07 15:30:00,0,0,0,0,False,0,5,0.0
525842,51,0.03427327051758766,h,2022,Wolfsburg,Hoffenheim,Felix Nmecha,2023-05-13 13:30:00,0,0,0,0,False,1,0,0.0
525844,65,0.018065450713038445,h,2022,Wolfsburg,Hoffenheim,Felix Nmecha,2023-05-13 13:30:00,0,0,0,0,False,1,0,0.03427327051758766
527045,17,0.06199321895837784,a,2022,Freiburg,Wolfsburg,Felix Nmecha,2023-05-19 18:30:00,0,0,0,0,False,0,0,0.0
527051,48,0.029280906543135643,a,2022,Freiburg,Wolfsburg,Felix Nmecha,2023-05-19 18:30:00,0,0,0,0,False,0,0,0.06199321895837784
527056,68,0.02136414870619774,a,2022,Freiburg,Wolfsburg,Felix Nmecha,2023-05-19 18:30:00,0,0,0,0,False,0,0,0.09127412550151348
529056,22,0.021265476942062378,h,2022,Wolfsburg,Hertha Berlin,Felix Nmecha,2023-05-27 13:30:00,0,0,0,0,False,1,0,0.0
479178,67,0.28227999806404114,h,2022,Wolfsburg,Werder Bremen,Jakub Kaminski,2022-08-06 13:30:00,0,0,0,0,False,1,2,0.0
479179,71,0.024784699082374573,h,2022,Wolfsburg,Werder Bremen,Jakub Kaminski,2022-08-06 13:30:00,0,0,0,0,False,1,2,0.28227999806404114
481778,54,0.09369020164012909,h,2022,Wolfsburg,Schalke 04,Jakub Kaminski,2022-08-20 13:30:00,0,0,0,0,False,0,0,0.0
481784,68,0.05144939944148064,h,2022,Wolfsburg,Schalke 04,Jakub Kaminski,2022-08-20 13:30:00,0,0,0,0,False,0,0,0.09369020164012909
490009,73,0.06683839857578278,h,2022,Wolfsburg,VfB Stuttgart,Jakub Kaminski,2022-10-01 13:30:00,0,0,0,0,False,2,2,0.0
493003,36,0.44532498717308044,h,2022,Wolfsburg,Borussia M.Gladbach,Jakub Kaminski,2022-10-15 13:30:00,0,0,0,0,False,0,1,0.0
494975,41,0.09855060279369354,a,2022,Bayer Leverkusen,Wolfsburg,Jakub Kaminski,2022-10-22 13:30:00,0,0,0,0,False,0,1,0.0
496351,39,0.2926110029220581,h,2022,Wolfsburg,Bochum,Jakub Kaminski,2022-10-29 13:30:00,0,0,0,0,False,2,0,0.0
496354,41,0.08964669704437256,h,2022,Wolfsburg,Bochum,Jakub Kaminski,2022-10-29 13:30:00,0,0,0,0,False,2,0,0.2926110029220581
498020,66,0.035551298409700394,a,2022,Mainz 05,Wolfsburg,Jakub Kaminski,2022-11-05 14:30:00,0,0,0,0,False,1,0,0.0
499005,31,0.33019301295280457,h,2022,Wolfsburg,Borussia Dortmund,Jakub Kaminski,2022-11-08 17:30:00,0,0,0,0,False,1,0,0.0
499019,61,0.1307779997587204,h,2022,Wolfsburg,Borussia Dortmund,Jakub Kaminski,2022-11-08 17:30:00,0,0,0,0,False,1,0,0.33019301295280457
499022,73,0.14957499504089355,h,2022,Wolfsburg,Borussia Dortmund,Jakub Kaminski,2022-11-08 17:30:00,0,0,0,0,False,1,0,0.46097101271152496
505344,36,0.011673900298774242,a,2022,Hertha Berlin,Wolfsburg,Jakub Kaminski,2023-01-24 19:30:00,0,0,0,0,False,3,0,0.0
505347,62,0.018179500475525856,a,2022,Hertha Berlin,Wolfsburg,Jakub Kaminski,2023-01-24 19:30:00,0,0,0,0,False,3,0,0.011673900298774242
507787,43,0.29162099957466125,h,2022,Wolfsburg,Bayern Munich,Jakub Kaminski,2023-02-05 16:30:00,0,0,0,0,True,0,3,0.0
508091,8,0.24327300488948822,a,2022,Schalke 04,Wolfsburg,Jakub Kaminski,2023-02-10 19:30:00,0,0,0,0,False,0,0,0.0
508103,53,0.2446420043706894,a,2022,Schalke 04,Wolfsburg,Jakub Kaminski,2023-02-10 19:30:00,0,0,0,0,False,0,0,0.24327300488948822
508109,74,0.06467130035161972,a,2022,Schalke 04,Wolfsburg,Jakub Kaminski,2023-02-10 19:30:00,0,0,0,0,False,0,0,0.4879150092601776
512866,92,0.023372599855065346,h,2022,Wolfsburg,Eintracht Frankfurt,Jakub Kaminski,2023-03-05 16:30:00,0,0,0,0,False,2,2,0.0
514373,89,0.022283000871539116,h,2022,Wolfsburg,Union Berlin,Jakub Kaminski,2023-03-12 18:30:00,0,0,0,0,False,1,1,0.0
514841,15,0.21940599381923676,a,2022,VfB Stuttgart,Wolfsburg,Jakub Kaminski,2023-03-18 14:30:00,0,0,0,0,False,0,0,0.0
516211,6,0.3344939947128296,h,2022,Wolfsburg,Augsburg,Jakub Kaminski,2023-04-01 13:30:00,0,0,0,0,False,0,0,0.0
516216,27,0.02146489918231964,h,2022,Wolfsburg,Augsburg,Jakub Kaminski,2023-04-01 13:30:00,0,0,0,0,False,0,0,0.3344939947128296
516220,43,0.07233840227127075,h,2022,Wolfsburg,Augsburg,Jakub Kaminski,2023-04-01 13:30:00,0,0,0,0,False,0,1,0.35595889389514923
516232,77,0.03807570040225983,h,2022,Wolfsburg,Augsburg,Jakub Kaminski,2023-04-01 13:30:00,0,0,0,0,False,0,1,0.42829729616642
518654,24,0.02047950029373169,a,2022,Borussia M.Gladbach,Wolfsburg,Jakub Kaminski,2023-04-09 13:30:00,0,0,0,0,False,0,0,0.0
520299,28,0.02221759967505932,h,2022,Wolfsburg,Bayer Leverkusen,Jakub Kaminski,2023-04-16 17:30:00,0,0,0,0,False,0,0,0.0
520754,7,0.06796514242887497,a,2022,Bochum,Wolfsburg,Jakub Kaminski,2023-04-22 13:30:00,0,0,1,0,False,0,0,0.0
520757,17,0.027877140790224075,a,2022,Bochum,Wolfsburg,Jakub Kaminski,2023-04-22 13:30:00,0,0,1,0,False,1,0,0.06796514242887497
520758,20,0.5653873682022095,a,2022,Bochum,Wolfsburg,Jakub Kaminski,2023-04-22 13:30:00,0,0,0,0,True,1,0,0.09584228321909904
520761,31,0.07834657281637192,a,2022,Bochum,Wolfsburg,Jakub Kaminski,2023-04-22 13:30:00,1,0,0,0,False,2,0,0.6612296514213085
520770,54,0.10962225496768951,a,2022,Bochum,Wolfsburg,Jakub Kaminski,2023-04-22 13:30:00,1,0,0,0,False,3,0,0.7395762242376804
523458,12,0.05390216037631035,h,2022,Wolfsburg,Mainz 05,Jakub Kaminski,2023-04-30 15:30:00,0,0,0,0,False,1,0,0.0
525174,19,0.11232984811067581,a,2022,Borussia Dortmund,Wolfsburg,Jakub Kaminski,2023-05-07 15:30:00,0,0,0,0,False,0,1,0.0
525179,32,0.047578368335962296,a,2022,Borussia Dortmund,Wolfsburg,Jakub Kaminski,2023-05-07 15:30:00,0,0,0,0,False,0,2,0.11232984811067581
525833,14,0.3450380563735962,h,2022,Wolfsburg,Hoffenheim,Jakub Kaminski,2023-05-13 13:30:00,0,0,0,0,True,0,0,0.0
529050,1,0.3261661231517792,h,2022,Wolfsburg,Hertha Berlin,Jakub Kaminski,2023-05-27 13:30:00,0,0,0,0,True,0,0,0.0
529052,6,0.3652683198451996,h,2022,Wolfsburg,Hertha Berlin,Jakub Kaminski,2023-05-27 13:30:00,1,0,0,0,False,1,0,0.3261661231517792
479017,81,0.020468199625611305,a,2022,Eintracht Frankfurt,Bayern Munich,Noussair Mazraoui,2022-08-05 18:30:00,0,0,0,0,False,5,1,0.0
491761,84,0.051573000848293304,a,2022,Borussia Dortmund,Bayern Munich,Noussair Mazraoui,2022-10-08 16:30:00,0,0,0,0,False,2,1,0.0
496439,63,0.08346399664878845,h,2022,Bayern Munich,Mainz 05,Noussair Mazraoui,2022-10-29 13:30:00,0,0,0,0,False,4,1,0.0
499178,45,0.04203040152788162,h,2022,Bayern Munich,Werder Bremen,Noussair Mazraoui,2022-11-08 19:30:00,0,0,0,0,False,4,1,0.0
523315,39,0.03222506120800972,h,2022,Bayern Munich,Hertha Berlin,Noussair Mazraoui,2023-04-30 13:30:00,0,0,0,0,False,0,0,0.0
524797,30,0.031274911016225815,a,2022,Werder Bremen,Bayern Munich,Noussair Mazraoui,2023-05-06 16:30:00,0,0,0,0,False,0,0,0.0
525933,86,0.12140234559774399,h,2022,Bayern Munich,Schalke 04,Noussair Mazraoui,2023-05-13 13:30:00,0,0,1,0,False,5,0,0.0
525935,91,0.4797384738922119,h,2022,Bayern Munich,Schalke 04,Noussair Mazraoui,2023-05-13 13:30:00,0,0,0,0,True,5,0,0.12140234559774399
479895,91,0.07885059714317322,h,2022,FC Cologne,Schalke 04,Tim Lemperle,2022-08-07 15:30:00,0,0,0,0,False,3,1,0.0
513142,92,0.07112540304660797,h,2022,FC Cologne,Bochum,Tim Lemperle,2023-03-10 19:30:00,0,0,0,0,False,0,2,0.0
479204,57,0.014171799644827843,h,2022,Bochum,Mainz 05,Konstantinos Stafylidis,2022-08-06 13:30:00,0,0,0,0,False,1,1,0.0
479210,89,0.009737590327858925,h,2022,Bochum,Mainz 05,Konstantinos Stafylidis,2022-08-06 13:30:00,0,0,0,0,False,1,2,0.014171799644827843
496364,73,0.014243200421333313,a,2022,Wolfsburg,Bochum,Konstantinos Stafylidis,2022-10-29 13:30:00,0,0,0,0,False,0,3,0.0
505774,49,0.011485399678349495,a,2022,Mainz 05,Bochum,Konstantinos Stafylidis,2023-01-28 14:30:00,0,0,0,0,False,0,3,0.0
505783,72,0.011457700282335281,a,2022,Mainz 05,Bochum,Konstantinos Stafylidis,2023-01-28 14:30:00,0,0,0,0,False,2,4,0.011485399678349495
508317,45,0.01560280006378889,a,2022,Bayern Munich,Bochum,Konstantinos Stafylidis,2023-02-11 14:30:00,0,0,0,0,False,0,1,0.0
508321,53,0.015145599842071533,a,2022,Bayern Munich,Bochum,Konstantinos Stafylidis,2023-02-11 14:30:00,0,0,0,0,False,0,1,0.01560280006378889
509485,52,0.03614160045981407,h,2022,Bochum,Freiburg,Konstantinos Stafylidis,2023-02-18 14:30:00,0,0,0,0,False,0,2,0.0
513138,62,0.015279900282621384,a,2022,FC Cologne,Bochum,Konstantinos Stafylidis,2023-03-10 19:30:00,0,0,0,0,False,1,0,0.0
515972,19,0.012922200374305248,a,2022,Eintracht Frankfurt,Bochum,Konstantinos Stafylidis,2023-03-31 19:30:00,0,0,0,0,False,1,0,0.0
518791,46,0.013267000205814838,h,2022,Bochum,VfB Stuttgart,Konstantinos Stafylidis,2023-04-09 15:30:00,0,0,0,0,False,0,1,0.0
524482,57,0.055694133043289185,a,2022,Borussia M.Gladbach,Bochum,Konstantinos Stafylidis,2023-05-06 13:30:00,0,0,0,0,False,0,1,0.0
525808,8,0.013227374292910099,h,2022,Bochum,Augsburg,Konstantinos Stafylidis,2023-05-13 13:30:00,0,0,0,0,False,1,0,0.0
479187,12,0.08843810111284256,h,2022,Bochum,Mainz 05,Gerrit Holtmann,2022-08-06 13:30:00,0,0,0,0,False,0,0,0.0
479201,48,0.014623000286519527,h,2022,Bochum,Mainz 05,Gerrit Holtmann,2022-08-06 13:30:00,0,0,0,0,False,1,1,0.08843810111284256
482529,70,0.039976198226213455,h,2022,Bochum,Bayern Munich,Gerrit Holtmann,2022-08-21 15:30:00,0,0,0,0,False,0,5,0.0
482536,83,0.059916600584983826,h,2022,Bochum,Bayern Munich,Gerrit Holtmann,2022-08-21 15:30:00,0,0,0,0,False,0,6,0.039976198226213455
483270,8,0.042336899787187576,a,2022,Freiburg,Bochum,Gerrit Holtmann,2022-08-26 18:30:00,0,0,0,0,False,0,0,0.0
483283,44,0.02005770057439804,a,2022,Freiburg,Bochum,Gerrit Holtmann,2022-08-26 18:30:00,0,0,0,0,False,0,0,0.042336899787187576
483297,64,0.026314500719308853,a,2022,Freiburg,Bochum,Gerrit Holtmann,2022-08-26 18:30:00,0,0,0,0,False,0,1,0.06239460036158562
483308,83,0.057137299329042435,a,2022,Freiburg,Bochum,Gerrit Holtmann,2022-08-26 18:30:00,0,0,0,0,False,0,1,0.08870910108089447
485727,16,0.024905700236558914,h,2022,Bochum,Werder Bremen,Gerrit Holtmann,2022-09-03 13:30:00,0,0,0,0,False,0,0,0.0
485729,20,0.012447900138795376,h,2022,Bochum,Werder Bremen,Gerrit Holtmann,2022-09-03 13:30:00,0,0,0,0,False,0,0,0.024905700236558914
487613,21,0.020568499341607094,a,2022,Schalke 04,Bochum,Gerrit Holtmann,2022-09-10 16:30:00,0,0,0,0,False,0,0,0.0
487615,32,0.01255240011960268,a,2022,Schalke 04,Bochum,Gerrit Holtmann,2022-09-10 16:30:00,0,0,0,0,False,0,0,0.020568499341607094
489474,18,0.05165709927678108,h,2022,Bochum,FC Cologne,Gerrit Holtmann,2022-09-18 15:30:00,0,0,0,0,False,0,0,0.0
490062,68,0.03506489843130112,a,2022,RasenBallsport Leipzig,Bochum,Gerrit Holtmann,2022-10-01 13:30:00,0,0,0,0,False,0,3,0.0
491437,43,0.04665980115532875,h,2022,Bochum,Eintracht Frankfurt,Gerrit Holtmann,2022-10-08 13:30:00,0,0,0,0,False,0,0,0.0
492968,12,0.029868699610233307,a,2022,VfB Stuttgart,Bochum,Gerrit Holtmann,2022-10-15 13:30:00,0,0,0,0,False,0,1,0.0
492984,51,0.3531680107116699,a,2022,VfB Stuttgart,Bochum,Gerrit Holtmann,2022-10-15 13:30:00,0,0,0,0,False,1,2,0.029868699610233307
492986,59,0.11954300105571747,a,2022,VfB Stuttgart,Bochum,Gerrit Holtmann,2022-10-15 13:30:00,0,0,0,0,False,1,2,0.38303671032190323
492992,76,0.0456961989402771,a,2022,VfB Stuttgart,Bochum,Gerrit Holtmann,2022-10-15 13:30:00,0,0,0,0,False,1,4,0.5025797113776207
495690,66,0.0685001015663147,h,2022,Bochum,Union Berlin,Gerrit Holtmann,2022-10-23 13:30:00,0,0,1,0,False,1,0,0.0
495691,70,0.3725210130214691,h,2022,Bochum,Union Berlin,Gerrit Holtmann,2022-10-23 13:30:00,0,0,0,0,True,1,0,0.0685001015663147
496367,77,0.039096299558877945,a,2022,Wolfsburg,Bochum,Gerrit Holtmann,2022-10-29 13:30:00,0,0,0,0,False,0,3,0.0
496369,83,0.013133700005710125,a,2022,Wolfsburg,Bochum,Gerrit Holtmann,2022-10-29 13:30:00,0,0,0,0,False,0,4,0.039096299558877945
499164,95,0.095933698117733,h,2022,Bochum,Borussia M.Gladbach,Gerrit Holtmann,2022-11-08 19:30:00,0,0,0,0,False,2,1,0.0
505763,9,0.05360100045800209,a,2022,Mainz 05,Bochum,Gerrit Holtmann,2023-01-28 14:30:00,0,0,0,0,False,0,1,0.0
518801,70,0.07442360371351242,h,2022,Bochum,VfB Stuttgart,Gerrit Holtmann,2023-04-09 15:30:00,0,0,0,0,False,1,3,0.0
520778,72,0.012319772504270077,h,2022,Bochum,Wolfsburg,Gerrit Holtmann,2023-04-22 13:30:00,0,0,0,0,False,1,4,0.0
520777,72,0.013455313630402088,h,2022,Bochum,Wolfsburg,Gerrit Holtmann,2023-04-22 13:30:00,0,0,0,0,False,1,4,0.012319772504270077
520785,84,0.020787572488188744,h,2022,Bochum,Wolfsburg,Gerrit Holtmann,2023-04-22 13:30:00,0,0,0,0,False,1,5,0.025775086134672165
527382,71,0.06392073631286621,a,2022,Hertha Berlin,Bochum,Gerrit Holtmann,2023-05-20 13:30:00,0,0,0,0,False,0,1,0.0
479132,47,0.02476700022816658,h,2022,Union Berlin,Hertha Berlin,Janik Haberer,2022-08-06 13:30:00,0,0,0,0,False,1,0,0.0
483450,47,0.012057299725711346,a,2022,Schalke 04,Union Berlin,Janik Haberer,2022-08-27 13:30:00,0,0,0,0,True,3,1,0.0
489387,0,0.02987230010330677,h,2022,Union Berlin,Wolfsburg,Janik Haberer,2022-09-18 13:30:00,0,0,0,0,False,0,0,0.0
489962,27,0.025431299582123756,a,2022,Eintracht Frankfurt,Union Berlin,Janik Haberer,2022-10-01 13:30:00,0,0,0,0,False,0,1,0.0
489972,54,0.33019399642944336,a,2022,Eintracht Frankfurt,Union Berlin,Janik Haberer,2022-10-01 13:30:00,0,0,0,0,False,0,2,0.025431299582123756
489975,63,0.03719570115208626,a,2022,Eintracht Frankfurt,Union Berlin,Janik Haberer,2022-10-01 13:30:00,0,0,0,0,False,0,2,0.3556252960115671
493808,7,0.6868720054626465,h,2022,Union Berlin,Borussia Dortmund,Janik Haberer,2022-10-16 15:30:00,0,0,1,0,True,0,0,0.0
493810,9,0.05659269914031029,h,2022,Union Berlin,Borussia Dortmund,Janik Haberer,2022-10-16 15:30:00,1,0,1,0,False,1,0,0.6868720054626465
493815,20,0.041388001292943954,h,2022,Union Berlin,Borussia Dortmund,Janik Haberer,2022-10-16 15:30:00,1,0,0,0,True,1,0,0.7434647046029568
497262,6,0.008854810148477554,h,2022,Union Berlin,Borussia M.Gladbach,Janik Haberer,2022-10-30 14:30:00,0,0,0,0,False,0,0,0.0
497261,6,0.08146079629659653,h,2022,Union Berlin,Borussia M.Gladbach,Janik Haberer,2022-10-30 14:30:00,0,0,0,0,False,0,0,0.008854810148477554
497272,59,0.03639040142297745,h,2022,Union Berlin,Borussia M.Gladbach,Janik Haberer,2022-10-30 14:30:00,0,0,0,0,False,0,1,0.09031560644507408
498737,61,0.05308229848742485,a,2022,Bayer Leverkusen,Union Berlin,Janik Haberer,2022-11-06 14:30:00,0,0,0,0,False,0,3,0.0
499476,24,0.07412759959697723,h,2022,Union Berlin,Augsburg,Janik Haberer,2022-11-09 19:30:00,0,0,0,0,False,2,1,0.0
499477,27,0.04352189972996712,h,2022,Union Berlin,Augsburg,Janik Haberer,2022-11-09 19:30:00,0,0,0,0,False,2,1,0.07412759959697723
499482,45,0.06180420145392418,h,2022,Union Berlin,Augsburg,Janik Haberer,2022-11-09 19:30:00,0,0,0,0,False,2,2,0.11764949932694435
504558,19,0.06780900061130524,h,2022,Union Berlin,Hoffenheim,Janik Haberer,2023-01-21 14:30:00,0,0,0,0,False,0,0,0.0
504566,47,0.04736420139670372,h,2022,Union Berlin,Hoffenheim,Janik Haberer,2023-01-21 14:30:00,0,0,0,0,False,0,1,0.06780900061130524
504571,59,0.011815800331532955,h,2022,Union Berlin,Hoffenheim,Janik Haberer,2023-01-21 14:30:00,0,0,0,0,False,0,1,0.11517320200800896
505513,17,0.30475500226020813,a,2022,Werder Bremen,Union Berlin,Janik Haberer,2023-01-25 19:30:00,0,0,0,0,True,0,1,0.0
505700,41,0.027034800499677658,a,2022,Hertha Berlin,Union Berlin,Janik Haberer,2023-01-28 14:30:00,0,0,0,0,False,0,0,0.0
508628,60,0.023207999765872955,a,2022,RasenBallsport Leipzig,Union Berlin,Janik Haberer,2023-02-11 17:30:00,0,0,0,0,True,0,1,0.0
512063,7,0.030481800436973572,h,2022,Union Berlin,FC Cologne,Janik Haberer,2023-03-04 14:30:00,0,0,0,0,False,0,0,0.0
515651,20,0.011249699629843235,h,2022,Union Berlin,Eintracht Frankfurt,Janik Haberer,2023-03-19 14:30:00,0,0,0,0,False,0,0,0.0
516248,45,0.014481100253760815,h,2022,Union Berlin,VfB Stuttgart,Janik Haberer,2023-04-01 13:30:00,0,0,0,0,False,0,0,0.0
516252,47,0.1146790012717247,h,2022,Union Berlin,VfB Stuttgart,Janik Haberer,2023-04-01 13:30:00,0,0,0,0,False,0,0,0.014481100253760815
520208,34,0.02799770049750805,h,2022,Union Berlin,Bochum,Janik Haberer,2023-04-16 15:30:00,0,0,0,0,False,0,0,0.0
521733,75,0.026568632572889328,a,2022,Borussia M.Gladbach,Union Berlin,Janik Haberer,2023-04-23 17:30:00,0,0,0,0,False,1,0,0.0
522616,38,0.050283096730709076,h,2022,Union Berlin,Bayer Leverkusen,Janik Haberer,2023-04-29 13:30:00,0,0,0,0,False,0,0,0.0
524556,13,0.02945166453719139,a,2022,Augsburg,Union Berlin,Janik Haberer,2023-05-06 13:30:00,0,0,0,0,False,0,0,0.0
524560,27,0.04485424607992172,a,2022,Augsburg,Union Berlin,Janik Haberer,2023-05-06 13:30:00,0,0,0,0,False,0,0,0.02945166453719139
529110,30,0.011004702188074589,h,2022,Union Berlin,Werder Bremen,Janik Haberer,2023-05-27 13:30:00,0,0,0,0,False,0,0,0.0
481544,77,0.05099470168352127,a,2022,Borussia M.Gladbach,Hertha Berlin,Márton Dárdai,2022-08-19 18:30:00,0,0,0,0,False,0,1,0.0
508970,51,0.018765300512313843,h,2022,Hertha Berlin,Borussia M.Gladbach,Márton Dárdai,2023-02-12 14:30:00,0,0,0,0,True,1,1,0.0
505771,38,0.033609598875045776,a,2022,Mainz 05,Bochum,Pierre Kunde,2023-01-28 14:30:00,0,0,1,0,False,0,3,0.0
505779,67,0.011941700242459774,a,2022,Mainz 05,Bochum,Pierre Kunde,2023-01-28 14:30:00,0,0,1,0,False,0,4,0.033609598875045776
505780,69,0.2882240116596222,a,2022,Mainz 05,Bochum,Pierre Kunde,2023-01-28 14:30:00,0,0,0,0,True,0,4,0.04555129911750555
514904,87,0.011189100332558155,h,2022,Bochum,RasenBallsport Leipzig,Pierre Kunde,2023-03-18 14:30:00,0,0,0,0,False,1,0,0.0
479411,1,0.1237810030579567,a,2022,Borussia Dortmund,Bayer Leverkusen,Piero Hincapié,2022-08-06 16:30:00,0,0,0,0,False,0,0,0.0
479414,12,0.015347899869084358,a,2022,Borussia Dortmund,Bayer Leverkusen,Piero Hincapié,2022-08-06 16:30:00,0,0,0,0,False,0,1,0.1237810030579567
487502,76,0.01679139956831932,a,2022,Hertha Berlin,Bayer Leverkusen,Piero Hincapié,2022-09-10 13:30:00,0,0,0,0,False,1,2,0.0
488700,11,0.013257799670100212,h,2022,Bayer Leverkusen,Werder Bremen,Piero Hincapié,2022-09-17 13:30:00,0,0,0,0,False,0,0,0.0
488701,21,0.09714820235967636,h,2022,Bayer Leverkusen,Werder Bremen,Piero Hincapié,2022-09-17 13:30:00,0,0,0,0,False,0,0,0.013257799670100212
488702,24,0.007944850251078606,h,2022,Bayer Leverkusen,Werder Bremen,Piero Hincapié,2022-09-17 13:30:00,0,0,0,0,False,0,0,0.11040600202977657
493056,55,0.06034789979457855,a,2022,Eintracht Frankfurt,Bayer Leverkusen,Piero Hincapié,2022-10-15 13:30:00,0,0,0,0,True,0,1,0.0
506292,20,0.08468560129404068,h,2022,Bayer Leverkusen,Borussia Dortmund,Piero Hincapié,2023-01-29 16:30:00,0,0,0,0,False,0,0,0.0
506303,68,0.0379549004137516,h,2022,Bayer Leverkusen,Borussia Dortmund,Piero Hincapié,2023-01-29 16:30:00,0,0,0,0,False,0,1,0.08468560129404068
506803,8,0.055215898901224136,a,2022,Augsburg,Bayer Leverkusen,Piero Hincapié,2023-02-03 19:30:00,0,0,0,0,False,0,0,0.0
510457,65,0.058074701577425,h,2022,Bayer Leverkusen,Mainz 05,Piero Hincapié,2023-02-19 18:30:00,0,0,0,0,False,2,2,0.0
510459,70,0.01627510040998459,h,2022,Bayer Leverkusen,Mainz 05,Piero Hincapié,2023-02-19 18:30:00,0,0,0,0,False,2,2,0.058074701577425
512756,58,0.2842150032520294,h,2022,Bayer Leverkusen,Hertha Berlin,Piero Hincapié,2023-03-05 14:30:00,0,0,0,0,False,2,0,0.0
512765,81,0.42891401052474976,h,2022,Bayer Leverkusen,Hertha Berlin,Piero Hincapié,2023-03-05 14:30:00,0,0,0,0,False,4,1,0.2842150032520294
521634,31,0.013388315215706825,h,2022,Bayer Leverkusen,RasenBallsport Leipzig,Piero Hincapié,2023-04-23 15:30:00,0,0,0,0,False,0,0,0.0
528262,59,0.019121916964650154,h,2022,Bayer Leverkusen,Borussia M.Gladbach,Piero Hincapié,2023-05-21 17:30:00,0,0,0,0,False,2,1,0.0
511452,36,0.06573670357465744,a,2022,Bayern Munich,Union Berlin,Aissa Laidouni,2023-02-26 16:30:00,0,0,0,0,False,0,1,0.0
514349,1,0.02673020027577877,a,2022,Wolfsburg,Union Berlin,Aissa Laidouni,2023-03-12 18:30:00,0,0,0,0,False,0,0,0.0
522620,47,0.05396728217601776,h,2022,Union Berlin,Bayer Leverkusen,Aissa Laidouni,2023-04-29 13:30:00,0,0,0,0,False,0,0,0.0
525953,79,0.48752862215042114,h,2022,Union Berlin,Freiburg,Aissa Laidouni,2023-05-13 13:30:00,0,0,0,0,True,3,2,0.0
527415,94,0.05885398015379906,a,2022,Hoffenheim,Union Berlin,Aissa Laidouni,2023-05-20 13:30:00,0,0,0,0,True,1,3,0.0
479177,64,0.011817100457847118,a,2022,Wolfsburg,Werder Bremen,Marvin Ducksch,2022-08-06 13:30:00,0,0,0,0,False,2,1,0.0
479182,88,0.015027799643576145,a,2022,Wolfsburg,Werder Bremen,Marvin Ducksch,2022-08-06 13:30:00,0,0,0,0,False,2,2,0.011817100457847118
480258,7,0.03996159881353378,h,2022,Werder Bremen,VfB Stuttgart,Marvin Ducksch,2022-08-13 13:30:00,0,0,0,0,False,1,0,0.0
480267,68,0.025473499670624733,h,2022,Werder Bremen,VfB Stuttgart,Marvin Ducksch,2022-08-13 13:30:00,0,0,0,0,False,1,1,0.03996159881353378
481704,33,0.08418290317058563,a,2022,Borussia Dortmund,Werder Bremen,Marvin Ducksch,2022-08-20 13:30:00,0,0,0,0,False,0,0,0.0
481706,42,0.15415099263191223,a,2022,Borussia Dortmund,Werder Bremen,Marvin Ducksch,2022-08-20 13:30:00,0,0,0,0,False,0,0,0.08418290317058563
481710,59,0.05381770059466362,a,2022,Borussia Dortmund,Werder Bremen,Marvin Ducksch,2022-08-20 13:30:00,0,0,0,0,False,0,1,0.23833389580249786
485732,25,0.032441601157188416,a,2022,Bochum,Werder Bremen,Marvin Ducksch,2022-09-03 13:30:00,0,0,0,0,False,0,0,0.0
485733,29,0.037955500185489655,a,2022,Bochum,Werder Bremen,Marvin Ducksch,2022-09-03 13:30:00,0,0,0,0,False,0,0,0.032441601157188416
485734,31,0.03406849876046181,a,2022,Bochum,Werder Bremen,Marvin Ducksch,2022-09-03 13:30:00,0,0,0,0,False,0,0,0.07039710134267807
485736,34,0.029061099514365196,a,2022,Bochum,Werder Bremen,Marvin Ducksch,2022-09-03 13:30:00,0,0,0,0,False,0,0,0.10446560010313988
485741,49,0.050346601754426956,a,2022,Bochum,Werder Bremen,Marvin Ducksch,2022-09-03 13:30:00,0,0,0,0,False,0,0,0.13352669961750507
485742,50,0.09928730130195618,a,2022,Bochum,Werder Bremen,Marvin Ducksch,2022-09-03 13:30:00,0,0,0,0,False,0,0,0.18387330137193203
485745,59,0.04514160007238388,a,2022,Bochum,Werder Bremen,Marvin Ducksch,2022-09-03 13:30:00,0,0,0,0,False,0,0,0.2831606026738882
485750,67,0.08675169944763184,a,2022,Bochum,Werder Bremen,Marvin Ducksch,2022-09-03 13:30:00,0,0,0,0,False,0,0,0.3283022027462721
487221,7,0.030437400564551353,h,2022,Werder Bremen,Augsburg,Marvin Ducksch,2022-09-09 18:30:00,0,0,0,0,False,0,0,0.0
487223,13,0.08463940024375916,h,2022,Werder Bremen,Augsburg,Marvin Ducksch,2022-09-09 18:30:00,0,0,0,0,False,0,0,0.030437400564551353
487235,60,0.0944012999534607,h,2022,Werder Bremen,Augsburg,Marvin Ducksch,2022-09-09 18:30:00,0,0,0,0,False,0,0,0.11507680080831051
487244,93,0.7577769756317139,h,2022,Werder Bremen,Augsburg,Marvin Ducksch,2022-09-09 18:30:00,0,0,0,0,False,0,1,0.2094781007617712
488695,0,0.09208820015192032,a,2022,Bayer Leverkusen,Werder Bremen,Marvin Ducksch,2022-09-17 13:30:00,0,0,0,0,False,0,0,0.0
488710,39,0.11974599957466125,a,2022,Bayer Leverkusen,Werder Bremen,Marvin Ducksch,2022-09-17 13:30:00,0,0,0,0,False,0,0,0.09208820015192032
488720,66,0.0454024001955986,a,2022,Bayer Leverkusen,Werder Bremen,Marvin Ducksch,2022-09-17 13:30:00,0,0,0,0,False,0,1,0.21183419972658157
490317,7,0.1067809984087944,h,2022,Werder Bremen,Borussia M.Gladbach,Marvin Ducksch,2022-10-01 16:30:00,0,0,0,0,True,1,0,0.0
490318,10,0.11319199949502945,h,2022,Werder Bremen,Borussia M.Gladbach,Marvin Ducksch,2022-10-01 16:30:00,1,0,0,0,False,2,0,0.1067809984087944
490325,26,0.04516879841685295,h,2022,Werder Bremen,Borussia M.Gladbach,Marvin Ducksch,2022-10-01 16:30:00,1,0,0,0,False,3,0,0.21997299790382385
490326,28,0.37322598695755005,h,2022,Werder Bremen,Borussia M.Gladbach,Marvin Ducksch,2022-10-01 16:30:00,1,0,0,0,False,3,0,0.2651417963206768
490332,49,0.018751399591565132,h,2022,Werder Bremen,Borussia M.Gladbach,Marvin Ducksch,2022-10-01 16:30:00,1,0,0,0,False,3,0,0.6383677832782269
491277,17,0.09200099855661392,a,2022,Hoffenheim,Werder Bremen,Marvin Ducksch,2022-10-07 18:30:00,0,0,0,0,True,0,0,0.0
491279,24,0.053775299340486526,a,2022,Hoffenheim,Werder Bremen,Marvin Ducksch,2022-10-07 18:30:00,1,0,0,0,False,1,0,0.09200099855661392
491293,78,0.3323180079460144,a,2022,Hoffenheim,Werder Bremen,Marvin Ducksch,2022-10-07 18:30:00,1,0,0,0,False,1,1,0.14577629789710045
493022,0,0.2966899871826172,h,2022,Werder Bremen,Mainz 05,Marvin Ducksch,2022-10-15 13:30:00,0,0,0,0,False,0,0,0.0
493041,69,0.11491800099611282,h,2022,Werder Bremen,Mainz 05,Marvin Ducksch,2022-10-15 13:30:00,0,0,0,0,False,0,2,0.2966899871826172
496157,25,0.33479198813438416,h,2022,Werder Bremen,Hertha Berlin,Marvin Ducksch,2022-10-28 18:30:00,0,0,0,0,False,0,0,0.0
496162,45,0.07085070013999939,h,2022,Werder Bremen,Hertha Berlin,Marvin Ducksch,2022-10-28 18:30:00,0,0,0,0,False,0,0,0.33479198813438416
496166,58,0.06315469741821289,h,2022,Werder Bremen,Hertha Berlin,Marvin Ducksch,2022-10-28 18:30:00,0,0,0,0,False,0,0,0.40564268827438354
498211,25,0.04453219845890999,h,2022,Werder Bremen,Schalke 04,Marvin Ducksch,2022-11-05 17:30:00,0,0,1,0,False,0,0,0.0
498218,43,0.1058489978313446,h,2022,Werder Bremen,Schalke 04,Marvin Ducksch,2022-11-05 17:30:00,0,0,1,0,False,1,0,0.04453219845890999
498228,75,0.3037770092487335,h,2022,Werder Bremen,Schalke 04,Marvin Ducksch,2022-11-05 17:30:00,0,0,0,0,True,1,0,0.1503811962902546
498229,79,0.10126200318336487,h,2022,Werder Bremen,Schalke 04,Marvin Ducksch,2022-11-05 17:30:00,1,0,0,0,False,2,0,0.4541582055389881
498230,80,0.09720490127801895,h,2022,Werder Bremen,Schalke 04,Marvin Ducksch,2022-11-05 17:30:00,1,0,0,0,False,2,0,0.555420208722353
498232,93,0.11675599962472916,h,2022,Werder Bremen,Schalke 04,Marvin Ducksch,2022-11-05 17:30:00,1,0,0,0,False,2,1,0.6526251100003719
499176,44,0.5955880284309387,a,2022,Bayern Munich,Werder Bremen,Marvin Ducksch,2022-11-08 19:30:00,0,0,0,0,False,1,4,0.0
505524,66,0.04566419869661331,h,2022,Werder Bremen,Union Berlin,Marvin Ducksch,2023-01-25 19:30:00,0,0,0,0,False,1,2,0.0
505737,2,0.047686900943517685,h,2022,Werder Bremen,Wolfsburg,Marvin Ducksch,2023-01-28 14:30:00,0,0,0,0,False,0,0,0.0
505747,42,0.06523270159959793,h,2022,Werder Bremen,Wolfsburg,Marvin Ducksch,2023-01-28 14:30:00,0,0,0,0,False,1,0,0.047686900943517685
505749,50,0.01571659930050373,h,2022,Werder Bremen,Wolfsburg,Marvin Ducksch,2023-01-28 14:30:00,0,0,0,0,False,1,0,0.11291960254311562
507662,33,0.03030179999768734,a,2022,VfB Stuttgart,Werder Bremen,Marvin Ducksch,2023-02-05 14:30:00,0,0,1,0,False,0,0,0.0
507664,41,0.1304679960012436,a,2022,VfB Stuttgart,Werder Bremen,Marvin Ducksch,2023-02-05 14:30:00,0,0,1,0,False,0,0,0.03030179999768734
507674,76,0.026746699586510658,a,2022,VfB Stuttgart,Werder Bremen,Marvin Ducksch,2023-02-05 14:30:00,0,0,0,0,True,1,0,0.16076979599893093
508264,39,0.06082820147275925,h,2022,Werder Bremen,Borussia Dortmund,Marvin Ducksch,2023-02-11 14:30:00,0,0,0,0,False,0,0,0.0
510806,58,0.11750900000333786,h,2022,Werder Bremen,Bochum,Marvin Ducksch,2023-02-25 14:30:00,0,0,0,0,True,2,0,0.0
512022,23,0.011700199916958809,a,2022,Augsburg,Werder Bremen,Marvin Ducksch,2023-03-04 14:30:00,0,0,0,0,False,1,1,0.0
512023,28,0.09351799637079239,a,2022,Augsburg,Werder Bremen,Marvin Ducksch,2023-03-04 14:30:00,0,0,0,0,False,1,1,0.011700199916958809
512036,74,0.09692270308732986,a,2022,Augsburg,Werder Bremen,Marvin Ducksch,2023-03-04 14:30:00,0,0,0,0,False,1,2,0.1052181962877512
512037,75,0.01691949926316738,a,2022,Augsburg,Werder Bremen,Marvin Ducksch,2023-03-04 14:30:00,0,0,0,0,False,1,2,0.20214089937508106
514242,14,0.10007800161838531,h,2022,Werder Bremen,Bayer Leverkusen,Marvin Ducksch,2023-03-12 16:30:00,0,0,1,0,False,0,0,0.0
514243,27,0.11727599799633026,h,2022,Werder Bremen,Bayer Leverkusen,Marvin Ducksch,2023-03-12 16:30:00,0,0,1,0,False,0,0,0.10007800161838531
514244,29,0.38326799869537354,h,2022,Werder Bremen,Bayer Leverkusen,Marvin Ducksch,2023-03-12 16:30:00,0,0,0,0,True,0,0,0.21735399961471558
514247,35,0.05200820043683052,h,2022,Werder Bremen,Bayer Leverkusen,Marvin Ducksch,2023-03-12 16:30:00,1,0,0,0,False,1,1,0.6006219983100891
514256,58,0.055929601192474365,h,2022,Werder Bremen,Bayer Leverkusen,Marvin Ducksch,2023-03-12 16:30:00,1,0,0,0,False,1,2,0.6526301987469196
514592,46,0.11109799891710281,a,2022,Borussia M.Gladbach,Werder Bremen,Marvin Ducksch,2023-03-17 19:30:00,0,0,1,0,False,0,0,0.0
514601,64,0.34504398703575134,a,2022,Borussia M.Gladbach,Werder Bremen,Marvin Ducksch,2023-03-17 19:30:00,0,0,1,0,True,0,1,0.11109799891710281
514608,88,0.04934529960155487,a,2022,Borussia M.Gladbach,Werder Bremen,Marvin Ducksch,2023-03-17 19:30:00,1,0,0,0,True,1,2,0.45614198595285416
514609,92,0.04751360043883324,a,2022,Borussia M.Gladbach,Werder Bremen,Marvin Ducksch,2023-03-17 19:30:00,1,0,0,0,False,2,2,0.505487285554409
517123,31,0.11751899868249893,h,2022,Werder Bremen,Hoffenheim,Marvin Ducksch,2023-04-02 15:30:00,0,0,0,0,False,0,0,0.0
517125,33,0.10040199756622314,h,2022,Werder Bremen,Hoffenheim,Marvin Ducksch,2023-04-02 15:30:00,0,0,0,0,False,0,0,0.11751899868249893
517126,36,0.020913999527692795,h,2022,Werder Bremen,Hoffenheim,Marvin Ducksch,2023-04-02 15:30:00,0,0,0,0,False,0,0,0.21792099624872208
517878,29,0.04022879898548126,a,2022,Mainz 05,Werder Bremen,Marvin Ducksch,2023-04-08 13:30:00,0,0,0,0,False,0,0,0.0
520092,22,0.013934800401329994,h,2022,Werder Bremen,Freiburg,Marvin Ducksch,2023-04-16 13:30:00,0,0,0,0,False,0,0,0.0
520093,24,0.026034800335764885,h,2022,Werder Bremen,Freiburg,Marvin Ducksch,2023-04-16 13:30:00,0,0,0,0,False,0,0,0.013934800401329994
520095,44,0.01935509964823723,h,2022,Werder Bremen,Freiburg,Marvin Ducksch,2023-04-16 13:30:00,0,0,0,0,False,0,0,0.03996960073709488
520103,78,0.025608699768781662,h,2022,Werder Bremen,Freiburg,Marvin Ducksch,2023-04-16 13:30:00,0,0,0,0,False,1,2,0.05932470038533211
520726,5,0.39534807205200195,a,2022,Hertha Berlin,Werder Bremen,Marvin Ducksch,2023-04-22 13:30:00,0,0,1,0,True,0,0,0.0
520727,13,0.04474879801273346,a,2022,Hertha Berlin,Werder Bremen,Marvin Ducksch,2023-04-22 13:30:00,1,0,1,0,False,1,0,0.39534807205200195
520729,26,0.3116903603076935,a,2022,Hertha Berlin,Werder Bremen,Marvin Ducksch,2023-04-22 13:30:00,1,0,1,0,True,1,0,0.4400968700647354
520735,40,0.15842066705226898,a,2022,Hertha Berlin,Werder Bremen,Marvin Ducksch,2023-04-22 13:30:00,1,0,1,0,False,2,0,0.7517872303724289
520738,50,0.11810311675071716,a,2022,Hertha Berlin,Werder Bremen,Marvin Ducksch,2023-04-22 13:30:00,1,0,0,0,True,2,0,0.9102078974246979
522900,17,0.3435783088207245,a,2022,Schalke 04,Werder Bremen,Marvin Ducksch,2023-04-29 16:30:00,0,0,0,0,True,0,0,0.0
522909,49,0.11552593111991882,a,2022,Schalke 04,Werder Bremen,Marvin Ducksch,2023-04-29 16:30:00,1,0,0,0,False,1,0,0.3435783088207245
522921,85,0.05071641877293587,a,2022,Schalke 04,Werder Bremen,Marvin Ducksch,2023-04-29 16:30:00,1,0,0,0,False,1,1,0.4591042399406433
522922,90,0.4007774591445923,a,2022,Schalke 04,Werder Bremen,Marvin Ducksch,2023-04-29 16:30:00,1,0,0,0,False,1,1,0.5098206587135792
524800,47,0.060479484498500824,h,2022,Werder Bremen,Bayern Munich,Marvin Ducksch,2023-05-06 16:30:00,0,0,0,0,False,0,0,0.0
524811,75,0.01752493903040886,h,2022,Werder Bremen,Bayern Munich,Marvin Ducksch,2023-05-06 16:30:00,0,0,0,0,False,0,2,0.060479484498500824
526713,63,0.5661248564720154,a,2022,RasenBallsport Leipzig,Werder Bremen,Marvin Ducksch,2023-05-14 15:30:00,0,0,0,0,False,0,0,0.0
527286,7,0.08889630436897278,h,2022,Werder Bremen,FC Cologne,Marvin Ducksch,2023-05-20 13:30:00,0,0,0,0,False,0,0,0.0
527288,8,0.01980898529291153,h,2022,Werder Bremen,FC Cologne,Marvin Ducksch,2023-05-20 13:30:00,0,0,0,0,False,0,0,0.08889630436897278
527287,8,0.07166367024183273,h,2022,Werder Bremen,FC Cologne,Marvin Ducksch,2023-05-20 13:30:00,0,0,0,0,False,0,0,0.10870528966188431
527299,62,0.05175082013010979,h,2022,Werder Bremen,FC Cologne,Marvin Ducksch,2023-05-20 13:30:00,0,0,0,0,False,0,1,0.18036895990371704
527304,72,0.0573243647813797,h,2022,Werder Bremen,FC Cologne,Marvin Ducksch,2023-05-20 13:30:00,0,0,0,0,False,0,1,0.23211978003382683
527306,74,0.03760253265500069,h,2022,Werder Bremen,FC Cologne,Marvin Ducksch,2023-05-20 13:30:00,0,0,0,0,False,1,1,0.2894441448152065
529113,43,0.08696317672729492,a,2022,Union Berlin,Werder Bremen,Marvin Ducksch,2023-05-27 13:30:00,0,0,0,0,False,0,0,0.0
529116,46,0.00824637059122324,a,2022,Union Berlin,Werder Bremen,Marvin Ducksch,2023-05-27 13:30:00,0,0,0,0,False,0,0,0.08696317672729492
529123,85,0.010393758304417133,a,2022,Union Berlin,Werder Bremen,Marvin Ducksch,2023-05-27 13:30:00,0,0,0,0,False,0,1,0.09520954731851816
529125,90,0.0856451541185379,a,2022,Union Berlin,Werder Bremen,Marvin Ducksch,2023-05-27 13:30:00,0,0,0,0,False,0,1,0.1056033056229353
479190,25,0.28743499517440796,a,2022,Bochum,Mainz 05,Anton Stach,2022-08-06 13:30:00,0,0,0,0,False,0,0,0.0
479193,27,0.09231969714164734,a,2022,Bochum,Mainz 05,Anton Stach,2022-08-06 13:30:00,0,0,0,0,False,1,0,0.28743499517440796
480902,16,0.011855900287628174,h,2022,Mainz 05,Union Berlin,Anton Stach,2022-08-14 13:30:00,0,0,0,0,False,0,0,0.0
480909,57,0.11377300322055817,h,2022,Mainz 05,Union Berlin,Anton Stach,2022-08-14 13:30:00,0,0,0,0,False,0,0,0.011855900287628174
481747,3,0.0381058007478714,a,2022,Augsburg,Mainz 05,Anton Stach,2022-08-20 13:30:00,0,0,0,0,False,0,0,0.0
481752,39,0.013088500127196312,a,2022,Augsburg,Mainz 05,Anton Stach,2022-08-20 13:30:00,0,0,0,0,False,1,1,0.0381058007478714
483537,22,0.00902262981981039,h,2022,Mainz 05,Bayer Leverkusen,Anton Stach,2022-08-27 13:30:00,0,0,0,0,False,0,0,0.0
483548,60,0.01120730023831129,h,2022,Mainz 05,Bayer Leverkusen,Anton Stach,2022-08-27 13:30:00,0,0,0,0,False,0,3,0.00902262981981039
483550,78,0.14828699827194214,h,2022,Mainz 05,Bayer Leverkusen,Anton Stach,2022-08-27 13:30:00,0,0,0,0,False,0,3,0.02022993005812168
490022,14,0.015492400154471397,a,2022,Freiburg,Mainz 05,Anton Stach,2022-10-01 13:30:00,0,0,0,0,False,0,1,0.0
490034,54,0.0370451994240284,a,2022,Freiburg,Mainz 05,Anton Stach,2022-10-01 13:30:00,0,0,0,0,False,1,2,0.015492400154471397
490040,70,0.019602300599217415,a,2022,Freiburg,Mainz 05,Anton Stach,2022-10-01 13:30:00,0,0,0,0,False,1,2,0.052537599578499794
491524,34,0.03366810083389282,h,2022,Mainz 05,RasenBallsport Leipzig,Anton Stach,2022-10-08 13:30:00,0,0,0,0,False,0,0,0.0
493045,83,0.014776799827814102,a,2022,Werder Bremen,Mainz 05,Anton Stach,2022-10-15 13:30:00,0,0,0,0,False,2,0,0.0
494659,5,0.05650769919157028,h,2022,Mainz 05,FC Cologne,Anton Stach,2022-10-21 18:30:00,0,0,1,0,False,0,0,0.0
494668,39,0.0998736023902893,h,2022,Mainz 05,FC Cologne,Anton Stach,2022-10-21 18:30:00,0,0,0,0,True,2,0,0.05650769919157028
494670,46,0.013029799796640873,h,2022,Mainz 05,FC Cologne,Anton Stach,2022-10-21 18:30:00,1,0,0,0,False,3,0,0.1563813015818596
498023,71,0.08026920258998871,h,2022,Mainz 05,Wolfsburg,Anton Stach,2022-11-05 14:30:00,0,0,0,0,False,0,2,0.0
500715,12,0.01882600039243698,h,2022,Mainz 05,Eintracht Frankfurt,Anton Stach,2022-11-13 14:30:00,0,0,0,0,False,0,0,0.0
500731,73,0.024046799167990685,h,2022,Mainz 05,Eintracht Frankfurt,Anton Stach,2022-11-13 14:30:00,0,0,0,0,False,1,1,0.01882600039243698
505447,86,0.09676080197095871,h,2022,Mainz 05,Borussia Dortmund,Anton Stach,2023-01-25 17:30:00,0,0,0,0,False,1,1,0.0
510464,90,0.2352219969034195,a,2022,Bayer Leverkusen,Mainz 05,Anton Stach,2023-02-19 18:30:00,0,0,0,0,False,3,2,0.0
512102,66,0.02268039993941784,h,2022,Mainz 05,Hoffenheim,Anton Stach,2023-03-04 14:30:00,0,0,0,0,False,1,0,0.0
512103,70,0.015050100162625313,h,2022,Mainz 05,Hoffenheim,Anton Stach,2023-03-04 14:30:00,0,0,0,0,False,1,0,0.02268039993941784
513395,23,0.019900599494576454,a,2022,Hertha Berlin,Mainz 05,Anton Stach,2023-03-11 14:30:00,0,0,0,0,False,0,1,0.0
513403,62,0.10743799805641174,a,2022,Hertha Berlin,Mainz 05,Anton Stach,2023-03-11 14:30:00,0,0,0,0,False,1,1,0.019900599494576454
515847,57,0.025241699069738388,h,2022,Mainz 05,Freiburg,Anton Stach,2023-03-19 18:30:00,0,0,0,0,False,0,1,0.0
515853,81,0.013808200135827065,h,2022,Mainz 05,Freiburg,Anton Stach,2023-03-19 18:30:00,0,0,0,0,False,0,1,0.025241699069738388
516152,10,0.05760420113801956,a,2022,RasenBallsport Leipzig,Mainz 05,Anton Stach,2023-04-01 13:30:00,0,0,0,0,False,1,0,0.0
516170,63,0.07395060360431671,a,2022,RasenBallsport Leipzig,Mainz 05,Anton Stach,2023-04-01 13:30:00,0,0,0,0,False,2,0,0.05760420113801956
517888,73,0.013334900140762329,h,2022,Mainz 05,Werder Bremen,Anton Stach,2023-04-08 13:30:00,0,0,0,0,False,0,0,0.0
519340,6,0.029079999774694443,a,2022,FC Cologne,Mainz 05,Anton Stach,2023-04-15 13:30:00,0,0,0,0,False,0,0,0.0
525884,30,0.05164536461234093,a,2022,Eintracht Frankfurt,Mainz 05,Anton Stach,2023-05-13 13:30:00,0,0,0,0,False,0,1,0.0
528023,50,0.040267229080200195,h,2022,Mainz 05,VfB Stuttgart,Anton Stach,2023-05-21 13:30:00,0,0,0,0,False,1,1,0.0
528030,76,0.03815417364239693,h,2022,Mainz 05,VfB Stuttgart,Anton Stach,2023-05-21 13:30:00,0,0,0,0,False,1,2,0.040267229080200195
528032,82,0.045804280787706375,h,2022,Mainz 05,VfB Stuttgart,Anton Stach,2023-05-21 13:30:00,0,0,0,0,False,1,3,0.07842140272259712
479209,80,0.014289800077676773,h,2022,Bochum,Mainz 05,Cristian Gamboa,2022-08-06 13:30:00,0,0,0,0,False,1,2,0.0
480207,18,0.01226819958537817,a,2022,Hoffenheim,Bochum,Cristian Gamboa,2022-08-13 13:30:00,0,0,0,0,False,2,1,0.0
482520,46,0.009801619686186314,h,2022,Bochum,Bayern Munich,Cristian Gamboa,2022-08-21 15:30:00,0,0,0,0,False,0,4,0.0
482528,68,0,h,2022,Bochum,Bayern Munich,Cristian Gamboa,2022-08-21 15:30:00,0,0,0,0,False,0,5,0.009801619686186314
485739,41,0.008175079710781574,h,2022,Bochum,Werder Bremen,Cristian Gamboa,2022-09-03 13:30:00,0,0,0,0,False,0,0,0.0
489469,5,0.012009000405669212,h,2022,Bochum,FC Cologne,Cristian Gamboa,2022-09-18 15:30:00,0,0,0,0,False,0,0,0.0
491438,46,0.015012400224804878,h,2022,Bochum,Eintracht Frankfurt,Cristian Gamboa,2022-10-08 13:30:00,0,0,0,0,False,0,0,0.0
499156,46,0.009226730093359947,h,2022,Bochum,Borussia M.Gladbach,Cristian Gamboa,2022-11-08 19:30:00,0,0,0,0,False,2,0,0.0
522471,40,0.016492601484060287,h,2022,Bochum,Borussia Dortmund,Cristian Gamboa,2023-04-28 18:30:00,0,0,0,0,False,1,1,0.0
480291,52,0.1041250005364418,h,2022,Bayer Leverkusen,Augsburg,Jeremie Frimpong,2022-08-13 13:30:00,0,0,0,0,False,1,1,0.0
481683,27,0.04711480066180229,h,2022,Bayer Leverkusen,Hoffenheim,Jeremie Frimpong,2022-08-20 13:30:00,0,0,0,0,False,0,1,0.0
483541,38,0.6111950278282166,a,2022,Mainz 05,Bayer Leverkusen,Jeremie Frimpong,2022-08-27 13:30:00,0,0,1,0,True,1,0,0.0
483542,40,0.4038900136947632,a,2022,Mainz 05,Bayer Leverkusen,Jeremie Frimpong,2022-08-27 13:30:00,1,0,0,0,True,2,0,0.6111950278282166
485859,75,0.05557899922132492,h,2022,Bayer Leverkusen,Freiburg,Jeremie Frimpong,2022-09-03 13:30:00,0,0,0,0,False,2,3,0.0
488706,34,0.07105080038309097,h,2022,Bayer Leverkusen,Werder Bremen,Jeremie Frimpong,2022-09-17 13:30:00,0,0,0,0,False,0,0,0.0
488709,38,0.47698500752449036,h,2022,Bayer Leverkusen,Werder Bremen,Jeremie Frimpong,2022-09-17 13:30:00,0,0,0,0,False,0,0,0.07105080038309097
489714,11,0.0709519013762474,a,2022,Bayern Munich,Bayer Leverkusen,Jeremie Frimpong,2022-09-30 18:30:00,0,0,0,0,False,0,1,0.0
491543,40,0.2902120053768158,h,2022,Bayer Leverkusen,Schalke 04,Jeremie Frimpong,2022-10-08 13:30:00,0,0,1,0,True,1,0,0.0
491545,51,0.48482799530029297,h,2022,Bayer Leverkusen,Schalke 04,Jeremie Frimpong,2022-10-08 13:30:00,1,0,0,0,True,2,0,0.2902120053768158
493052,32,0.2606790065765381,a,2022,Eintracht Frankfurt,Bayer Leverkusen,Jeremie Frimpong,2022-10-15 13:30:00,0,0,0,0,False,0,0,0.0
494967,12,0.0832953006029129,h,2022,Bayer Leverkusen,Wolfsburg,Jeremie Frimpong,2022-10-22 13:30:00,0,0,1,0,False,0,0,0.0
494982,75,0.8561210036277771,h,2022,Bayer Leverkusen,Wolfsburg,Jeremie Frimpong,2022-10-22 13:30:00,0,0,0,0,True,1,1,0.0832953006029129
499266,5,0.05953390151262283,a,2022,FC Cologne,Bayer Leverkusen,Jeremie Frimpong,2022-11-09 17:30:00,0,0,0,0,False,0,0,0.0
500086,62,0.4613879919052124,h,2022,Bayer Leverkusen,VfB Stuttgart,Jeremie Frimpong,2022-11-12 14:30:00,0,0,0,0,False,1,0,0.0
505047,19,0.08016719669103622,a,2022,Borussia M.Gladbach,Bayer Leverkusen,Jeremie Frimpong,2023-01-22 16:30:00,0,0,0,0,False,0,0,0.0
505050,25,0.07212640345096588,a,2022,Borussia M.Gladbach,Bayer Leverkusen,Jeremie Frimpong,2023-01-22 16:30:00,0,0,0,0,False,1,0,0.08016719669103622
505068,90,0.1133740022778511,a,2022,Borussia M.Gladbach,Bayer Leverkusen,Jeremie Frimpong,2023-01-22 16:30:00,0,0,0,0,False,3,1,0.1522936001420021
506815,47,0.015836000442504883,a,2022,Augsburg,Bayer Leverkusen,Jeremie Frimpong,2023-02-03 19:30:00,0,0,0,0,False,0,0,0.0
508288,23,0.06384240090847015,a,2022,Hoffenheim,Bayer Leverkusen,Jeremie Frimpong,2023-02-11 14:30:00,0,0,0,0,False,1,0,0.0
508289,25,0.3344539999961853,a,2022,Hoffenheim,Bayer Leverkusen,Jeremie Frimpong,2023-02-11 14:30:00,0,0,0,0,False,1,0,0.06384240090847015
508290,36,0.012790700420737267,a,2022,Hoffenheim,Bayer Leverkusen,Jeremie Frimpong,2023-02-11 14:30:00,0,0,0,0,False,1,0,0.39829640090465546
510450,57,0.26643800735473633,h,2022,Bayer Leverkusen,Mainz 05,Jeremie Frimpong,2023-02-19 18:30:00,0,0,0,0,False,1,2,0.0
511376,39,0.4372769892215729,a,2022,Freiburg,Bayer Leverkusen,Jeremie Frimpong,2023-02-26 14:30:00,0,0,0,0,False,0,1,0.0
511391,84,0.10591500252485275,a,2022,Freiburg,Bayer Leverkusen,Jeremie Frimpong,2023-02-26 14:30:00,0,0,0,0,False,1,1,0.4372769892215729
512751,20,0.41656699776649475,h,2022,Bayer Leverkusen,Hertha Berlin,Jeremie Frimpong,2023-03-05 14:30:00,0,0,0,0,True,1,0,0.0
514254,55,0.0836981013417244,a,2022,Werder Bremen,Bayer Leverkusen,Jeremie Frimpong,2023-03-12 16:30:00,0,0,0,0,True,1,1,0.0
515746,15,0.04260379821062088,h,2022,Bayer Leverkusen,Bayern Munich,Jeremie Frimpong,2023-03-19 16:30:00,0,0,0,0,False,0,0,0.0
516198,49,0.27072200179100037,a,2022,Schalke 04,Bayer Leverkusen,Jeremie Frimpong,2023-04-01 13:30:00,0,0,1,0,False,0,0,0.0
516199,49,0.8850430250167847,a,2022,Schalke 04,Bayer Leverkusen,Jeremie Frimpong,2023-04-01 13:30:00,0,0,0,0,True,0,0,0.27072200179100037
517947,58,0.10440699756145477,h,2022,Bayer Leverkusen,Eintracht Frankfurt,Jeremie Frimpong,2023-04-08 13:30:00,0,0,0,0,False,2,0,0.0
520321,91,0.02649419941008091,a,2022,Wolfsburg,Bayer Leverkusen,Jeremie Frimpong,2023-04-16 17:30:00,0,0,0,0,False,0,0,0.0
521651,82,0.11450707912445068,h,2022,Bayer Leverkusen,RasenBallsport Leipzig,Jeremie Frimpong,2023-04-23 15:30:00,0,0,0,0,False,1,0,0.0
522619,46,0.04000600054860115,a,2022,Union Berlin,Bayer Leverkusen,Jeremie Frimpong,2023-04-29 13:30:00,0,0,0,0,False,0,0,0.0
522624,79,0.07629832625389099,a,2022,Union Berlin,Bayer Leverkusen,Jeremie Frimpong,2023-04-29 13:30:00,0,0,0,0,False,0,0,0.04000600054860115
526603,83,0.037625402212142944,a,2022,VfB Stuttgart,Bayer Leverkusen,Jeremie Frimpong,2023-05-14 13:30:00,0,0,0,0,False,1,1,0.0
528265,67,0.10964418202638626,h,2022,Bayer Leverkusen,Borussia M.Gladbach,Jeremie Frimpong,2023-05-21 17:30:00,0,0,0,0,False,2,1,0.0
529025,61,0.2968144416809082,a,2022,Bochum,Bayer Leverkusen,Jeremie Frimpong,2023-05-27 13:30:00,0,0,0,0,False,0,2,0.0
480226,63,0.03683130070567131,h,2022,Hoffenheim,Bochum,Georginio Rutter,2022-08-13 13:30:00,0,0,0,0,False,2,2,0.0
481676,0,0.059167299419641495,a,2022,Bayer Leverkusen,Hoffenheim,Georginio Rutter,2022-08-20 13:30:00,0,0,1,0,False,0,0,0.0
481696,77,0.04136950150132179,a,2022,Bayer Leverkusen,Hoffenheim,Georginio Rutter,2022-08-20 13:30:00,0,0,0,0,True,2,0,0.059167299419641495
483504,13,0.00931772030889988,h,2022,Hoffenheim,Augsburg,Georginio Rutter,2022-08-27 13:30:00,0,0,0,0,False,0,0,0.0
483507,25,0.48899099230766296,h,2022,Hoffenheim,Augsburg,Georginio Rutter,2022-08-27 13:30:00,0,0,0,0,False,0,0,0.00931772030889988
483514,39,0.09343860298395157,h,2022,Hoffenheim,Augsburg,Georginio Rutter,2022-08-27 13:30:00,0,0,0,0,False,1,0,0.49830871261656284
483515,42,0.06685230135917664,h,2022,Hoffenheim,Augsburg,Georginio Rutter,2022-08-27 13:30:00,0,0,0,0,False,1,0,0.5917473156005144
483523,67,0.09409359842538834,h,2022,Hoffenheim,Augsburg,Georginio Rutter,2022-08-27 13:30:00,0,0,0,0,False,1,0,0.658599616959691
485554,48,0.07936219871044159,a,2022,Borussia Dortmund,Hoffenheim,Georginio Rutter,2022-09-02 18:30:00,0,0,0,0,False,0,1,0.0
485553,48,0.06630170345306396,a,2022,Borussia Dortmund,Hoffenheim,Georginio Rutter,2022-09-02 18:30:00,0,0,0,0,False,0,1,0.07936219871044159
485555,51,0.05144060030579567,a,2022,Borussia Dortmund,Hoffenheim,Georginio Rutter,2022-09-02 18:30:00,0,0,0,0,False,0,1,0.14566390216350555
487452,62,0.027156399562954903,h,2022,Hoffenheim,Mainz 05,Georginio Rutter,2022-09-10 13:30:00,0,0,0,0,False,1,0,0.0
487459,79,0.4035080075263977,h,2022,Hoffenheim,Mainz 05,Georginio Rutter,2022-09-10 13:30:00,0,0,0,0,False,2,0,0.027156399562954903
489615,70,0.02630079910159111,h,2022,Hoffenheim,Freiburg,Georginio Rutter,2022-09-18 17:30:00,0,0,0,0,False,0,0,0.0
489616,92,0.0675411969423294,h,2022,Hoffenheim,Freiburg,Georginio Rutter,2022-09-18 17:30:00,0,0,0,0,False,0,0,0.02630079910159111
490851,79,0.020497500896453857,a,2022,Hertha Berlin,Hoffenheim,Georginio Rutter,2022-10-02 13:30:00,0,0,0,0,False,1,1,0.0
492703,22,0.6062510013580322,a,2022,Schalke 04,Hoffenheim,Georginio Rutter,2022-10-14 18:30:00,0,0,0,0,False,1,0,0.0
492724,82,0.14457300305366516,a,2022,Schalke 04,Hoffenheim,Georginio Rutter,2022-10-14 18:30:00,0,0,0,0,False,3,0,0.6062510013580322
494881,23,0.07539720088243484,h,2022,Hoffenheim,Bayern Munich,Georginio Rutter,2022-10-22 13:30:00,0,0,0,0,False,0,1,0.0
494884,39,0.06736479699611664,h,2022,Hoffenheim,Bayern Munich,Georginio Rutter,2022-10-22 13:30:00,0,0,0,0,False,0,2,0.07539720088243484
494890,68,0.049824900925159454,h,2022,Hoffenheim,Bayern Munich,Georginio Rutter,2022-10-22 13:30:00,0,0,0,0,False,0,2,0.14276199787855148
497979,24,0.24442900717258453,h,2022,Hoffenheim,RasenBallsport Leipzig,Georginio Rutter,2022-11-05 14:30:00,0,0,1,0,False,0,1,0.0
497987,49,0.21038900315761566,h,2022,Hoffenheim,RasenBallsport Leipzig,Georginio Rutter,2022-11-05 14:30:00,0,0,0,0,True,0,1,0.24442900717258453
498001,87,0.036833200603723526,h,2022,Hoffenheim,RasenBallsport Leipzig,Georginio Rutter,2022-11-05 14:30:00,1,0,0,0,False,1,3,0.4548180103302002
499452,52,0.08739940077066422,a,2022,Eintracht Frankfurt,Hoffenheim,Georginio Rutter,2022-11-09 19:30:00,0,0,0,0,False,2,3,0.0
500053,22,0.04800330102443695,h,2022,Hoffenheim,Wolfsburg,Georginio Rutter,2022-11-12 14:30:00,0,0,0,0,False,0,0,0.0
500064,58,0.01762470044195652,h,2022,Hoffenheim,Wolfsburg,Georginio Rutter,2022-11-12 14:30:00,0,0,0,0,False,1,1,0.04800330102443695
479168,16,0.13260400295257568,h,2022,Wolfsburg,Werder Bremen,Omar Marmoush,2022-08-06 13:30:00,0,0,0,0,False,1,0,0.0
481028,15,0.059972699731588364,a,2022,Bayern Munich,Wolfsburg,Omar Marmoush,2022-08-14 15:30:00,0,0,0,0,False,0,0,0.0
481766,4,0.03334140032529831,h,2022,Wolfsburg,Schalke 04,Omar Marmoush,2022-08-20 13:30:00,0,0,0,0,False,0,0,0.0
481769,29,0.0571104995906353,h,2022,Wolfsburg,Schalke 04,Omar Marmoush,2022-08-20 13:30:00,0,0,0,0,False,0,0,0.03334140032529831
481774,48,0.09306109696626663,h,2022,Wolfsburg,Schalke 04,Omar Marmoush,2022-08-20 13:30:00,0,0,0,0,False,0,0,0.09045189991593361
481779,54,0.04971139878034592,h,2022,Wolfsburg,Schalke 04,Omar Marmoush,2022-08-20 13:30:00,0,0,0,0,False,0,0,0.18351299688220024
483567,49,0.028309699147939682,a,2022,RasenBallsport Leipzig,Wolfsburg,Omar Marmoush,2022-08-27 13:30:00,0,0,0,0,False,0,1,0.0
483569,56,0.029239999130368233,a,2022,RasenBallsport Leipzig,Wolfsburg,Omar Marmoush,2022-08-27 13:30:00,0,0,0,0,False,0,1,0.028309699147939682
483573,59,0.09326750040054321,a,2022,RasenBallsport Leipzig,Wolfsburg,Omar Marmoush,2022-08-27 13:30:00,0,0,0,0,False,0,1,0.057549698278307915
485773,49,0.05956840142607689,h,2022,Wolfsburg,FC Cologne,Omar Marmoush,2022-09-03 13:30:00,0,0,0,0,False,1,2,0.0
489400,70,0.07332529872655869,a,2022,Union Berlin,Wolfsburg,Omar Marmoush,2022-09-18 13:30:00,0,0,0,0,False,0,1,0.0
489991,14,0.027606099843978882,h,2022,Wolfsburg,VfB Stuttgart,Omar Marmoush,2022-10-01 13:30:00,0,0,1,0,False,0,0,0.0
489995,19,0.040032800287008286,h,2022,Wolfsburg,VfB Stuttgart,Omar Marmoush,2022-10-01 13:30:00,0,0,1,0,False,0,0,0.027606099843978882
489998,22,0.02802629955112934,h,2022,Wolfsburg,VfB Stuttgart,Omar Marmoush,2022-10-01 13:30:00,0,0,0,0,True,0,1,0.06763890013098717
490007,64,0.01691720075905323,h,2022,Wolfsburg,VfB Stuttgart,Omar Marmoush,2022-10-01 13:30:00,1,0,0,0,False,2,2,0.09566519968211651
490018,93,0.07350870221853256,h,2022,Wolfsburg,VfB Stuttgart,Omar Marmoush,2022-10-01 13:30:00,1,0,0,0,False,3,2,0.11258240044116974
491498,49,0.04150009900331497,a,2022,Augsburg,Wolfsburg,Omar Marmoush,2022-10-08 13:30:00,0,0,0,0,False,1,0,0.0
493013,63,0.0520516000688076,h,2022,Wolfsburg,Borussia M.Gladbach,Omar Marmoush,2022-10-15 13:30:00,0,0,1,0,False,1,2,0.0
493015,68,0.052131298929452896,h,2022,Wolfsburg,Borussia M.Gladbach,Omar Marmoush,2022-10-15 13:30:00,0,0,0,0,True,1,2,0.0520516000688076
493021,87,0.13048900663852692,h,2022,Wolfsburg,Borussia M.Gladbach,Omar Marmoush,2022-10-15 13:30:00,1,0,0,0,False,2,2,0.1041828989982605
494971,36,0.04994640126824379,a,2022,Bayer Leverkusen,Wolfsburg,Omar Marmoush,2022-10-22 13:30:00,0,0,0,0,False,0,1,0.0
498992,2,0.10490799695253372,h,2022,Wolfsburg,Borussia Dortmund,Omar Marmoush,2022-11-08 17:30:00,0,0,0,0,False,0,0,0.0
499001,23,0.09984839707612991,h,2022,Wolfsburg,Borussia Dortmund,Omar Marmoush,2022-11-08 17:30:00,0,0,0,0,False,1,0,0.10490799695253372
499007,39,0.08731599897146225,h,2022,Wolfsburg,Borussia Dortmund,Omar Marmoush,2022-11-08 17:30:00,0,0,0,0,False,1,0,0.20475639402866364
505355,80,0.1123490035533905,a,2022,Hertha Berlin,Wolfsburg,Omar Marmoush,2023-01-24 19:30:00,0,0,1,0,False,4,0,0.0
505357,85,0.29546600580215454,a,2022,Hertha Berlin,Wolfsburg,Omar Marmoush,2023-01-24 19:30:00,0,0,0,0,True,4,0,0.1123490035533905
509536,45,0.08079619705677032,h,2022,Wolfsburg,RasenBallsport Leipzig,Omar Marmoush,2023-02-18 14:30:00,0,0,0,0,False,0,1,0.0
509543,75,0.014585199765861034,h,2022,Wolfsburg,RasenBallsport Leipzig,Omar Marmoush,2023-02-18 14:30:00,0,0,0,0,False,0,1,0.08079619705677032
512848,9,0.5309590101242065,h,2022,Wolfsburg,Eintracht Frankfurt,Omar Marmoush,2023-03-05 16:30:00,0,0,0,0,True,0,0,0.0
512849,17,0.10475300252437592,h,2022,Wolfsburg,Eintracht Frankfurt,Omar Marmoush,2023-03-05 16:30:00,1,0,0,0,False,1,0,0.5309590101242065
512854,36,0.3487449884414673,h,2022,Wolfsburg,Eintracht Frankfurt,Omar Marmoush,2023-03-05 16:30:00,1,0,0,0,False,1,2,0.6357120126485825
514361,44,0.3813120126724243,h,2022,Wolfsburg,Union Berlin,Omar Marmoush,2023-03-12 18:30:00,0,0,0,0,False,0,0,0.0
514363,47,0.05925469845533371,h,2022,Wolfsburg,Union Berlin,Omar Marmoush,2023-03-12 18:30:00,0,0,0,0,False,0,0,0.3813120126724243
514366,58,0.04109729826450348,h,2022,Wolfsburg,Union Berlin,Omar Marmoush,2023-03-12 18:30:00,0,0,0,0,False,0,0,0.440566711127758
514370,75,0.28254300355911255,h,2022,Wolfsburg,Union Berlin,Omar Marmoush,2023-03-12 18:30:00,0,0,0,0,False,0,1,0.4816640093922615
514848,55,0.060701701790094376,a,2022,VfB Stuttgart,Wolfsburg,Omar Marmoush,2023-03-18 14:30:00,0,0,0,0,True,0,0,0.0
514849,56,0.05383099988102913,a,2022,VfB Stuttgart,Wolfsburg,Omar Marmoush,2023-03-18 14:30:00,1,0,0,0,False,1,0,0.060701701790094376
514852,70,0.17832599580287933,a,2022,VfB Stuttgart,Wolfsburg,Omar Marmoush,2023-03-18 14:30:00,1,0,0,0,False,1,0,0.1145327016711235
516224,55,0.07427000254392624,h,2022,Wolfsburg,Augsburg,Omar Marmoush,2023-04-01 13:30:00,0,0,0,0,False,0,1,0.0
518651,4,0.5711380243301392,a,2022,Borussia M.Gladbach,Wolfsburg,Omar Marmoush,2023-04-09 13:30:00,0,0,0,0,False,0,0,0.0
520307,46,0.11744000017642975,h,2022,Wolfsburg,Bayer Leverkusen,Omar Marmoush,2023-04-16 17:30:00,0,0,0,0,False,0,0,0.0
523473,94,0.06382714211940765,h,2022,Wolfsburg,Mainz 05,Omar Marmoush,2023-04-30 15:30:00,0,0,0,0,False,3,0,0.0
525190,69,0.021319027990102768,a,2022,Borussia Dortmund,Wolfsburg,Omar Marmoush,2023-05-07 15:30:00,0,0,0,0,False,0,5,0.0
525194,78,0.10446514189243317,a,2022,Borussia Dortmund,Wolfsburg,Omar Marmoush,2023-05-07 15:30:00,0,0,0,0,False,0,5,0.021319027990102768
527061,83,0.0358399823307991,a,2022,Freiburg,Wolfsburg,Omar Marmoush,2023-05-19 18:30:00,0,0,0,0,False,0,2,0.0
527064,93,0.28724464774131775,a,2022,Freiburg,Wolfsburg,Omar Marmoush,2023-05-19 18:30:00,0,0,0,0,False,0,2,0.0358399823307991
529072,86,0.05167418718338013,h,2022,Wolfsburg,Hertha Berlin,Omar Marmoush,2023-05-27 13:30:00,0,0,0,0,False,1,2,0.0
529075,92,0.016990628093481064,h,2022,Wolfsburg,Hertha Berlin,Omar Marmoush,2023-05-27 13:30:00,0,0,0,0,False,1,2,0.05167418718338013
480233,0,0.018118800595402718,a,2022,RasenBallsport Leipzig,FC Cologne,Eric Martel,2022-08-13 13:30:00,0,0,0,0,False,0,0,0.0
488023,47,0.04947410151362419,h,2022,FC Cologne,Union Berlin,Eric Martel,2022-09-11 13:30:00,0,0,0,0,False,0,0,0.0
488021,47,0.10249699652194977,h,2022,FC Cologne,Union Berlin,Eric Martel,2022-09-11 13:30:00,0,0,0,0,False,0,0,0.04947410151362419
489953,82,0.024737399071455002,h,2022,FC Cologne,Borussia Dortmund,Eric Martel,2022-10-01 13:30:00,0,0,0,0,False,3,1,0.0
493710,39,0.019084900617599487,h,2022,FC Cologne,Augsburg,Eric Martel,2022-10-16 13:30:00,0,0,0,0,False,0,1,0.0
493712,45,0.03252460062503815,h,2022,FC Cologne,Augsburg,Eric Martel,2022-10-16 13:30:00,0,0,0,0,False,0,1,0.019084900617599487
494660,8,0.020511699840426445,a,2022,Mainz 05,FC Cologne,Eric Martel,2022-10-21 18:30:00,0,0,0,0,False,0,0,0.0
498832,70,0.01866080053150654,a,2022,Freiburg,FC Cologne,Eric Martel,2022-11-06 16:30:00,0,0,0,0,False,0,2,0.0
499291,76,0.020726999267935753,h,2022,FC Cologne,Bayer Leverkusen,Eric Martel,2022-11-09 17:30:00,0,0,0,0,False,1,2,0.0
500005,43,0.02943290024995804,a,2022,Hertha Berlin,FC Cologne,Eric Martel,2022-11-12 14:30:00,0,0,0,0,False,0,1,0.0
504797,16,0.04494490101933479,h,2022,FC Cologne,Werder Bremen,Eric Martel,2023-01-21 17:30:00,0,0,0,0,False,2,0,0.0
507024,5,0.025545399636030197,h,2022,FC Cologne,RasenBallsport Leipzig,Eric Martel,2023-02-04 14:30:00,0,0,0,0,False,0,0,0.0
509060,78,0.08055649697780609,h,2022,FC Cologne,Eintracht Frankfurt,Eric Martel,2023-02-12 16:30:00,0,0,0,0,False,2,0,0.0
512069,50,0.09818939864635468,a,2022,Union Berlin,FC Cologne,Eric Martel,2023-03-04 14:30:00,0,0,0,0,False,0,0,0.0
512075,67,0.030901700258255005,a,2022,Union Berlin,FC Cologne,Eric Martel,2023-03-04 14:30:00,0,0,0,0,False,0,0,0.09818939864635468
516993,37,0.013736600056290627,h,2022,FC Cologne,Borussia M.Gladbach,Eric Martel,2023-04-02 13:30:00,0,0,0,0,False,0,0,0.0
517004,87,0.05888599902391434,h,2022,FC Cologne,Borussia M.Gladbach,Eric Martel,2023-04-02 13:30:00,0,0,0,0,False,0,0,0.013736600056290627
517853,15,0.051882099360227585,a,2022,Augsburg,FC Cologne,Eric Martel,2023-04-08 13:30:00,0,0,0,0,True,1,0,0.0
517871,92,0.015417199581861496,a,2022,Augsburg,FC Cologne,Eric Martel,2023-04-08 13:30:00,1,0,0,0,False,3,1,0.051882099360227585
519342,23,0.02604749985039234,h,2022,FC Cologne,Mainz 05,Eric Martel,2023-04-15 13:30:00,0,0,0,0,False,0,1,0.0
519345,34,0.02444400079548359,h,2022,FC Cologne,Mainz 05,Eric Martel,2023-04-15 13:30:00,0,0,0,0,False,0,1,0.02604749985039234
520805,57,0.119459368288517,a,2022,Hoffenheim,FC Cologne,Eric Martel,2023-04-22 13:30:00,0,0,0,0,False,2,0,0.0
522645,1,0.020375540480017662,h,2022,FC Cologne,Freiburg,Eric Martel,2023-04-29 13:30:00,0,0,0,0,False,0,0,0.0
522650,22,0.40005403757095337,h,2022,FC Cologne,Freiburg,Eric Martel,2023-04-29 13:30:00,0,0,0,0,False,0,0,0.020375540480017662
525544,11,0.02675047144293785,h,2022,FC Cologne,Hertha Berlin,Eric Martel,2023-05-12 18:30:00,0,0,0,0,False,1,0,0.0
525545,12,0.10084480792284012,h,2022,FC Cologne,Hertha Berlin,Eric Martel,2023-05-12 18:30:00,0,0,0,0,False,1,0,0.02675047144293785
525552,30,0.030304983258247375,h,2022,FC Cologne,Hertha Berlin,Eric Martel,2023-05-12 18:30:00,0,0,0,0,False,1,1,0.12759527936577797
529034,22,0.13826407492160797,h,2022,FC Cologne,Bayern Munich,Eric Martel,2023-05-27 13:30:00,0,0,0,0,False,0,1,0.0
486600,94,0.13726499676704407,h,2022,Augsburg,Hertha Berlin,Julian Baumgartlinger,2022-09-04 13:30:00,0,0,0,0,False,0,2,0.0
497961,43,0.019498199224472046,h,2022,Augsburg,Eintracht Frankfurt,Julian Baumgartlinger,2022-11-05 14:30:00,0,0,0,0,False,1,1,0.0
505018,93,0.013527500443160534,a,2022,Borussia Dortmund,Augsburg,Julian Baumgartlinger,2023-01-22 14:30:00,0,0,0,0,False,3,4,0.0
479211,91,0.03301079943776131,h,2022,Bochum,Mainz 05,Philipp Förster,2022-08-06 13:30:00,0,0,0,0,False,1,2,0.0
482516,34,0.013979800045490265,h,2022,Bochum,Bayern Munich,Philipp Förster,2022-08-21 15:30:00,0,0,0,0,False,0,3,0.0
485735,33,0.06123499944806099,h,2022,Bochum,Werder Bremen,Philipp Förster,2022-09-03 13:30:00,0,0,0,0,False,0,0,0.0
485740,43,0.05084329843521118,h,2022,Bochum,Werder Bremen,Philipp Förster,2022-09-03 13:30:00,0,0,0,0,False,0,0,0.06123499944806099
491440,59,0.03310779854655266,h,2022,Bochum,Eintracht Frankfurt,Philipp Förster,2022-10-08 13:30:00,0,0,1,0,False,0,0,0.0
491450,90,0.11108099669218063,h,2022,Bochum,Eintracht Frankfurt,Philipp Förster,2022-10-08 13:30:00,0,0,0,0,True,1,0,0.03310779854655266
492972,23,0.024056699126958847,a,2022,VfB Stuttgart,Bochum,Philipp Förster,2022-10-15 13:30:00,0,0,0,0,False,0,2,0.0
492993,85,0.06335639953613281,a,2022,VfB Stuttgart,Bochum,Philipp Förster,2022-10-15 13:30:00,0,0,0,0,False,1,4,0.024056699126958847
496353,40,0.06059049814939499,a,2022,Wolfsburg,Bochum,Philipp Förster,2022-10-29 13:30:00,0,0,0,0,False,0,2,0.0
499159,60,0.07795310020446777,h,2022,Bochum,Borussia M.Gladbach,Philipp Förster,2022-11-08 19:30:00,0,0,0,0,False,2,0,0.0
504530,4,0.06879200041294098,h,2022,Bochum,Hertha Berlin,Philipp Förster,2023-01-21 14:30:00,0,0,0,0,False,0,0,0.0
506953,29,0.09987819939851761,h,2022,Bochum,Hoffenheim,Philipp Förster,2023-02-04 14:30:00,0,0,0,0,True,1,0,0.0
525817,52,0.09205783903598785,h,2022,Bochum,Augsburg,Philipp Förster,2023-05-13 13:30:00,0,0,0,0,False,1,1,0.0
525822,70,0.014715941622853279,h,2022,Bochum,Augsburg,Philipp Förster,2023-05-13 13:30:00,0,0,0,0,False,2,1,0.09205783903598785
527365,30,0.014982856810092926,a,2022,Hertha Berlin,Bochum,Philipp Förster,2023-05-20 13:30:00,0,0,0,0,False,0,0,0.0
527366,33,0.09444022923707962,a,2022,Hertha Berlin,Bochum,Philipp Förster,2023-05-20 13:30:00,0,0,0,0,False,0,0,0.014982856810092926
529012,18,0.45103028416633606,h,2022,Bochum,Bayer Leverkusen,Philipp Förster,2023-05-27 13:30:00,0,0,0,0,True,0,0,0.0
488719,63,0.016282500699162483,a,2022,Bayer Leverkusen,Werder Bremen,Marco Friedl,2022-09-17 13:30:00,0,0,0,0,False,0,1,0.0
504813,75,0,a,2022,FC Cologne,Werder Bremen,Marco Friedl,2023-01-21 17:30:00,0,0,0,0,False,1,6,0.0
505515,24,0.05380930006504059,h,2022,Werder Bremen,Union Berlin,Marco Friedl,2023-01-25 19:30:00,0,0,0,0,False,1,1,0.0
505746,40,0.08126170188188553,h,2022,Werder Bremen,Wolfsburg,Marco Friedl,2023-01-28 14:30:00,0,0,0,0,False,1,0,0.0
509882,6,0,a,2022,Eintracht Frankfurt,Werder Bremen,Marco Friedl,2023-02-18 17:30:00,0,0,0,0,False,0,0,0.0
517894,88,0.007924229837954044,a,2022,Mainz 05,Werder Bremen,Marco Friedl,2023-04-08 13:30:00,0,0,0,0,False,1,1,0.0
520748,71,0.11739584058523178,a,2022,Hertha Berlin,Werder Bremen,Marco Friedl,2023-04-22 13:30:00,0,0,0,0,False,4,1,0.0
527311,89,0.02793421596288681,h,2022,Werder Bremen,FC Cologne,Marco Friedl,2023-05-20 13:30:00,0,0,0,0,False,1,1,0.0
479758,43,0.036443598568439484,h,2022,VfB Stuttgart,RasenBallsport Leipzig,Tiago Tomás,2022-08-07 13:30:00,0,0,0,0,False,1,1,0.0
480263,41,0.05508660152554512,a,2022,Werder Bremen,VfB Stuttgart,Tiago Tomás,2022-08-13 13:30:00,0,0,0,0,False,1,1,0.0
480265,54,0.05302409827709198,a,2022,Werder Bremen,VfB Stuttgart,Tiago Tomás,2022-08-13 13:30:00,0,0,0,0,False,1,1,0.05508660152554512
485810,87,0.016264699399471283,h,2022,VfB Stuttgart,Schalke 04,Tiago Tomás,2022-09-03 13:30:00,0,0,0,0,False,1,1,0.0
487396,41,0.02304060012102127,a,2022,Bayern Munich,VfB Stuttgart,Tiago Tomás,2022-09-10 13:30:00,0,0,0,0,False,0,1,0.0
488689,78,0.01900790072977543,h,2022,VfB Stuttgart,Eintracht Frankfurt,Tiago Tomás,2022-09-17 13:30:00,0,0,0,0,True,0,2,0.0
490012,81,0.02199539914727211,a,2022,Wolfsburg,VfB Stuttgart,Tiago Tomás,2022-10-01 13:30:00,0,0,0,0,False,2,2,0.0
490013,82,0.016113700345158577,a,2022,Wolfsburg,VfB Stuttgart,Tiago Tomás,2022-10-01 13:30:00,0,0,0,0,False,2,2,0.02199539914727211
490015,88,0.039112698286771774,a,2022,Wolfsburg,VfB Stuttgart,Tiago Tomás,2022-10-01 13:30:00,0,0,0,0,False,2,2,0.03810909949243069
492488,79,0.043760500848293304,h,2022,VfB Stuttgart,Union Berlin,Tiago Tomás,2022-10-09 17:30:00,0,0,0,0,False,0,1,0.0
494990,8,0.0565406009554863,a,2022,Borussia Dortmund,VfB Stuttgart,Tiago Tomás,2022-10-22 13:30:00,0,0,0,0,False,0,1,0.0
497648,10,0.3846850097179413,a,2022,Borussia M.Gladbach,VfB Stuttgart,Tiago Tomás,2022-11-04 18:30:00,0,0,1,0,False,0,1,0.0
497655,34,0.0779723972082138,a,2022,Borussia M.Gladbach,VfB Stuttgart,Tiago Tomás,2022-11-04 18:30:00,0,0,0,0,True,0,2,0.3846850097179413
497667,82,0.012672300450503826,a,2022,Borussia M.Gladbach,VfB Stuttgart,Tiago Tomás,2022-11-04 18:30:00,1,0,0,0,False,1,2,0.4626574069261551
499198,21,0.5333139896392822,h,2022,VfB Stuttgart,Hertha Berlin,Tiago Tomás,2022-11-08 19:30:00,0,0,0,0,False,1,1,0.0
499199,24,0.04491329938173294,h,2022,VfB Stuttgart,Hertha Berlin,Tiago Tomás,2022-11-08 19:30:00,0,0,0,0,False,1,1,0.5333139896392822
499209,55,0.09101209789514542,h,2022,VfB Stuttgart,Hertha Berlin,Tiago Tomás,2022-11-08 19:30:00,0,0,0,0,False,1,1,0.5782272890210152
504502,17,0.007291490212082863,h,2022,VfB Stuttgart,Mainz 05,Tiago Tomás,2023-01-21 14:30:00,0,0,0,0,False,0,0,0.0
504505,26,0.019141599535942078,h,2022,VfB Stuttgart,Mainz 05,Tiago Tomás,2023-01-21 14:30:00,0,0,0,0,False,0,0,0.007291490212082863
510985,89,0.011336499825119972,a,2022,Schalke 04,VfB Stuttgart,Tiago Tomás,2023-02-25 17:30:00,0,0,0,0,False,1,2,0.0
514853,74,0.07458209991455078,h,2022,VfB Stuttgart,Wolfsburg,Tiago Tomás,2023-03-18 14:30:00,0,0,0,0,False,0,1,0.0
516240,14,0.016011200845241547,a,2022,Union Berlin,VfB Stuttgart,Tiago Tomás,2023-04-01 13:30:00,0,0,0,0,False,0,0,0.0
516247,42,0.29446399211883545,a,2022,Union Berlin,VfB Stuttgart,Tiago Tomás,2023-04-01 13:30:00,0,0,0,0,False,0,0,0.016011200845241547
516250,46,0.016770299524068832,a,2022,Union Berlin,VfB Stuttgart,Tiago Tomás,2023-04-01 13:30:00,0,0,0,0,False,0,0,0.310475192964077
522722,74,0.028942758217453957,h,2022,VfB Stuttgart,Borussia M.Gladbach,Tiago Tomás,2023-04-29 13:30:00,0,0,0,0,False,1,0,0.0
524543,41,0.022637158632278442,a,2022,Hertha Berlin,VfB Stuttgart,Tiago Tomás,2023-05-06 13:30:00,0,0,0,0,False,1,1,0.0
526595,51,0.0727844387292862,h,2022,VfB Stuttgart,Bayer Leverkusen,Tiago Tomás,2023-05-14 13:30:00,0,0,0,0,False,0,0,0.0
528990,67,0.0537458099424839,h,2022,VfB Stuttgart,Hoffenheim,Tiago Tomás,2023-05-27 13:30:00,0,0,1,0,False,0,0,0.0
528991,68,0.027808424085378647,h,2022,VfB Stuttgart,Hoffenheim,Tiago Tomás,2023-05-27 13:30:00,0,0,1,0,False,0,0,0.0537458099424839
528995,73,0.08220590651035309,h,2022,VfB Stuttgart,Hoffenheim,Tiago Tomás,2023-05-27 13:30:00,0,0,1,0,False,0,0,0.08155423402786255
528998,79,0.06645749509334564,h,2022,VfB Stuttgart,Hoffenheim,Tiago Tomás,2023-05-27 13:30:00,0,0,0,0,True,0,1,0.16376014053821564
529002,87,0.04252944514155388,h,2022,VfB Stuttgart,Hoffenheim,Tiago Tomás,2023-05-27 13:30:00,1,0,0,0,False,1,1,0.23021763563156128
529005,93,0.06766762584447861,h,2022,VfB Stuttgart,Hoffenheim,Tiago Tomás,2023-05-27 13:30:00,1,0,0,0,False,1,1,0.27274708077311516
529006,95,0.048597343266010284,h,2022,VfB Stuttgart,Hoffenheim,Tiago Tomás,2023-05-27 13:30:00,1,0,0,0,False,1,1,0.34041470661759377
479229,52,0.08218369632959366,a,2022,Augsburg,Freiburg,Roland Sallai,2022-08-06 13:30:00,0,0,0,0,False,2,0,0.0
479230,54,0.055612798780202866,a,2022,Augsburg,Freiburg,Roland Sallai,2022-08-06 13:30:00,0,0,0,0,False,2,0,0.08218369632959366
479237,73,0.3996860086917877,a,2022,Augsburg,Freiburg,Roland Sallai,2022-08-06 13:30:00,0,0,0,0,False,3,0,0.13779649510979652
480042,16,0.07201209664344788,h,2022,Freiburg,Borussia Dortmund,Roland Sallai,2022-08-12 18:30:00,0,0,0,0,False,0,0,0.0
480044,22,0.011604700237512589,h,2022,Freiburg,Borussia Dortmund,Roland Sallai,2022-08-12 18:30:00,0,0,0,0,False,0,0,0.07201209664344788
480056,64,0.07075320184230804,h,2022,Freiburg,Borussia Dortmund,Roland Sallai,2022-08-12 18:30:00,0,0,0,0,False,1,0,0.08361679688096046
481724,23,0.04631510004401207,a,2022,VfB Stuttgart,Freiburg,Roland Sallai,2022-08-20 13:30:00,0,0,0,0,False,1,0,0.0
481729,45,0.016524599865078926,a,2022,VfB Stuttgart,Freiburg,Roland Sallai,2022-08-20 13:30:00,0,0,0,0,False,1,0,0.04631510004401207
483275,21,0.6355479955673218,h,2022,Freiburg,Bochum,Roland Sallai,2022-08-26 18:30:00,0,0,0,0,False,0,0,0.0
483279,30,0.0484578013420105,h,2022,Freiburg,Bochum,Roland Sallai,2022-08-26 18:30:00,0,0,0,0,False,0,0,0.6355479955673218
483281,40,0.05313260108232498,h,2022,Freiburg,Bochum,Roland Sallai,2022-08-26 18:30:00,0,0,0,0,False,0,0,0.6840057969093323
483282,42,0.12257000058889389,h,2022,Freiburg,Bochum,Roland Sallai,2022-08-26 18:30:00,0,0,0,0,False,0,0,0.7371383979916573
483290,55,0.04495939984917641,h,2022,Freiburg,Bochum,Roland Sallai,2022-08-26 18:30:00,0,0,0,0,False,1,0,0.8597083985805511
483295,58,0.02796199917793274,h,2022,Freiburg,Bochum,Roland Sallai,2022-08-26 18:30:00,0,0,0,0,False,1,0,0.9046677984297276
500812,87,0.08470319956541061,h,2022,Freiburg,Union Berlin,Roland Sallai,2022-11-13 16:30:00,0,0,0,0,False,4,1,0.0
506991,70,0.008531400002539158,a,2022,Borussia Dortmund,Freiburg,Roland Sallai,2023-02-04 14:30:00,0,0,0,0,False,1,4,0.0
508338,10,0.05630490183830261,h,2022,Freiburg,VfB Stuttgart,Roland Sallai,2023-02-11 14:30:00,0,0,0,0,False,0,0,0.0
508339,10,0.36132100224494934,h,2022,Freiburg,VfB Stuttgart,Roland Sallai,2023-02-11 14:30:00,0,0,0,0,False,0,0,0.05630490183830261
509493,79,0.25990399718284607,a,2022,Bochum,Freiburg,Roland Sallai,2023-02-18 14:30:00,0,0,0,0,False,2,0,0.0
511380,52,0.016594799235463142,h,2022,Freiburg,Bayer Leverkusen,Roland Sallai,2023-02-26 14:30:00,0,0,0,0,False,1,0,0.0
511382,56,0.017919499427080154,h,2022,Freiburg,Bayer Leverkusen,Roland Sallai,2023-02-26 14:30:00,0,0,0,0,False,1,0,0.016594799235463142
511998,3,0.024127500131726265,a,2022,Borussia M.Gladbach,Freiburg,Roland Sallai,2023-03-04 14:30:00,0,0,0,0,False,0,0,0.0
512008,48,0.037420399487018585,a,2022,Borussia M.Gladbach,Freiburg,Roland Sallai,2023-03-04 14:30:00,0,0,0,0,False,0,0,0.024127500131726265
512011,55,0.024900399148464203,a,2022,Borussia M.Gladbach,Freiburg,Roland Sallai,2023-03-04 14:30:00,0,0,0,0,False,0,0,0.06154789961874485
517919,65,0.041721999645233154,h,2022,Freiburg,Bayern Munich,Roland Sallai,2023-04-08 13:30:00,0,0,0,0,False,0,1,0.0
517921,69,0.20881600677967072,h,2022,Freiburg,Bayern Munich,Roland Sallai,2023-04-08 13:30:00,0,0,0,0,False,0,1,0.041721999645233154
520098,49,0.10629899799823761,a,2022,Werder Bremen,Freiburg,Roland Sallai,2023-04-16 13:30:00,0,0,1,0,False,0,1,0.0
520100,65,0.07570129632949829,a,2022,Werder Bremen,Freiburg,Roland Sallai,2023-04-16 13:30:00,0,0,0,0,True,0,1,0.10629899799823761
525941,34,0.05519964545965195,a,2022,Union Berlin,Freiburg,Roland Sallai,2023-05-13 13:30:00,0,0,0,0,False,0,1,0.0
525952,78,0.06741771847009659,a,2022,Union Berlin,Freiburg,Roland Sallai,2023-05-13 13:30:00,0,0,0,0,False,2,3,0.05519964545965195
527040,5,0.017942098900675774,h,2022,Freiburg,Wolfsburg,Roland Sallai,2023-05-19 18:30:00,0,0,0,0,False,0,0,0.0
527053,55,0.059546586126089096,h,2022,Freiburg,Wolfsburg,Roland Sallai,2023-05-19 18:30:00,0,0,0,0,False,0,0,0.017942098900675774
487465,14,0.3890179991722107,a,2022,Eintracht Frankfurt,Wolfsburg,Bartol Franjic,2022-09-10 13:30:00,0,0,0,0,False,0,0,0.0
505354,79,0.05266189947724342,a,2022,Hertha Berlin,Wolfsburg,Bartol Franjic,2023-01-24 19:30:00,0,0,0,0,False,4,0,0.0
478993,8,0.12770600616931915,a,2022,Eintracht Frankfurt,Bayern Munich,Thomas Müller,2022-08-05 18:30:00,0,0,0,0,False,1,0,0.0
478994,9,0.10382699966430664,a,2022,Eintracht Frankfurt,Bayern Munich,Thomas Müller,2022-08-05 18:30:00,0,0,0,0,False,1,0,0.12770600616931915
479000,22,0.6150209903717041,a,2022,Eintracht Frankfurt,Bayern Munich,Thomas Müller,2022-08-05 18:30:00,0,0,0,0,False,2,0,0.2315330058336258
481039,42,0.13693299889564514,h,2022,Bayern Munich,Wolfsburg,Thomas Müller,2022-08-14 15:30:00,0,0,0,0,True,1,0,0.0
481043,55,0.037318699061870575,h,2022,Bayern Munich,Wolfsburg,Thomas Müller,2022-08-14 15:30:00,1,0,0,0,False,2,0,0.13693299889564514
481051,70,0.05105900019407272,h,2022,Bayern Munich,Wolfsburg,Thomas Müller,2022-08-14 15:30:00,1,0,0,0,False,2,0,0.17425169795751572
482506,15,0.051452700048685074,a,2022,Bochum,Bayern Munich,Thomas Müller,2022-08-21 15:30:00,0,0,0,0,False,1,0,0.0
482514,32,0.6271049976348877,a,2022,Bochum,Bayern Munich,Thomas Müller,2022-08-21 15:30:00,0,0,0,0,False,2,0,0.051452700048685074
483904,47,0.09612669795751572,h,2022,Bayern Munich,Borussia M.Gladbach,Thomas Müller,2022-08-27 16:30:00,0,0,0,0,False,0,1,0.0
483915,70,0.09769559651613235,h,2022,Bayern Munich,Borussia M.Gladbach,Thomas Müller,2022-08-27 16:30:00,0,0,0,0,False,0,1,0.09612669795751572
488625,38,0.05949379876255989,a,2022,Augsburg,Bayern Munich,Thomas Müller,2022-09-17 13:30:00,0,0,0,0,False,0,0,0.0
488634,60,0.28164300322532654,a,2022,Augsburg,Bayern Munich,Thomas Müller,2022-09-17 13:30:00,0,0,0,0,False,0,1,0.05949379876255989
489723,34,0.04214540123939514,h,2022,Bayern Munich,Bayer Leverkusen,Thomas Müller,2022-09-30 18:30:00,0,0,1,0,False,2,0,0.0
489740,83,0.38309600949287415,h,2022,Bayern Munich,Bayer Leverkusen,Thomas Müller,2022-09-30 18:30:00,0,0,0,0,True,3,0,0.04214540123939514
504387,92,0.0649539977312088,a,2022,RasenBallsport Leipzig,Bayern Munich,Thomas Müller,2023-01-20 19:30:00,0,0,0,0,False,1,1,0.0
505403,78,0.03950360044836998,h,2022,Bayern Munich,FC Cologne,Thomas Müller,2023-01-24 19:30:00,0,0,0,0,False,0,1,0.0
505936,29,0.38734400272369385,h,2022,Bayern Munich,Eintracht Frankfurt,Thomas Müller,2023-01-28 17:30:00,0,0,0,0,False,0,0,0.0
505933,29,0.11950600147247314,h,2022,Bayern Munich,Eintracht Frankfurt,Thomas Müller,2023-01-28 17:30:00,0,0,0,0,False,0,0,0.38734400272369385
505949,87,0.0654606968164444,h,2022,Bayern Munich,Eintracht Frankfurt,Thomas Müller,2023-01-28 17:30:00,0,0,0,0,False,1,1,0.506850004196167
507777,18,0.014174699783325195,a,2022,Wolfsburg,Bayern Munich,Thomas Müller,2023-02-05 16:30:00,0,0,0,0,True,2,0,0.0
508311,27,0.028071999549865723,h,2022,Bayern Munich,Bochum,Thomas Müller,2023-02-11 14:30:00,0,0,1,0,False,0,0,0.0
508314,40,0.2927759885787964,h,2022,Bayern Munich,Bochum,Thomas Müller,2023-02-11 14:30:00,0,0,0,0,True,0,0,0.028071999549865723
511446,4,0.5112180113792419,h,2022,Bayern Munich,Union Berlin,Thomas Müller,2023-02-26 16:30:00,0,0,0,0,False,0,0,0.0
511450,28,0.12329299747943878,h,2022,Bayern Munich,Union Berlin,Thomas Müller,2023-02-26 16:30:00,0,0,0,0,False,0,0,0.5112180113792419
511461,61,0.13975100219249725,h,2022,Bayern Munich,Union Berlin,Thomas Müller,2023-02-26 16:30:00,0,0,0,0,False,3,0,0.6345110088586807
511464,70,0.5186409950256348,h,2022,Bayern Munich,Union Berlin,Thomas Müller,2023-02-26 16:30:00,0,0,0,0,False,3,0,0.774262011051178
512370,71,0.12217999994754791,a,2022,VfB Stuttgart,Bayern Munich,Thomas Müller,2023-03-04 17:30:00,0,0,0,0,False,2,0,0.0
516605,17,0.48737698793411255,h,2022,Bayern Munich,Borussia Dortmund,Thomas Müller,2023-04-01 16:30:00,0,0,1,0,True,0,0,0.0
516608,22,0.5839380025863647,h,2022,Bayern Munich,Borussia Dortmund,Thomas Müller,2023-04-01 16:30:00,1,0,0,0,True,1,0,0.48737698793411255
516616,60,0.10713899880647659,h,2022,Bayern Munich,Borussia Dortmund,Thomas Müller,2023-04-01 16:30:00,1,0,0,0,False,3,0,1.0713149905204773
517907,37,0.13466499745845795,a,2022,Freiburg,Bayern Munich,Thomas Müller,2023-04-08 13:30:00,0,0,0,0,False,0,0,0.0
519361,30,0.08093489706516266,h,2022,Bayern Munich,Hoffenheim,Thomas Müller,2023-04-15 13:30:00,0,0,0,0,False,1,0,0.0
519376,85,0.05904050171375275,h,2022,Bayern Munich,Hoffenheim,Thomas Müller,2023-04-15 13:30:00,0,0,0,0,False,1,1,0.08093489706516266
520703,13,0.4257373809814453,a,2022,Mainz 05,Bayern Munich,Thomas Müller,2023-04-22 13:30:00,0,0,0,0,False,0,0,0.0
520715,55,0.06331433355808258,a,2022,Mainz 05,Bayern Munich,Thomas Müller,2023-04-22 13:30:00,0,0,0,0,False,1,0,0.4257373809814453
520716,59,0.08585675805807114,a,2022,Mainz 05,Bayern Munich,Thomas Müller,2023-04-22 13:30:00,0,0,0,0,False,1,0,0.4890517145395279
525905,9,0.14333194494247437,h,2022,Bayern Munich,Schalke 04,Thomas Müller,2023-05-13 13:30:00,0,0,1,0,False,0,0,0.0
525906,9,0.1463596224784851,h,2022,Bayern Munich,Schalke 04,Thomas Müller,2023-05-13 13:30:00,0,0,1,0,False,0,0,0.14333194494247437
525908,13,0.29654553532600403,h,2022,Bayern Munich,Schalke 04,Thomas Müller,2023-05-13 13:30:00,0,0,1,0,False,0,0,0.2896915674209595
525911,20,0.07521983236074448,h,2022,Bayern Munich,Schalke 04,Thomas Müller,2023-05-13 13:30:00,0,0,0,0,True,0,0,0.5862371027469635
525924,62,0.5366227626800537,h,2022,Bayern Munich,Schalke 04,Thomas Müller,2023-05-13 13:30:00,1,0,0,0,False,3,0,0.661456935107708
525929,74,0.03569262847304344,h,2022,Bayern Munich,Schalke 04,Thomas Müller,2023-05-13 13:30:00,1,0,0,0,False,4,0,1.1980796977877617
525934,89,0.10613112151622772,h,2022,Bayern Munich,Schalke 04,Thomas Müller,2023-05-13 13:30:00,1,0,0,0,False,5,0,1.2337723262608051
527664,17,0.5048553943634033,h,2022,Bayern Munich,RasenBallsport Leipzig,Thomas Müller,2023-05-20 16:30:00,0,0,0,0,False,0,0,0.0
527689,91,0.0448671393096447,h,2022,Bayern Munich,RasenBallsport Leipzig,Thomas Müller,2023-05-20 16:30:00,0,0,0,0,False,1,3,0.5048553943634033
529033,18,0.08337810635566711,a,2022,FC Cologne,Bayern Munich,Thomas Müller,2023-05-27 13:30:00,0,0,0,0,False,1,0,0.0
479759,46,0.11337800323963165,h,2022,VfB Stuttgart,RasenBallsport Leipzig,Silas Wamangituka,2022-08-07 13:30:00,0,0,0,0,False,1,1,0.0
480270,76,0.49602898955345154,a,2022,Werder Bremen,VfB Stuttgart,Silas Wamangituka,2022-08-13 13:30:00,0,0,0,0,True,1,1,0.0
480271,79,0.40126898884773254,a,2022,Werder Bremen,VfB Stuttgart,Silas Wamangituka,2022-08-13 13:30:00,1,0,0,0,False,2,1,0.49602898955345154
484387,3,0.0816807970404625,a,2022,FC Cologne,VfB Stuttgart,Silas Wamangituka,2022-08-28 13:30:00,0,0,0,0,False,0,0,0.0
484390,21,0.32450300455093384,a,2022,FC Cologne,VfB Stuttgart,Silas Wamangituka,2022-08-28 13:30:00,0,0,0,0,False,0,0,0.0816807970404625
484392,27,0.06563860177993774,a,2022,FC Cologne,VfB Stuttgart,Silas Wamangituka,2022-08-28 13:30:00,0,0,0,0,False,0,0,0.40618380159139633
484395,37,0.2932319939136505,a,2022,FC Cologne,VfB Stuttgart,Silas Wamangituka,2022-08-28 13:30:00,0,0,0,0,False,0,0,0.4718224033713341
484399,49,0.023030899465084076,a,2022,FC Cologne,VfB Stuttgart,Silas Wamangituka,2022-08-28 13:30:00,0,0,0,0,False,0,0,0.7650543972849846
485789,4,0.0988038033246994,h,2022,VfB Stuttgart,Schalke 04,Silas Wamangituka,2022-09-03 13:30:00,0,0,0,0,False,0,0,0.0
485806,74,0.0655272975564003,h,2022,VfB Stuttgart,Schalke 04,Silas Wamangituka,2022-09-03 13:30:00,0,0,0,0,False,1,1,0.0988038033246994
488681,60,0.04842250049114227,h,2022,VfB Stuttgart,Eintracht Frankfurt,Silas Wamangituka,2022-09-17 13:30:00,0,0,0,0,False,0,2,0.0
490005,56,0.07948590070009232,a,2022,Wolfsburg,VfB Stuttgart,Silas Wamangituka,2022-10-01 13:30:00,0,0,0,0,False,2,2,0.0
492483,58,0.09535659849643707,h,2022,VfB Stuttgart,Union Berlin,Silas Wamangituka,2022-10-09 17:30:00,0,0,0,0,False,0,0,0.0
492967,2,0.7577769756317139,h,2022,VfB Stuttgart,Bochum,Silas Wamangituka,2022-10-15 13:30:00,0,0,1,0,True,0,0,0.0
492981,45,0.06185130029916763,h,2022,VfB Stuttgart,Bochum,Silas Wamangituka,2022-10-15 13:30:00,1,0,1,0,False,2,1,0.7577769756317139
492988,63,0.094309501349926,h,2022,VfB Stuttgart,Bochum,Silas Wamangituka,2022-10-15 13:30:00,1,0,0,0,True,2,1,0.8196282759308815
492994,86,0.10965300351381302,h,2022,VfB Stuttgart,Bochum,Silas Wamangituka,2022-10-15 13:30:00,1,0,0,0,False,4,1,0.9139377772808075
494995,24,0.03783849999308586,a,2022,Borussia Dortmund,VfB Stuttgart,Silas Wamangituka,2022-10-22 13:30:00,0,0,0,0,False,0,2,0.0
496386,47,0.09241890162229538,h,2022,VfB Stuttgart,Augsburg,Silas Wamangituka,2022-10-29 13:30:00,0,0,0,0,False,1,1,0.0
499195,15,0.25927698612213135,h,2022,VfB Stuttgart,Hertha Berlin,Silas Wamangituka,2022-11-08 19:30:00,0,0,0,0,False,1,0,0.0
499197,21,0.06715390086174011,h,2022,VfB Stuttgart,Hertha Berlin,Silas Wamangituka,2022-11-08 19:30:00,0,0,0,0,False,1,1,0.25927698612213135
504500,3,0.01985670067369938,h,2022,VfB Stuttgart,Mainz 05,Silas Wamangituka,2023-01-21 14:30:00,0,0,0,0,False,0,0,0.0
504518,63,0.018370099365711212,h,2022,VfB Stuttgart,Mainz 05,Silas Wamangituka,2023-01-21 14:30:00,0,0,0,0,False,1,1,0.01985670067369938
505365,45,0.055107299238443375,a,2022,Hoffenheim,VfB Stuttgart,Silas Wamangituka,2023-01-24 19:30:00,0,0,0,0,False,0,1,0.0
509505,25,0.09758110344409943,h,2022,VfB Stuttgart,FC Cologne,Silas Wamangituka,2023-02-18 14:30:00,0,0,0,0,False,1,0,0.0
509518,62,0.13042999804019928,h,2022,VfB Stuttgart,FC Cologne,Silas Wamangituka,2023-02-18 14:30:00,0,0,0,0,False,2,0,0.09758110344409943
510977,65,0.5616430044174194,a,2022,Schalke 04,VfB Stuttgart,Silas Wamangituka,2023-02-25 17:30:00,0,0,0,0,False,1,2,0.0
510978,67,0.06815789639949799,a,2022,Schalke 04,VfB Stuttgart,Silas Wamangituka,2023-02-25 17:30:00,0,0,0,0,False,1,2,0.5616430044174194
510986,93,0.04412290081381798,a,2022,Schalke 04,VfB Stuttgart,Silas Wamangituka,2023-02-25 17:30:00,0,0,0,0,False,1,2,0.6298009008169174
512358,35,0.07117299735546112,h,2022,VfB Stuttgart,Bayern Munich,Silas Wamangituka,2023-03-04 17:30:00,0,0,0,0,False,0,0,0.0
512363,42,0.06061730161309242,h,2022,VfB Stuttgart,Bayern Munich,Silas Wamangituka,2023-03-04 17:30:00,0,0,0,0,False,0,1,0.07117299735546112
513386,74,0.11812300235033035,a,2022,Eintracht Frankfurt,VfB Stuttgart,Silas Wamangituka,2023-03-11 14:30:00,0,0,0,0,True,0,1,0.0
513390,91,0.02016489952802658,a,2022,Eintracht Frankfurt,VfB Stuttgart,Silas Wamangituka,2023-03-11 14:30:00,1,0,0,0,False,1,1,0.11812300235033035
518807,89,0.46235498785972595,a,2022,Bochum,VfB Stuttgart,Silas Wamangituka,2023-04-09 15:30:00,0,0,0,0,False,3,2,0.0
519328,65,0.10518600046634674,h,2022,VfB Stuttgart,Borussia Dortmund,Silas Wamangituka,2023-04-15 13:30:00,0,0,1,0,False,0,2,0.0
519339,96,0.07794349640607834,h,2022,VfB Stuttgart,Borussia Dortmund,Silas Wamangituka,2023-04-15 13:30:00,0,0,0,0,True,2,3,0.10518600046634674
522711,39,0.07851221412420273,h,2022,VfB Stuttgart,Borussia M.Gladbach,Silas Wamangituka,2023-04-29 13:30:00,0,0,0,0,False,1,0,0.0
522713,41,0.3295843005180359,h,2022,VfB Stuttgart,Borussia M.Gladbach,Silas Wamangituka,2023-04-29 13:30:00,0,0,0,0,False,1,0,0.07851221412420273
522719,63,0.11474480479955673,h,2022,VfB Stuttgart,Borussia M.Gladbach,Silas Wamangituka,2023-04-29 13:30:00,0,0,0,0,False,1,0,0.4080965146422386
522720,64,0.017138410359621048,h,2022,VfB Stuttgart,Borussia M.Gladbach,Silas Wamangituka,2023-04-29 13:30:00,0,0,0,0,False,1,0,0.5228413194417953
524548,77,0.015139378607273102,a,2022,Hertha Berlin,VfB Stuttgart,Silas Wamangituka,2023-05-06 13:30:00,0,0,0,0,False,1,2,0.0
524551,92,0.0443585030734539,a,2022,Hertha Berlin,VfB Stuttgart,Silas Wamangituka,2023-05-06 13:30:00,0,0,0,0,False,1,2,0.015139378607273102
480176,2,0.42762601375579834,h,2022,Hertha Berlin,Eintracht Frankfurt,Suat Serdar,2022-08-13 13:30:00,0,0,0,0,True,0,0,0.0
480179,19,0.02520349994301796,h,2022,Hertha Berlin,Eintracht Frankfurt,Suat Serdar,2022-08-13 13:30:00,1,0,0,0,False,1,0,0.42762601375579834
480198,82,0.511339008808136,h,2022,Hertha Berlin,Eintracht Frankfurt,Suat Serdar,2022-08-13 13:30:00,1,0,0,0,False,1,1,0.4528295136988163
481538,44,0.01901629939675331,a,2022,Borussia M.Gladbach,Hertha Berlin,Suat Serdar,2022-08-19 18:30:00,0,0,0,0,False,0,1,0.0
483484,65,0.01910029910504818,h,2022,Hertha Berlin,Borussia Dortmund,Suat Serdar,2022-08-27 13:30:00,0,0,0,0,False,0,1,0.0
487488,23,0.07694640010595322,h,2022,Hertha Berlin,Bayer Leverkusen,Suat Serdar,2022-09-10 13:30:00,0,0,1,0,False,0,0,0.0
487491,36,0.04530949890613556,h,2022,Hertha Berlin,Bayer Leverkusen,Suat Serdar,2022-09-10 13:30:00,0,0,1,0,False,0,0,0.07694640010595322
487496,55,0.5971149802207947,h,2022,Hertha Berlin,Bayer Leverkusen,Suat Serdar,2022-09-10 13:30:00,0,0,0,0,True,0,1,0.12225589901208878
492602,60,0.03862610086798668,h,2022,Hertha Berlin,Freiburg,Suat Serdar,2022-10-09 15:30:00,0,0,0,0,True,1,1,0.0
496164,53,0.018628999590873718,a,2022,Werder Bremen,Hertha Berlin,Suat Serdar,2022-10-28 18:30:00,0,0,0,0,False,0,0,0.0
499202,35,0.05816679820418358,a,2022,VfB Stuttgart,Hertha Berlin,Suat Serdar,2022-11-08 19:30:00,0,0,0,0,False,1,1,0.0
500015,85,0.08326610177755356,h,2022,Hertha Berlin,FC Cologne,Suat Serdar,2022-11-12 14:30:00,0,0,0,0,False,2,0,0.0
504549,86,0.06732329726219177,a,2022,Bochum,Hertha Berlin,Suat Serdar,2023-01-21 14:30:00,0,0,0,0,True,0,3,0.0
505338,24,0.03400940075516701,h,2022,Hertha Berlin,Wolfsburg,Suat Serdar,2023-01-24 19:30:00,0,0,0,0,False,0,1,0.0
505695,1,0.022242600098252296,h,2022,Hertha Berlin,Union Berlin,Suat Serdar,2023-01-28 14:30:00,0,0,0,0,False,0,0,0.0
507043,23,0.09504610300064087,a,2022,Eintracht Frankfurt,Hertha Berlin,Suat Serdar,2023-02-04 14:30:00,0,0,0,0,False,0,1,0.0
507049,51,0.08138789981603622,a,2022,Eintracht Frankfurt,Hertha Berlin,Suat Serdar,2023-02-04 14:30:00,0,0,0,0,False,0,2,0.09504610300064087
507051,61,0.0165570005774498,a,2022,Eintracht Frankfurt,Hertha Berlin,Suat Serdar,2023-02-04 14:30:00,0,0,0,0,False,0,2,0.1764340028166771
508969,50,0.07484520226716995,h,2022,Hertha Berlin,Borussia M.Gladbach,Suat Serdar,2023-02-12 14:30:00,0,0,0,0,False,1,1,0.0
510715,65,0.05396470054984093,h,2022,Hertha Berlin,Augsburg,Suat Serdar,2023-02-25 14:30:00,0,0,0,0,False,1,0,0.0
513392,8,0.023737700656056404,h,2022,Hertha Berlin,Mainz 05,Suat Serdar,2023-03-11 14:30:00,0,0,0,0,False,0,0,0.0
514919,24,0.080622099339962,a,2022,Hoffenheim,Hertha Berlin,Suat Serdar,2023-03-18 14:30:00,0,0,0,0,False,0,1,0.0
516146,80,0.016062499955296516,a,2022,Freiburg,Hertha Berlin,Suat Serdar,2023-04-01 13:30:00,0,0,0,0,False,1,1,0.0
518319,81,0.07433349639177322,h,2022,Hertha Berlin,RasenBallsport Leipzig,Suat Serdar,2023-04-08 16:30:00,0,0,0,0,False,0,1,0.0
479120,13,0.037473298609256744,h,2022,Union Berlin,Hertha Berlin,Jordan Siebatcheu,2022-08-06 13:30:00,0,0,1,0,False,0,0,0.0
479126,30,0.05007230117917061,h,2022,Union Berlin,Hertha Berlin,Jordan Siebatcheu,2022-08-06 13:30:00,0,0,0,0,True,0,0,0.037473298609256744
479130,45,0.017934899777173996,h,2022,Union Berlin,Hertha Berlin,Jordan Siebatcheu,2022-08-06 13:30:00,1,0,0,0,False,1,0,0.08754559978842735
479138,72,0.028917400166392326,h,2022,Union Berlin,Hertha Berlin,Jordan Siebatcheu,2022-08-06 13:30:00,1,0,0,0,False,3,0,0.10548049956560135
480905,28,0.08058969676494598,a,2022,Mainz 05,Union Berlin,Jordan Siebatcheu,2022-08-14 13:30:00,0,0,0,0,False,0,0,0.0
482058,31,0.08716429769992828,h,2022,Union Berlin,RasenBallsport Leipzig,Jordan Siebatcheu,2022-08-20 16:30:00,0,0,0,0,True,0,0,0.0
482065,58,0.14029400050640106,h,2022,Union Berlin,RasenBallsport Leipzig,Jordan Siebatcheu,2022-08-20 16:30:00,1,0,0,0,False,2,0,0.08716429769992828
483452,48,0.08805940300226212,a,2022,Schalke 04,Union Berlin,Jordan Siebatcheu,2022-08-27 13:30:00,0,0,0,0,False,4,1,0.0
488012,9,0.7577769756317139,a,2022,FC Cologne,Union Berlin,Jordan Siebatcheu,2022-09-11 13:30:00,0,0,0,0,False,0,0,0.0
488017,24,0.34984201192855835,a,2022,FC Cologne,Union Berlin,Jordan Siebatcheu,2022-09-11 13:30:00,0,0,0,0,False,0,0,0.7577769756317139
489391,27,0.014546199701726437,h,2022,Union Berlin,Wolfsburg,Jordan Siebatcheu,2022-09-18 13:30:00,0,0,1,0,False,0,0,0.0
489395,46,0.11599999666213989,h,2022,Union Berlin,Wolfsburg,Jordan Siebatcheu,2022-09-18 13:30:00,0,0,1,0,False,0,0,0.014546199701726437
489396,48,0.12068500369787216,h,2022,Union Berlin,Wolfsburg,Jordan Siebatcheu,2022-09-18 13:30:00,0,0,1,0,False,0,0,0.13054619636386633
489399,53,0.1085520014166832,h,2022,Union Berlin,Wolfsburg,Jordan Siebatcheu,2022-09-18 13:30:00,0,0,0,0,True,0,0,0.2512312000617385
489403,74,0.02660840004682541,h,2022,Union Berlin,Wolfsburg,Jordan Siebatcheu,2022-09-18 13:30:00,1,0,0,0,False,1,0,0.3597832014784217
489957,10,0.035850800573825836,a,2022,Eintracht Frankfurt,Union Berlin,Jordan Siebatcheu,2022-10-01 13:30:00,0,0,0,0,False,0,0,0.0
489959,12,0.020478900521993637,a,2022,Eintracht Frankfurt,Union Berlin,Jordan Siebatcheu,2022-10-01 13:30:00,0,0,0,0,False,0,1,0.035850800573825836
489981,81,0.01797560043632984,a,2022,Eintracht Frankfurt,Union Berlin,Jordan Siebatcheu,2022-10-01 13:30:00,0,0,0,0,False,0,2,0.05632970109581947
493803,0,0.11454500257968903,h,2022,Union Berlin,Borussia Dortmund,Jordan Siebatcheu,2022-10-16 15:30:00,0,0,0,0,False,0,0,0.0
493813,17,0.04710330069065094,h,2022,Union Berlin,Borussia Dortmund,Jordan Siebatcheu,2022-10-16 15:30:00,0,0,0,0,False,1,0,0.11454500257968903
495682,36,0.06245040148496628,a,2022,Bochum,Union Berlin,Jordan Siebatcheu,2022-10-23 13:30:00,0,0,0,0,False,0,0,0.0
504557,18,0.025081200525164604,h,2022,Union Berlin,Hoffenheim,Jordan Siebatcheu,2023-01-21 14:30:00,0,0,0,0,False,0,0,0.0
504560,24,0.7577769756317139,h,2022,Union Berlin,Hoffenheim,Jordan Siebatcheu,2023-01-21 14:30:00,0,0,0,0,False,0,0,0.025081200525164604
505707,75,0.11811500042676926,a,2022,Hertha Berlin,Union Berlin,Jordan Siebatcheu,2023-01-28 14:30:00,0,0,0,0,False,2,0,0.0
507013,83,0.05998510122299194,h,2022,Union Berlin,Mainz 05,Jordan Siebatcheu,2023-02-04 14:30:00,0,0,0,0,True,1,1,0.0
510270,81,0.48111599683761597,h,2022,Union Berlin,Schalke 04,Jordan Siebatcheu,2023-02-19 14:30:00,0,0,0,0,False,0,0,0.0
512079,88,0.060180701315402985,h,2022,Union Berlin,FC Cologne,Jordan Siebatcheu,2023-03-04 14:30:00,0,0,0,0,False,0,0,0.0
515662,52,0.06606709957122803,h,2022,Union Berlin,Eintracht Frankfurt,Jordan Siebatcheu,2023-03-19 14:30:00,0,0,0,0,False,0,0,0.0
522611,10,0.13897061347961426,h,2022,Union Berlin,Bayer Leverkusen,Jordan Siebatcheu,2023-04-29 13:30:00,0,0,0,0,False,0,0,0.0
522612,11,0.08541605621576309,h,2022,Union Berlin,Bayer Leverkusen,Jordan Siebatcheu,2023-04-29 13:30:00,0,0,0,0,False,0,0,0.13897061347961426
524576,87,0.030102979391813278,a,2022,Augsburg,Union Berlin,Jordan Siebatcheu,2023-05-06 13:30:00,0,0,0,0,False,0,1,0.0
524577,88,0.0293367188423872,a,2022,Augsburg,Union Berlin,Jordan Siebatcheu,2023-05-06 13:30:00,0,0,0,0,False,0,1,0.030102979391813278
525951,74,0.12085423618555069,h,2022,Union Berlin,Freiburg,Jordan Siebatcheu,2023-05-13 13:30:00,0,0,0,0,False,3,2,0.0
527413,93,0.0780288353562355,a,2022,Hoffenheim,Union Berlin,Jordan Siebatcheu,2023-05-20 13:30:00,0,0,0,0,False,1,3,0.0
491500,54,0.13381800055503845,h,2022,Augsburg,Wolfsburg,Robert Gumny,2022-10-08 13:30:00,0,0,0,0,True,0,1,0.0
499472,12,0.04495510086417198,a,2022,Union Berlin,Augsburg,Robert Gumny,2022-11-09 19:30:00,0,0,0,0,False,1,1,0.0
500041,83,0.020789500325918198,h,2022,Augsburg,Bochum,Robert Gumny,2022-11-12 14:30:00,0,0,0,0,False,0,1,0.0
505507,51,0.036566898226737976,h,2022,Augsburg,Borussia M.Gladbach,Robert Gumny,2023-01-25 19:30:00,0,0,0,0,False,0,0,0.0
505799,47,0.01599140092730522,a,2022,Freiburg,Augsburg,Robert Gumny,2023-01-28 14:30:00,0,0,0,0,False,1,2,0.0
510720,81,0.02246440015733242,a,2022,Hertha Berlin,Augsburg,Robert Gumny,2023-02-25 14:30:00,0,0,0,0,False,0,2,0.0
517860,36,0.04319870099425316,h,2022,Augsburg,FC Cologne,Robert Gumny,2023-04-08 13:30:00,0,0,0,0,False,1,2,0.0
517862,41,0.05065400153398514,h,2022,Augsburg,FC Cologne,Robert Gumny,2023-04-08 13:30:00,0,0,0,0,False,1,2,0.04319870099425316
522643,86,0.02841346338391304,a,2022,Eintracht Frankfurt,Augsburg,Robert Gumny,2023-04-29 13:30:00,0,0,0,0,False,1,0,0.0
479413,9,0.9513850212097168,h,2022,Borussia Dortmund,Bayer Leverkusen,Marco Reus,2022-08-06 16:30:00,0,0,0,0,True,0,0,0.0
479416,19,0.057372499257326126,h,2022,Borussia Dortmund,Bayer Leverkusen,Marco Reus,2022-08-06 16:30:00,1,0,0,0,False,1,0,0.9513850212097168
479417,27,0.04022359848022461,h,2022,Borussia Dortmund,Bayer Leverkusen,Marco Reus,2022-08-06 16:30:00,1,0,0,0,False,1,0,1.008757520467043
479433,94,0.13210199773311615,h,2022,Borussia Dortmund,Bayer Leverkusen,Marco Reus,2022-08-06 16:30:00,1,0,0,0,False,1,0,1.0489811189472675
483468,14,0.07449260354042053,a,2022,Hertha Berlin,Borussia Dortmund,Marco Reus,2022-08-27 13:30:00,0,0,0,0,False,0,0,0.0
483476,42,0.034603700041770935,a,2022,Hertha Berlin,Borussia Dortmund,Marco Reus,2022-08-27 13:30:00,0,0,0,0,False,1,0,0.07449260354042053
483482,62,0.11661200225353241,a,2022,Hertha Berlin,Borussia Dortmund,Marco Reus,2022-08-27 13:30:00,0,0,0,0,False,1,0,0.10909630358219147
483497,88,0.08067630231380463,a,2022,Hertha Berlin,Borussia Dortmund,Marco Reus,2022-08-27 13:30:00,0,0,0,0,False,1,0,0.22570830583572388
485545,15,0.4449400007724762,h,2022,Borussia Dortmund,Hoffenheim,Marco Reus,2022-09-02 18:30:00,0,0,0,0,True,0,0,0.0
485548,26,0.014220500364899635,h,2022,Borussia Dortmund,Hoffenheim,Marco Reus,2022-09-02 18:30:00,1,0,0,0,False,1,0,0.4449400007724762
485550,42,0.07948719710111618,h,2022,Borussia Dortmund,Hoffenheim,Marco Reus,2022-09-02 18:30:00,1,0,0,0,False,1,0,0.45916050113737583
487423,56,0.04493480175733566,a,2022,RasenBallsport Leipzig,Borussia Dortmund,Marco Reus,2022-09-10 13:30:00,0,0,0,0,False,0,2,0.0
493826,76,0.07093360275030136,a,2022,Union Berlin,Borussia Dortmund,Marco Reus,2022-10-16 15:30:00,0,0,0,0,False,0,2,0.0
506976,30,0.07951139658689499,h,2022,Borussia Dortmund,Freiburg,Marco Reus,2023-02-04 14:30:00,0,0,0,0,False,1,0,0.0
506982,52,0.12490499764680862,h,2022,Borussia Dortmund,Freiburg,Marco Reus,2023-02-04 14:30:00,0,0,0,0,False,3,1,0.07951139658689499
506986,54,0.40218400955200195,h,2022,Borussia Dortmund,Freiburg,Marco Reus,2023-02-04 14:30:00,0,0,0,0,False,3,1,0.2044163942337036
506987,62,0.02396249957382679,h,2022,Borussia Dortmund,Freiburg,Marco Reus,2023-02-04 14:30:00,0,0,0,0,False,3,1,0.6066004037857056
508266,45,0.2907570004463196,a,2022,Werder Bremen,Borussia Dortmund,Marco Reus,2023-02-11 14:30:00,0,0,0,0,False,0,0,0.0
510330,24,0.14406399428844452,h,2022,Borussia Dortmund,Hertha Berlin,Marco Reus,2023-02-19 16:30:00,0,0,1,0,False,0,0,0.0
510331,26,0.10170400142669678,h,2022,Borussia Dortmund,Hertha Berlin,Marco Reus,2023-02-19 16:30:00,0,0,1,0,False,0,0,0.14406399428844452
510344,75,0.09775260090827942,h,2022,Borussia Dortmund,Hertha Berlin,Marco Reus,2023-02-19 16:30:00,0,0,0,0,True,2,1,0.2457679957151413
510724,8,0.030734799802303314,a,2022,Hoffenheim,Borussia Dortmund,Marco Reus,2023-02-25 14:30:00,0,0,0,0,False,0,0,0.0
511771,20,0.7577769756317139,h,2022,Borussia Dortmund,RasenBallsport Leipzig,Marco Reus,2023-03-03 19:30:00,0,0,0,0,True,0,0,0.0
511775,47,0.013795900158584118,h,2022,Borussia Dortmund,RasenBallsport Leipzig,Marco Reus,2023-03-03 19:30:00,1,0,0,0,False,2,0,0.7577769756317139
511776,48,0.07956799864768982,h,2022,Borussia Dortmund,RasenBallsport Leipzig,Marco Reus,2023-03-03 19:30:00,1,0,0,0,False,2,0,0.771572875790298
511779,66,0.07856609672307968,h,2022,Borussia Dortmund,RasenBallsport Leipzig,Marco Reus,2023-03-03 19:30:00,1,0,0,0,False,2,0,0.8511408744379878
515241,31,0.12667499482631683,h,2022,Borussia Dortmund,FC Cologne,Marco Reus,2023-03-18 17:30:00,0,0,1,0,True,2,0,0.0
515251,69,0.5220909714698792,h,2022,Borussia Dortmund,FC Cologne,Marco Reus,2023-03-18 17:30:00,1,0,0,0,True,5,1,0.12667499482631683
516598,6,0.07134280353784561,a,2022,Bayern Munich,Borussia Dortmund,Marco Reus,2023-04-01 16:30:00,0,0,0,0,False,0,0,0.0
519332,76,0.05824559926986694,a,2022,VfB Stuttgart,Borussia Dortmund,Marco Reus,2023-04-15 13:30:00,0,0,0,0,False,2,0,0.0
521060,82,0.11923186480998993,h,2022,Borussia Dortmund,Eintracht Frankfurt,Marco Reus,2023-04-22 16:30:00,0,0,0,0,False,4,0,0.0
525191,71,0.06068123131990433,h,2022,Borussia Dortmund,Wolfsburg,Marco Reus,2023-05-07 15:30:00,0,0,0,0,False,5,0,0.0
525192,73,0.06136434152722359,h,2022,Borussia Dortmund,Wolfsburg,Marco Reus,2023-05-07 15:30:00,0,0,0,0,False,5,0,0.06068123131990433
526233,91,0.032745614647865295,h,2022,Borussia Dortmund,Borussia M.Gladbach,Marco Reus,2023-05-13 16:30:00,0,0,0,0,False,4,2,0.0
528172,83,0.4801121652126312,a,2022,Augsburg,Borussia Dortmund,Marco Reus,2023-05-21 15:30:00,0,0,0,0,False,1,0,0.0
528899,72,0.08048448711633682,h,2022,Borussia Dortmund,Mainz 05,Marco Reus,2023-05-27 13:30:00,0,0,0,0,False,1,2,0.0
528900,73,0.2633243203163147,h,2022,Borussia Dortmund,Mainz 05,Marco Reus,2023-05-27 13:30:00,0,0,0,0,False,1,2,0.08048448711633682
529076,93,0.05502432957291603,h,2022,Wolfsburg,Hertha Berlin,Koen Casteels,2023-05-27 13:30:00,0,0,0,0,False,1,2,0.0
480184,42,0.019185999408364296,a,2022,Hertha Berlin,Eintracht Frankfurt,Lucas Alario,2022-08-13 13:30:00,0,0,0,0,False,0,1,0.0
482432,74,0.04334390163421631,h,2022,Eintracht Frankfurt,FC Cologne,Lucas Alario,2022-08-21 13:30:00,0,0,0,0,False,1,0,0.0
487479,87,0.034955501556396484,h,2022,Eintracht Frankfurt,Wolfsburg,Lucas Alario,2022-09-10 13:30:00,0,0,0,0,False,0,1,0.0
491430,6,0.027984099462628365,a,2022,Bochum,Eintracht Frankfurt,Lucas Alario,2022-10-08 13:30:00,0,0,0,0,False,0,0,0.0
491432,22,0.33844301104545593,a,2022,Bochum,Eintracht Frankfurt,Lucas Alario,2022-10-08 13:30:00,0,0,0,0,False,0,0,0.027984099462628365
491433,24,0.03441299870610237,a,2022,Bochum,Eintracht Frankfurt,Lucas Alario,2022-10-08 13:30:00,0,0,0,0,False,0,0,0.3664271105080843
493070,85,0.6480919718742371,h,2022,Eintracht Frankfurt,Bayer Leverkusen,Lucas Alario,2022-10-15 13:30:00,0,0,0,0,True,4,1,0.0
497973,92,0.10261999815702438,a,2022,Augsburg,Eintracht Frankfurt,Lucas Alario,2022-11-05 14:30:00,0,0,0,0,False,2,1,0.0
507061,91,0.018062999472022057,h,2022,Eintracht Frankfurt,Hertha Berlin,Lucas Alario,2023-02-04 14:30:00,0,0,0,0,False,2,0,0.0
515668,68,0.06092759966850281,a,2022,Union Berlin,Eintracht Frankfurt,Lucas Alario,2023-03-19 14:30:00,0,0,0,0,False,0,1,0.0
515673,84,0.019486600533127785,a,2022,Union Berlin,Eintracht Frankfurt,Lucas Alario,2023-03-19 14:30:00,0,0,0,0,False,0,2,0.06092759966850281
479141,79,0.02122190035879612,a,2022,Union Berlin,Hertha Berlin,Dodi Lukebakio,2022-08-06 13:30:00,0,0,1,0,False,0,3,0.0
479143,84,0.09294459968805313,a,2022,Union Berlin,Hertha Berlin,Dodi Lukebakio,2022-08-06 13:30:00,0,0,0,0,True,0,3,0.02122190035879612
480186,52,0.08235470205545425,h,2022,Hertha Berlin,Eintracht Frankfurt,Dodi Lukebakio,2022-08-13 13:30:00,0,0,0,0,False,1,1,0.0
480188,60,0.028703300282359123,h,2022,Hertha Berlin,Eintracht Frankfurt,Dodi Lukebakio,2022-08-13 13:30:00,0,0,0,0,False,1,1,0.08235470205545425
480189,61,0.056993499398231506,h,2022,Hertha Berlin,Eintracht Frankfurt,Dodi Lukebakio,2022-08-13 13:30:00,0,0,0,0,False,1,1,0.11105800233781338
481523,3,0.0840597003698349,a,2022,Borussia M.Gladbach,Hertha Berlin,Dodi Lukebakio,2022-08-19 18:30:00,0,0,0,0,False,0,0,0.0
481533,24,0.02379019930958748,a,2022,Borussia M.Gladbach,Hertha Berlin,Dodi Lukebakio,2022-08-19 18:30:00,0,0,0,0,False,0,0,0.0840597003698349
481537,42,0.08853259682655334,a,2022,Borussia M.Gladbach,Hertha Berlin,Dodi Lukebakio,2022-08-19 18:30:00,0,0,0,0,False,0,1,0.10784989967942238
481546,79,0.05875270068645477,a,2022,Borussia M.Gladbach,Hertha Berlin,Dodi Lukebakio,2022-08-19 18:30:00,0,0,0,0,False,0,1,0.19638249650597572
483477,49,0.02052149921655655,h,2022,Hertha Berlin,Borussia Dortmund,Dodi Lukebakio,2022-08-27 13:30:00,0,0,0,0,False,0,1,0.0
486589,45,0.01804419979453087,a,2022,Augsburg,Hertha Berlin,Dodi Lukebakio,2022-09-04 13:30:00,0,0,1,0,False,0,0,0.0
486591,56,0.4155910015106201,a,2022,Augsburg,Hertha Berlin,Dodi Lukebakio,2022-09-04 13:30:00,0,0,0,0,True,0,0,0.01804419979453087
487481,3,0.6022250056266785,h,2022,Hertha Berlin,Bayer Leverkusen,Dodi Lukebakio,2022-09-10 13:30:00,0,0,0,0,False,0,0,0.0
487486,19,0.02237989939749241,h,2022,Hertha Berlin,Bayer Leverkusen,Dodi Lukebakio,2022-09-10 13:30:00,0,0,0,0,False,0,0,0.6022250056266785
487497,57,0.045453500002622604,h,2022,Hertha Berlin,Bayer Leverkusen,Dodi Lukebakio,2022-09-10 13:30:00,0,0,0,0,False,1,1,0.6246049050241709
487499,69,0.03990140184760094,h,2022,Hertha Berlin,Bayer Leverkusen,Dodi Lukebakio,2022-09-10 13:30:00,0,0,0,0,False,1,1,0.6700584050267935
488354,19,0.04192899912595749,a,2022,Mainz 05,Hertha Berlin,Dodi Lukebakio,2022-09-16 18:30:00,0,0,0,0,False,0,0,0.0
490826,15,0.09530690312385559,h,2022,Hertha Berlin,Hoffenheim,Dodi Lukebakio,2022-10-02 13:30:00,0,0,1,0,False,0,0,0.0
490835,36,0.3747349977493286,h,2022,Hertha Berlin,Hoffenheim,Dodi Lukebakio,2022-10-02 13:30:00,0,0,0,0,True,0,1,0.09530690312385559
490842,51,0.04115860164165497,h,2022,Hertha Berlin,Hoffenheim,Dodi Lukebakio,2022-10-02 13:30:00,1,0,0,0,False,1,1,0.4700419008731842
490845,55,0.09125620126724243,h,2022,Hertha Berlin,Hoffenheim,Dodi Lukebakio,2022-10-02 13:30:00,1,0,0,0,False,1,1,0.5112005025148392
492588,13,0.039401598274707794,h,2022,Hertha Berlin,Freiburg,Dodi Lukebakio,2022-10-09 15:30:00,0,0,1,0,False,0,0,0.0
492595,33,0.7577769756317139,h,2022,Hertha Berlin,Freiburg,Dodi Lukebakio,2022-10-09 15:30:00,0,0,0,0,True,0,1,0.039401598274707794
493229,46,0.03465870022773743,a,2022,RasenBallsport Leipzig,Hertha Berlin,Dodi Lukebakio,2022-10-15 16:30:00,0,0,1,0,False,0,3,0.0
493235,61,0.7577769756317139,a,2022,RasenBallsport Leipzig,Hertha Berlin,Dodi Lukebakio,2022-10-15 16:30:00,0,0,0,0,True,0,3,0.03465870022773743
493243,85,0.03958969935774803,a,2022,RasenBallsport Leipzig,Hertha Berlin,Dodi Lukebakio,2022-10-15 16:30:00,1,0,0,0,False,2,3,0.7924356758594513
496155,18,0.05625779926776886,a,2022,Werder Bremen,Hertha Berlin,Dodi Lukebakio,2022-10-28 18:30:00,0,0,0,0,False,0,0,0.0
496165,55,0.025367099791765213,a,2022,Werder Bremen,Hertha Berlin,Dodi Lukebakio,2022-10-28 18:30:00,0,0,0,0,False,0,0,0.05625779926776886
497918,3,0.027802899479866028,h,2022,Hertha Berlin,Bayern Munich,Dodi Lukebakio,2022-11-05 14:30:00,0,0,1,0,False,0,0,0.0
497928,39,0.06830409914255142,h,2022,Hertha Berlin,Bayern Munich,Dodi Lukebakio,2022-11-05 14:30:00,0,0,0,0,True,0,3,0.027802899479866028
497935,72,0.045245200395584106,h,2022,Hertha Berlin,Bayern Munich,Dodi Lukebakio,2022-11-05 14:30:00,1,0,0,0,False,2,3,0.09610699862241745
499196,18,0.3230440020561218,a,2022,VfB Stuttgart,Hertha Berlin,Dodi Lukebakio,2022-11-08 19:30:00,0,0,0,0,True,0,1,0.0
499206,49,0.014463800005614758,a,2022,VfB Stuttgart,Hertha Berlin,Dodi Lukebakio,2022-11-08 19:30:00,1,0,0,0,False,1,1,0.3230440020561218
499215,67,0.05813699960708618,a,2022,VfB Stuttgart,Hertha Berlin,Dodi Lukebakio,2022-11-08 19:30:00,1,0,0,0,False,1,1,0.3375078020617366
499995,13,0.02004070021212101,h,2022,Hertha Berlin,FC Cologne,Dodi Lukebakio,2022-11-12 14:30:00,0,0,0,0,False,1,0,0.0
499999,19,0.032929401844739914,h,2022,Hertha Berlin,FC Cologne,Dodi Lukebakio,2022-11-12 14:30:00,0,0,0,0,False,1,0,0.02004070021212101
500004,33,0.048299700021743774,h,2022,Hertha Berlin,FC Cologne,Dodi Lukebakio,2022-11-12 14:30:00,0,0,0,0,False,1,0,0.052970102056860924
505342,31,0.009975690394639969,h,2022,Hertha Berlin,Wolfsburg,Dodi Lukebakio,2023-01-24 19:30:00,0,0,0,0,False,0,2,0.0
505346,50,0.03646869957447052,h,2022,Hertha Berlin,Wolfsburg,Dodi Lukebakio,2023-01-24 19:30:00,0,0,0,0,False,0,3,0.009975690394639969
505352,75,0.026844700798392296,h,2022,Hertha Berlin,Wolfsburg,Dodi Lukebakio,2023-01-24 19:30:00,0,0,0,0,False,0,4,0.04644438996911049
507039,9,0.015900200232863426,a,2022,Eintracht Frankfurt,Hertha Berlin,Dodi Lukebakio,2023-02-04 14:30:00,0,0,0,0,False,0,0,0.0
508973,81,0.09123390167951584,h,2022,Hertha Berlin,Borussia M.Gladbach,Dodi Lukebakio,2023-02-12 14:30:00,0,0,1,0,False,2,1,0.0
508978,96,0.7577769756317139,h,2022,Hertha Berlin,Borussia M.Gladbach,Dodi Lukebakio,2023-02-12 14:30:00,0,0,0,0,True,3,1,0.09123390167951584
510350,90,0.24201600253582,a,2022,Borussia Dortmund,Hertha Berlin,Dodi Lukebakio,2023-02-19 16:30:00,0,0,0,0,False,1,4,0.0
510351,93,0.020452000200748444,a,2022,Borussia Dortmund,Hertha Berlin,Dodi Lukebakio,2023-02-19 16:30:00,0,0,0,0,False,1,4,0.24201600253582
510718,69,0.06285110116004944,h,2022,Hertha Berlin,Augsburg,Dodi Lukebakio,2023-02-25 14:30:00,0,0,0,0,True,1,0,0.0
510721,82,0.07153169810771942,h,2022,Hertha Berlin,Augsburg,Dodi Lukebakio,2023-02-25 14:30:00,1,0,0,0,False,2,0,0.06285110116004944
512754,49,0.009998439811170101,a,2022,Bayer Leverkusen,Hertha Berlin,Dodi Lukebakio,2023-03-05 14:30:00,0,0,1,0,False,0,2,0.0
512760,66,0.7577769756317139,a,2022,Bayer Leverkusen,Hertha Berlin,Dodi Lukebakio,2023-03-05 14:30:00,0,0,0,0,True,0,3,0.009998439811170101
513406,74,0.06707560271024704,h,2022,Hertha Berlin,Mainz 05,Dodi Lukebakio,2023-03-11 14:30:00,0,0,0,0,False,1,1,0.0
514928,48,0.13510599732398987,a,2022,Hoffenheim,Hertha Berlin,Dodi Lukebakio,2023-03-18 14:30:00,0,0,0,0,False,0,2,0.0
516129,31,0.25297999382019043,a,2022,Freiburg,Hertha Berlin,Dodi Lukebakio,2023-04-01 13:30:00,0,0,0,0,False,0,0,0.0
516136,55,0.3577690124511719,a,2022,Freiburg,Hertha Berlin,Dodi Lukebakio,2023-04-01 13:30:00,0,0,0,0,False,0,1,0.25297999382019043
516139,69,0.045378200709819794,a,2022,Freiburg,Hertha Berlin,Dodi Lukebakio,2023-04-01 13:30:00,0,0,0,0,False,0,1,0.6107490062713623
519052,75,0.013455499894917011,a,2022,Schalke 04,Hertha Berlin,Dodi Lukebakio,2023-04-14 18:30:00,0,0,0,0,False,1,3,0.0
520725,2,0.06278106570243835,h,2022,Hertha Berlin,Werder Bremen,Dodi Lukebakio,2023-04-22 13:30:00,0,0,1,0,False,0,0,0.0
520739,52,0.01613687537610531,h,2022,Hertha Berlin,Werder Bremen,Dodi Lukebakio,2023-04-22 13:30:00,0,0,1,0,False,0,3,0.06278106570243835
520751,78,0.75777667760849,h,2022,Hertha Berlin,Werder Bremen,Dodi Lukebakio,2023-04-22 13:30:00,0,0,0,0,True,1,4,0.07891794107854366
524535,14,0.025299005210399628,h,2022,Hertha Berlin,VfB Stuttgart,Dodi Lukebakio,2023-05-06 13:30:00,0,0,0,0,False,0,0,0.0
524545,50,0.054567717015743256,h,2022,Hertha Berlin,VfB Stuttgart,Dodi Lukebakio,2023-05-06 13:30:00,0,0,0,0,False,2,1,0.025299005210399628
525541,3,0.07840817421674728,a,2022,FC Cologne,Hertha Berlin,Dodi Lukebakio,2023-05-12 18:30:00,0,0,0,0,False,0,0,0.0
525542,4,0.03607751801609993,a,2022,FC Cologne,Hertha Berlin,Dodi Lukebakio,2023-05-12 18:30:00,0,0,0,0,False,0,0,0.07840817421674728
527368,38,0.20925650000572205,h,2022,Hertha Berlin,Bochum,Dodi Lukebakio,2023-05-20 13:30:00,0,0,0,0,False,0,0,0.0
527377,62,0.0514911450445652,h,2022,Hertha Berlin,Bochum,Dodi Lukebakio,2023-05-20 13:30:00,0,0,0,0,False,0,0,0.20925650000572205
479183,91,0.011619199998676777,a,2022,Wolfsburg,Werder Bremen,Lee Buchanan,2022-08-06 13:30:00,0,0,0,0,False,2,2,0.0
481716,88,0.05680060014128685,a,2022,Borussia Dortmund,Werder Bremen,Lee Buchanan,2022-08-20 13:30:00,0,0,0,0,True,0,2,0.0
484517,70,0.0924547016620636,h,2022,Werder Bremen,Eintracht Frankfurt,Lee Buchanan,2022-08-28 15:30:00,0,0,0,0,False,2,4,0.0
484521,96,0.01624239981174469,h,2022,Werder Bremen,Eintracht Frankfurt,Lee Buchanan,2022-08-28 15:30:00,0,0,0,0,False,3,4,0.0924547016620636
524815,88,0.035449568182229996,h,2022,Werder Bremen,Bayern Munich,Lee Buchanan,2023-05-06 16:30:00,0,0,0,0,False,1,2,0.0
479214,4,0.01227600034326315,a,2022,Augsburg,Freiburg,Michael Gregoritsch,2022-08-06 13:30:00,0,0,1,0,False,0,0,0.0
479227,45,0.3279719948768616,a,2022,Augsburg,Freiburg,Michael Gregoritsch,2022-08-06 13:30:00,0,0,0,0,True,0,0,0.01227600034326315
480046,34,0.09562390297651291,h,2022,Freiburg,Borussia Dortmund,Michael Gregoritsch,2022-08-12 18:30:00,0,0,0,0,True,0,0,0.0
480051,45,0.11472400277853012,h,2022,Freiburg,Borussia Dortmund,Michael Gregoritsch,2022-08-12 18:30:00,1,0,0,0,False,1,0,0.09562390297651291
480055,62,0.06924209743738174,h,2022,Freiburg,Borussia Dortmund,Michael Gregoritsch,2022-08-12 18:30:00,1,0,0,0,False,1,0,0.21034790575504303
480058,73,0.13230200111865997,h,2022,Freiburg,Borussia Dortmund,Michael Gregoritsch,2022-08-12 18:30:00,1,0,0,0,False,1,0,0.2795900031924248
481725,29,0.10519099980592728,a,2022,VfB Stuttgart,Freiburg,Michael Gregoritsch,2022-08-20 13:30:00,0,0,0,0,False,1,0,0.0
483274,21,0.08648280054330826,h,2022,Freiburg,Bochum,Michael Gregoritsch,2022-08-26 18:30:00,0,0,0,0,False,0,0,0.0
483278,28,0.01951720006763935,h,2022,Freiburg,Bochum,Michael Gregoritsch,2022-08-26 18:30:00,0,0,0,0,False,0,0,0.08648280054330826
483296,61,0.13540199398994446,h,2022,Freiburg,Bochum,Michael Gregoritsch,2022-08-26 18:30:00,0,0,0,0,False,1,0,0.10600000061094761
483302,71,0.7453659772872925,h,2022,Freiburg,Bochum,Michael Gregoritsch,2022-08-26 18:30:00,0,0,0,0,False,1,0,0.24140199460089207
483301,71,0.3703309893608093,h,2022,Freiburg,Bochum,Michael Gregoritsch,2022-08-26 18:30:00,0,0,0,0,False,1,0,0.9867679718881845
485851,49,0.8037700057029724,a,2022,Bayer Leverkusen,Freiburg,Michael Gregoritsch,2022-09-03 13:30:00,0,0,0,0,True,1,1,0.0
488111,19,0.0320202000439167,h,2022,Freiburg,Borussia M.Gladbach,Michael Gregoritsch,2022-09-11 15:30:00,0,0,0,0,False,0,0,0.0
488113,23,0.03067909926176071,h,2022,Freiburg,Borussia M.Gladbach,Michael Gregoritsch,2022-09-11 15:30:00,0,0,0,0,False,0,0,0.0320202000439167
488119,45,0.014760700054466724,h,2022,Freiburg,Borussia M.Gladbach,Michael Gregoritsch,2022-09-11 15:30:00,0,0,0,0,False,0,0,0.06269929930567741
488128,78,0.07780060172080994,h,2022,Freiburg,Borussia M.Gladbach,Michael Gregoritsch,2022-09-11 15:30:00,0,0,0,0,False,0,0,0.07745999936014414
489600,24,0.11568500101566315,a,2022,Hoffenheim,Freiburg,Michael Gregoritsch,2022-09-18 17:30:00,0,0,0,0,False,0,0,0.0
489610,62,0.02393369935452938,a,2022,Hoffenheim,Freiburg,Michael Gregoritsch,2022-09-18 17:30:00,0,0,0,0,False,0,0,0.11568500101566315
489613,68,0.08958929777145386,a,2022,Hoffenheim,Freiburg,Michael Gregoritsch,2022-09-18 17:30:00,0,0,0,0,False,0,0,0.13961870037019253
490019,2,0.05695519968867302,h,2022,Freiburg,Mainz 05,Michael Gregoritsch,2022-10-01 13:30:00,0,0,0,0,True,0,0,0.0
490021,14,0.04504320025444031,h,2022,Freiburg,Mainz 05,Michael Gregoritsch,2022-10-01 13:30:00,1,0,0,0,False,1,0,0.05695519968867302
490023,21,0.1120079979300499,h,2022,Freiburg,Mainz 05,Michael Gregoritsch,2022-10-01 13:30:00,1,0,0,0,False,1,0,0.10199839994311333
490025,28,0.07690069824457169,h,2022,Freiburg,Mainz 05,Michael Gregoritsch,2022-10-01 13:30:00,1,0,0,0,False,1,0,0.21400639787316322
490027,36,0.5453910231590271,h,2022,Freiburg,Mainz 05,Michael Gregoritsch,2022-10-01 13:30:00,1,0,0,0,False,1,0,0.2909070961177349
490030,39,0.05172630026936531,h,2022,Freiburg,Mainz 05,Michael Gregoritsch,2022-10-01 13:30:00,1,0,0,0,False,2,0,0.836298119276762
490038,66,0.056447599083185196,h,2022,Freiburg,Mainz 05,Michael Gregoritsch,2022-10-01 13:30:00,1,0,0,0,False,2,1,0.8880244195461273
490039,67,0.052386898547410965,h,2022,Freiburg,Mainz 05,Michael Gregoritsch,2022-10-01 13:30:00,1,0,0,0,False,2,1,0.9444720186293125
492589,16,0.08161400258541107,a,2022,Hertha Berlin,Freiburg,Michael Gregoritsch,2022-10-09 15:30:00,0,0,0,0,False,0,0,0.0
492601,59,0.4344770014286041,a,2022,Hertha Berlin,Freiburg,Michael Gregoritsch,2022-10-09 15:30:00,0,0,0,0,False,1,1,0.08161400258541107
494915,65,0.3906550109386444,h,2022,Freiburg,Werder Bremen,Michael Gregoritsch,2022-10-22 13:30:00,0,0,0,0,False,1,0,0.0
494919,70,0.04955760017037392,h,2022,Freiburg,Werder Bremen,Michael Gregoritsch,2022-10-22 13:30:00,0,0,0,0,False,1,0,0.3906550109386444
494929,91,0.08419819921255112,h,2022,Freiburg,Werder Bremen,Michael Gregoritsch,2022-10-22 13:30:00,0,0,0,0,False,2,0,0.4402126111090183
497403,31,0.02018910087645054,a,2022,Schalke 04,Freiburg,Michael Gregoritsch,2022-10-30 16:30:00,0,0,0,0,False,0,0,0.0
498821,14,0.31352999806404114,h,2022,Freiburg,FC Cologne,Michael Gregoritsch,2022-11-06 16:30:00,0,0,1,0,False,0,0,0.0
498827,46,0.019179100170731544,h,2022,Freiburg,FC Cologne,Michael Gregoritsch,2022-11-06 16:30:00,0,0,1,0,False,0,0,0.31352999806404114
498831,63,0.4163089990615845,h,2022,Freiburg,FC Cologne,Michael Gregoritsch,2022-11-06 16:30:00,0,0,0,0,True,1,0,0.3327090982347727
500808,45,0.30147600173950195,h,2022,Freiburg,Union Berlin,Michael Gregoritsch,2022-11-13 16:30:00,0,0,0,0,True,3,0,0.0
504483,22,0.02349890023469925,a,2022,Wolfsburg,Freiburg,Michael Gregoritsch,2023-01-21 14:30:00,0,0,0,0,False,0,1,0.0
505473,5,0.1268939971923828,h,2022,Freiburg,Eintracht Frankfurt,Michael Gregoritsch,2023-01-25 19:30:00,0,0,0,0,False,0,0,0.0
505487,61,0.37643200159072876,h,2022,Freiburg,Eintracht Frankfurt,Michael Gregoritsch,2023-01-25 19:30:00,0,0,0,0,False,1,1,0.1268939971923828
505488,68,0.057387299835681915,h,2022,Freiburg,Eintracht Frankfurt,Michael Gregoritsch,2023-01-25 19:30:00,0,0,0,0,False,1,1,0.5033259987831116
505790,12,0.05615939944982529,h,2022,Freiburg,Augsburg,Michael Gregoritsch,2023-01-28 14:30:00,0,0,0,0,True,0,0,0.0
505795,38,0.10022500157356262,h,2022,Freiburg,Augsburg,Michael Gregoritsch,2023-01-28 14:30:00,1,0,0,0,False,2,1,0.05615939944982529
505806,70,0.043477099388837814,h,2022,Freiburg,Augsburg,Michael Gregoritsch,2023-01-28 14:30:00,1,0,0,0,False,2,1,0.1563844010233879
506995,74,0.0845474973320961,a,2022,Borussia Dortmund,Freiburg,Michael Gregoritsch,2023-02-04 14:30:00,0,0,0,0,False,1,4,0.0
508344,36,0.038450900465250015,h,2022,Freiburg,VfB Stuttgart,Michael Gregoritsch,2023-02-11 14:30:00,0,0,0,0,False,0,1,0.0
508347,53,0.033484701067209244,h,2022,Freiburg,VfB Stuttgart,Michael Gregoritsch,2023-02-11 14:30:00,0,0,0,0,False,0,1,0.038450900465250015
508350,56,0.10682699829339981,h,2022,Freiburg,VfB Stuttgart,Michael Gregoritsch,2023-02-11 14:30:00,0,0,0,0,False,0,1,0.07193560153245926
509475,38,0.4720839858055115,a,2022,Bochum,Freiburg,Michael Gregoritsch,2023-02-18 14:30:00,0,0,0,0,True,0,0,0.0
509476,39,0.010897600091993809,a,2022,Bochum,Freiburg,Michael Gregoritsch,2023-02-18 14:30:00,1,0,0,0,False,1,0,0.4720839858055115
509490,70,0.14364400506019592,a,2022,Bochum,Freiburg,Michael Gregoritsch,2023-02-18 14:30:00,1,0,0,0,False,2,0,0.4829815858975053
509492,77,0.14636099338531494,a,2022,Bochum,Freiburg,Michael Gregoritsch,2023-02-18 14:30:00,1,0,0,0,False,2,0,0.6266255909577012
509495,83,0.008955090306699276,a,2022,Bochum,Freiburg,Michael Gregoritsch,2023-02-18 14:30:00,1,0,0,0,False,2,0,0.7729865843430161
514132,54,0.03253360092639923,h,2022,Freiburg,Hoffenheim,Michael Gregoritsch,2023-03-12 14:30:00,0,0,0,0,False,1,1,0.0
514134,58,0.027640100568532944,h,2022,Freiburg,Hoffenheim,Michael Gregoritsch,2023-03-12 14:30:00,0,0,0,0,False,1,1,0.03253360092639923
515852,73,0.018434399738907814,a,2022,Mainz 05,Freiburg,Michael Gregoritsch,2023-03-19 18:30:00,0,0,0,0,False,1,0,0.0
517901,15,0.045608699321746826,h,2022,Freiburg,Bayern Munich,Michael Gregoritsch,2023-04-08 13:30:00,0,0,0,0,False,0,0,0.0
521513,5,0.05546927452087402,h,2022,Freiburg,Schalke 04,Michael Gregoritsch,2023-04-23 13:30:00,0,0,1,0,False,0,0,0.0
521515,6,0.2864146828651428,h,2022,Freiburg,Schalke 04,Michael Gregoritsch,2023-04-23 13:30:00,0,0,1,0,True,0,0,0.05546927452087402
521524,34,0.014270554296672344,h,2022,Freiburg,Schalke 04,Michael Gregoritsch,2023-04-23 13:30:00,1,0,0,0,True,1,0,0.34188395738601685
521535,63,0.10416410118341446,h,2022,Freiburg,Schalke 04,Michael Gregoritsch,2023-04-23 13:30:00,1,0,0,0,False,3,0,0.3561545116826892
522660,47,0.34143003821372986,a,2022,FC Cologne,Freiburg,Michael Gregoritsch,2023-04-29 13:30:00,0,0,0,0,False,0,0,0.0
522665,58,0.10343962907791138,a,2022,FC Cologne,Freiburg,Michael Gregoritsch,2023-04-29 13:30:00,0,0,0,0,False,1,0,0.34143003821372986
529153,88,0.11090918630361557,a,2022,Eintracht Frankfurt,Freiburg,Michael Gregoritsch,2023-05-27 13:30:00,0,0,0,0,False,1,1,0.0
529152,88,0.22502830624580383,a,2022,Eintracht Frankfurt,Freiburg,Michael Gregoritsch,2023-05-27 13:30:00,0,0,0,0,False,1,1,0.11090918630361557
481734,68,0.07531300187110901,a,2022,VfB Stuttgart,Freiburg,Woo-Yeong Jeong,2022-08-20 13:30:00,0,0,0,0,False,1,0,0.0
488126,75,0.10692600160837173,h,2022,Freiburg,Borussia M.Gladbach,Woo-Yeong Jeong,2022-09-11 15:30:00,0,0,0,0,False,0,0,0.0
497400,21,0.020196299999952316,a,2022,Schalke 04,Freiburg,Woo-Yeong Jeong,2022-10-30 16:30:00,0,0,0,0,False,0,0,0.0
497408,50,0.45871400833129883,a,2022,Schalke 04,Freiburg,Woo-Yeong Jeong,2022-10-30 16:30:00,0,0,0,0,False,1,0,0.020196299999952316
498819,13,0.02008490078151226,h,2022,Freiburg,FC Cologne,Woo-Yeong Jeong,2022-11-06 16:30:00,0,0,1,0,False,0,0,0.0
498828,52,0.3673039972782135,h,2022,Freiburg,FC Cologne,Woo-Yeong Jeong,2022-11-06 16:30:00,0,0,0,0,True,0,0,0.02008490078151226
499493,23,0.07051169872283936,a,2022,RasenBallsport Leipzig,Freiburg,Woo-Yeong Jeong,2022-11-09 19:30:00,0,0,0,0,False,0,0,0.0
504489,43,0.0973839983344078,a,2022,Wolfsburg,Freiburg,Woo-Yeong Jeong,2023-01-21 14:30:00,0,0,0,0,False,0,3,0.0
505813,86,0.4714359939098358,h,2022,Freiburg,Augsburg,Woo-Yeong Jeong,2023-01-28 14:30:00,0,0,0,0,False,3,1,0.0
506996,80,0.02029919996857643,a,2022,Borussia Dortmund,Freiburg,Woo-Yeong Jeong,2023-02-04 14:30:00,0,0,0,0,False,1,4,0.0
509498,89,0.5445330142974854,a,2022,Bochum,Freiburg,Woo-Yeong Jeong,2023-02-18 14:30:00,0,0,0,0,False,2,0,0.0
520105,88,0.06187630072236061,a,2022,Werder Bremen,Freiburg,Woo-Yeong Jeong,2023-04-16 13:30:00,0,0,0,0,False,2,1,0.0
521543,86,0.03020642139017582,h,2022,Freiburg,Schalke 04,Woo-Yeong Jeong,2023-04-23 13:30:00,0,0,0,0,False,4,0,0.0
479776,81,0.02121400088071823,h,2022,VfB Stuttgart,RasenBallsport Leipzig,Clinton Mola,2022-08-07 13:30:00,0,0,0,0,False,1,1,0.0
505327,69,0.04527780041098595,h,2022,Schalke 04,RasenBallsport Leipzig,Andreas Ivan,2023-01-24 17:30:00,0,0,0,0,False,1,4,0.0
504546,76,0.13727900385856628,a,2022,Bochum,Hertha Berlin,Jessic Ngankam,2023-01-21 14:30:00,0,0,0,0,False,0,3,0.0
504548,86,0.08636859804391861,a,2022,Bochum,Hertha Berlin,Jessic Ngankam,2023-01-21 14:30:00,0,0,0,0,False,0,3,0.13727900385856628
505349,66,0.06054069846868515,h,2022,Hertha Berlin,Wolfsburg,Jessic Ngankam,2023-01-24 19:30:00,0,0,0,0,False,0,3,0.0
507050,61,0.2716340124607086,a,2022,Eintracht Frankfurt,Hertha Berlin,Jessic Ngankam,2023-02-04 14:30:00,0,0,0,0,False,0,2,0.0
507060,90,0.06872879713773727,a,2022,Eintracht Frankfurt,Hertha Berlin,Jessic Ngankam,2023-02-04 14:30:00,0,0,0,0,False,0,2,0.2716340124607086
508958,29,0.5895010232925415,h,2022,Hertha Berlin,Borussia M.Gladbach,Jessic Ngankam,2023-02-12 14:30:00,0,0,0,0,True,0,1,0.0
508959,35,0.03497619926929474,h,2022,Hertha Berlin,Borussia M.Gladbach,Jessic Ngankam,2023-02-12 14:30:00,1,0,0,0,False,1,1,0.5895010232925415
508971,57,0.05479170009493828,h,2022,Hertha Berlin,Borussia M.Gladbach,Jessic Ngankam,2023-02-12 14:30:00,1,0,0,0,False,2,1,0.6244772225618362
510325,11,0.03554389998316765,a,2022,Borussia Dortmund,Hertha Berlin,Jessic Ngankam,2023-02-19 16:30:00,0,0,0,0,False,0,0,0.0
510709,44,0.018806399777531624,h,2022,Hertha Berlin,Augsburg,Jessic Ngankam,2023-02-25 14:30:00,0,0,0,0,False,0,0,0.0
513394,17,0.7577769756317139,h,2022,Hertha Berlin,Mainz 05,Jessic Ngankam,2023-03-11 14:30:00,0,0,0,0,True,0,0,0.0
514934,80,0.026912499219179153,a,2022,Hoffenheim,Hertha Berlin,Jessic Ngankam,2023-03-18 14:30:00,0,0,0,0,False,0,3,0.0
514936,81,0.03440370038151741,a,2022,Hoffenheim,Hertha Berlin,Jessic Ngankam,2023-03-18 14:30:00,0,0,0,0,False,0,3,0.026912499219179153
516142,74,0.5031629800796509,a,2022,Freiburg,Hertha Berlin,Jessic Ngankam,2023-04-01 13:30:00,0,0,1,0,False,0,1,0.0
516143,76,0.37918999791145325,a,2022,Freiburg,Hertha Berlin,Jessic Ngankam,2023-04-01 13:30:00,0,0,0,0,True,0,1,0.5031629800796509
520741,53,0.3042902648448944,h,2022,Hertha Berlin,Werder Bremen,Jessic Ngankam,2023-04-22 13:30:00,0,0,1,0,False,0,3,0.0
520746,67,0.30351391434669495,h,2022,Hertha Berlin,Werder Bremen,Jessic Ngankam,2023-04-22 13:30:00,0,0,0,0,True,0,4,0.3042902648448944
525570,62,0.6700107455253601,a,2022,FC Cologne,Hertha Berlin,Jessic Ngankam,2023-05-12 18:30:00,0,0,0,0,False,2,3,0.0
525572,70,0.04894581437110901,a,2022,FC Cologne,Hertha Berlin,Jessic Ngankam,2023-05-12 18:30:00,0,0,0,0,False,2,4,0.6700107455253601
481715,88,0.06923119723796844,a,2022,Borussia Dortmund,Werder Bremen,Niklas Schmidt,2022-08-20 13:30:00,0,0,1,0,False,0,2,0.0
481718,92,0.07764329761266708,a,2022,Borussia Dortmund,Werder Bremen,Niklas Schmidt,2022-08-20 13:30:00,0,0,0,0,True,1,2,0.06923119723796844
485738,40,0.04203920066356659,a,2022,Bochum,Werder Bremen,Niklas Schmidt,2022-09-03 13:30:00,0,0,0,0,False,0,0,0.0
487242,79,0.2904059886932373,h,2022,Werder Bremen,Augsburg,Niklas Schmidt,2022-09-09 18:30:00,0,0,0,0,False,0,1,0.0
493044,79,0.26096099615097046,h,2022,Werder Bremen,Mainz 05,Niklas Schmidt,2022-10-15 13:30:00,0,0,0,0,False,0,2,0.0
505517,47,0.10093200206756592,h,2022,Werder Bremen,Union Berlin,Niklas Schmidt,2023-01-25 19:30:00,0,0,0,0,False,1,2,0.0
505738,15,0.020965900272130966,h,2022,Werder Bremen,Wolfsburg,Niklas Schmidt,2023-01-28 14:30:00,0,0,0,0,False,0,0,0.0
507660,20,0.026719799265265465,a,2022,VfB Stuttgart,Werder Bremen,Niklas Schmidt,2023-02-05 14:30:00,0,0,0,0,False,0,0,0.0
507661,30,0.04634609818458557,a,2022,VfB Stuttgart,Werder Bremen,Niklas Schmidt,2023-02-05 14:30:00,0,0,0,0,False,0,0,0.026719799265265465
510802,41,0.021510999649763107,h,2022,Werder Bremen,Bochum,Niklas Schmidt,2023-02-25 14:30:00,0,0,1,0,False,1,0,0.0
510803,42,0.33285200595855713,h,2022,Werder Bremen,Bochum,Niklas Schmidt,2023-02-25 14:30:00,0,0,0,0,True,1,0,0.021510999649763107
510807,62,0.037127599120140076,h,2022,Werder Bremen,Bochum,Niklas Schmidt,2023-02-25 14:30:00,1,0,0,0,False,3,0,0.35436300560832024
512019,9,0.24943800270557404,a,2022,Augsburg,Werder Bremen,Niklas Schmidt,2023-03-04 14:30:00,0,0,0,0,False,0,1,0.0
512039,81,0.021493999287486076,a,2022,Augsburg,Werder Bremen,Niklas Schmidt,2023-03-04 14:30:00,0,0,0,0,False,1,2,0.24943800270557404
514259,63,0.019401099532842636,h,2022,Werder Bremen,Bayer Leverkusen,Niklas Schmidt,2023-03-12 16:30:00,0,0,0,0,False,1,2,0.0
517127,37,0.03916990011930466,h,2022,Werder Bremen,Hoffenheim,Niklas Schmidt,2023-04-02 15:30:00,0,0,0,0,False,0,0,0.0
517129,48,0.024698099121451378,h,2022,Werder Bremen,Hoffenheim,Niklas Schmidt,2023-04-02 15:30:00,0,0,0,0,False,0,0,0.03916990011930466
524814,86,0.020712507888674736,h,2022,Werder Bremen,Bayern Munich,Niklas Schmidt,2023-05-06 16:30:00,0,0,0,0,True,0,2,0.0
527295,49,0.021292276680469513,h,2022,Werder Bremen,FC Cologne,Niklas Schmidt,2023-05-20 13:30:00,0,0,0,0,False,0,1,0.0
527296,54,0.025493822991847992,h,2022,Werder Bremen,FC Cologne,Niklas Schmidt,2023-05-20 13:30:00,0,0,0,0,False,0,1,0.021292276680469513
527312,90,0.017609750851988792,h,2022,Werder Bremen,FC Cologne,Niklas Schmidt,2023-05-20 13:30:00,0,0,0,0,False,1,1,0.046786099672317505
482071,82,0.018140699714422226,a,2022,Union Berlin,RasenBallsport Leipzig,Amadou Haidara,2022-08-20 16:30:00,0,0,0,0,False,0,2,0.0
482074,88,0.024387700483202934,a,2022,Union Berlin,RasenBallsport Leipzig,Amadou Haidara,2022-08-20 16:30:00,0,0,0,0,False,1,2,0.018140699714422226
487433,83,0.5258679986000061,h,2022,RasenBallsport Leipzig,Borussia Dortmund,Amadou Haidara,2022-09-10 13:30:00,0,0,0,0,True,2,0,0.0
491515,6,0.013550899922847748,a,2022,Mainz 05,RasenBallsport Leipzig,Amadou Haidara,2022-10-08 13:30:00,0,0,0,0,False,0,0,0.0
491517,17,0.4160900115966797,a,2022,Mainz 05,RasenBallsport Leipzig,Amadou Haidara,2022-10-08 13:30:00,0,0,0,0,False,0,0,0.013550899922847748
491531,69,0.027303099632263184,a,2022,Mainz 05,RasenBallsport Leipzig,Amadou Haidara,2022-10-08 13:30:00,0,0,0,0,False,0,1,0.42964091151952744
491535,92,0.0186925008893013,a,2022,Mainz 05,RasenBallsport Leipzig,Amadou Haidara,2022-10-08 13:30:00,0,0,0,0,False,1,1,0.4569440111517906
494855,69,0.015637900680303574,a,2022,Augsburg,RasenBallsport Leipzig,Amadou Haidara,2022-10-22 13:30:00,0,0,0,0,False,0,3,0.0
494858,75,0.01345830038189888,a,2022,Augsburg,RasenBallsport Leipzig,Amadou Haidara,2022-10-22 13:30:00,0,0,0,0,False,1,3,0.015637900680303574
496334,57,0.4529690146446228,h,2022,RasenBallsport Leipzig,Bayer Leverkusen,Amadou Haidara,2022-10-29 13:30:00,0,0,0,0,False,1,0,0.0
511769,6,0.016890300437808037,a,2022,Borussia Dortmund,RasenBallsport Leipzig,Amadou Haidara,2023-03-03 19:30:00,0,0,0,0,False,0,0,0.0
511784,72,0.08659839630126953,a,2022,Borussia Dortmund,RasenBallsport Leipzig,Amadou Haidara,2023-03-03 19:30:00,0,0,0,0,False,0,2,0.016890300437808037
514901,82,0.011745399795472622,a,2022,Bochum,RasenBallsport Leipzig,Amadou Haidara,2023-03-18 14:30:00,0,0,0,0,False,0,1,0.0
516162,47,0.015496299602091312,h,2022,RasenBallsport Leipzig,Mainz 05,Amadou Haidara,2023-04-01 13:30:00,0,0,0,0,False,0,1,0.0
518306,38,0.9377340078353882,a,2022,Hertha Berlin,RasenBallsport Leipzig,Amadou Haidara,2023-04-08 16:30:00,0,0,0,0,True,0,0,0.0
524608,8,0.015982365235686302,a,2022,Freiburg,RasenBallsport Leipzig,Amadou Haidara,2023-05-06 13:30:00,0,0,0,0,False,0,0,0.0
526700,7,0.03593909740447998,h,2022,RasenBallsport Leipzig,Werder Bremen,Amadou Haidara,2023-05-14 15:30:00,0,0,0,0,False,0,0,0.0
526709,51,0.012853777036070824,h,2022,RasenBallsport Leipzig,Werder Bremen,Amadou Haidara,2023-05-14 15:30:00,0,0,0,0,False,0,0,0.03593909740447998
528920,38,0.04703811556100845,h,2022,RasenBallsport Leipzig,Schalke 04,Amadou Haidara,2023-05-27 13:30:00,0,0,0,0,False,2,1,0.0
489944,68,0.014092800207436085,a,2022,FC Cologne,Borussia Dortmund,Nico Schlotterbeck,2022-10-01 13:30:00,0,0,0,0,False,1,2,0.0
493829,84,0.02550720050930977,a,2022,Union Berlin,Borussia Dortmund,Nico Schlotterbeck,2022-10-16 15:30:00,0,0,0,0,False,0,2,0.0
493831,88,0.012150200083851814,a,2022,Union Berlin,Borussia Dortmund,Nico Schlotterbeck,2022-10-16 15:30:00,0,0,0,0,False,0,2,0.02550720050930977
498995,9,0.013180299662053585,a,2022,Wolfsburg,Borussia Dortmund,Nico Schlotterbeck,2022-11-08 17:30:00,0,0,0,0,False,0,1,0.0
499021,69,0.012609300203621387,a,2022,Wolfsburg,Borussia Dortmund,Nico Schlotterbeck,2022-11-08 17:30:00,0,0,0,0,False,0,1,0.013180299662053585
499023,79,0.047465499490499496,a,2022,Wolfsburg,Borussia Dortmund,Nico Schlotterbeck,2022-11-08 17:30:00,0,0,0,0,False,0,1,0.025789599865674973
499757,39,0.6344410181045532,a,2022,Borussia M.Gladbach,Borussia Dortmund,Nico Schlotterbeck,2022-11-11 19:30:00,0,0,0,0,True,1,3,0.0
504992,34,0.015978699550032616,h,2022,Borussia Dortmund,Augsburg,Nico Schlotterbeck,2023-01-22 14:30:00,0,0,1,0,False,1,0,0.0
504995,41,0.34149399399757385,h,2022,Borussia Dortmund,Augsburg,Nico Schlotterbeck,2023-01-22 14:30:00,0,0,0,0,True,1,1,0.015978699550032616
506294,29,0.023809300735592842,a,2022,Bayer Leverkusen,Borussia Dortmund,Nico Schlotterbeck,2023-01-29 16:30:00,0,0,0,0,False,0,0,0.0
506974,25,0.046330999583005905,h,2022,Borussia Dortmund,Freiburg,Nico Schlotterbeck,2023-02-04 14:30:00,0,0,0,0,True,0,0,0.0
506983,53,0.03153330087661743,h,2022,Borussia Dortmund,Freiburg,Nico Schlotterbeck,2023-02-04 14:30:00,1,0,0,0,False,3,1,0.046330999583005905
508267,48,0.0387302003800869,a,2022,Werder Bremen,Borussia Dortmund,Nico Schlotterbeck,2023-02-11 14:30:00,0,0,0,0,False,0,0,0.0
510728,18,0.44247201085090637,a,2022,Hoffenheim,Borussia Dortmund,Nico Schlotterbeck,2023-02-25 14:30:00,0,0,0,0,False,0,0,0.0
510730,33,0.044665198773145676,a,2022,Hoffenheim,Borussia Dortmund,Nico Schlotterbeck,2023-02-25 14:30:00,0,0,0,0,False,0,0,0.44247201085090637
510737,40,0.42086800932884216,a,2022,Hoffenheim,Borussia Dortmund,Nico Schlotterbeck,2023-02-25 14:30:00,0,0,0,0,False,0,0,0.48713720962405205
513721,37,0.029480699449777603,a,2022,Schalke 04,Borussia Dortmund,Nico Schlotterbeck,2023-03-11 17:30:00,0,0,0,0,True,0,0,0.0
513739,89,0.022820500656962395,a,2022,Schalke 04,Borussia Dortmund,Nico Schlotterbeck,2023-03-11 17:30:00,1,0,0,0,False,2,2,0.029480699449777603
488122,57,0.013667000457644463,a,2022,Freiburg,Borussia M.Gladbach,Julian Weigl,2022-09-11 15:30:00,0,0,0,0,False,0,0,0.0
495191,21,0.04109819978475571,h,2022,Borussia M.Gladbach,Eintracht Frankfurt,Julian Weigl,2022-10-22 16:30:00,0,0,0,0,False,0,1,0.0
505042,5,0.017976099625229836,h,2022,Borussia M.Gladbach,Bayer Leverkusen,Julian Weigl,2023-01-22 16:30:00,0,0,0,0,False,0,0,0.0
505046,10,0.02819019928574562,h,2022,Borussia M.Gladbach,Bayer Leverkusen,Julian Weigl,2023-01-22 16:30:00,0,0,0,0,False,0,0,0.017976099625229836
505717,16,0.013859800063073635,a,2022,Hoffenheim,Borussia M.Gladbach,Julian Weigl,2023-01-28 14:30:00,0,0,0,0,False,1,0,0.0
507354,41,0.02267950028181076,h,2022,Borussia M.Gladbach,Schalke 04,Julian Weigl,2023-02-04 17:30:00,0,0,0,0,False,0,0,0.0
522724,77,0.757696270942688,a,2022,VfB Stuttgart,Borussia M.Gladbach,Julian Weigl,2023-04-29 13:30:00,0,0,0,0,True,0,1,0.0
524473,40,0.03506099805235863,h,2022,Borussia M.Gladbach,Bochum,Julian Weigl,2023-05-06 13:30:00,0,0,0,0,False,1,0,0.0
496355,44,0.1351960003376007,a,2022,Wolfsburg,Bochum,Dominique Heintz,2022-10-29 13:30:00,0,0,0,0,False,0,2,0.0
520209,42,0.09068959951400757,a,2022,Union Berlin,Bochum,Dominique Heintz,2023-04-16 15:30:00,0,0,0,0,False,0,0,0.0
525810,12,0.02228916808962822,h,2022,Bochum,Augsburg,Dominique Heintz,2023-05-13 13:30:00,0,0,0,0,False,1,0,0.0
527380,68,0.020498614758253098,a,2022,Hertha Berlin,Bochum,Dominique Heintz,2023-05-20 13:30:00,0,0,0,0,False,0,1,0.0
479746,5,0.04040459915995598,a,2022,VfB Stuttgart,RasenBallsport Leipzig,Christopher Nkunku,2022-08-07 13:30:00,0,0,1,0,False,0,0,0.0
479747,7,0.38885000348091125,a,2022,VfB Stuttgart,RasenBallsport Leipzig,Christopher Nkunku,2022-08-07 13:30:00,0,0,0,0,True,0,0,0.04040459915995598
479764,65,0.38530901074409485,a,2022,VfB Stuttgart,RasenBallsport Leipzig,Christopher Nkunku,2022-08-07 13:30:00,1,0,0,0,False,1,1,0.42925460264086723
479766,67,0.020339200273156166,a,2022,VfB Stuttgart,RasenBallsport Leipzig,Christopher Nkunku,2022-08-07 13:30:00,1,0,0,0,False,1,1,0.8145636133849621
479774,77,0.025384200736880302,a,2022,VfB Stuttgart,RasenBallsport Leipzig,Christopher Nkunku,2022-08-07 13:30:00,1,0,0,0,False,1,1,0.8349028136581182
479780,94,0.06724569946527481,a,2022,VfB Stuttgart,RasenBallsport Leipzig,Christopher Nkunku,2022-08-07 13:30:00,1,0,0,0,False,1,1,0.8602870143949986
480241,39,0.5422030091285706,h,2022,RasenBallsport Leipzig,FC Cologne,Christopher Nkunku,2022-08-13 13:30:00,0,0,1,0,False,1,1,0.0
480243,48,0.046781398355960846,h,2022,RasenBallsport Leipzig,FC Cologne,Christopher Nkunku,2022-08-13 13:30:00,0,0,1,0,False,1,1,0.5422030091285706
480246,55,0.3645929992198944,h,2022,RasenBallsport Leipzig,FC Cologne,Christopher Nkunku,2022-08-13 13:30:00,0,0,0,0,True,1,1,0.5889844074845314
482052,4,0.06220639869570732,a,2022,Union Berlin,RasenBallsport Leipzig,Christopher Nkunku,2022-08-20 16:30:00,0,0,0,0,False,0,0,0.0
482064,50,0.0370790995657444,a,2022,Union Berlin,RasenBallsport Leipzig,Christopher Nkunku,2022-08-20 16:30:00,0,0,0,0,False,0,2,0.06220639869570732
483558,4,0.7576959729194641,h,2022,RasenBallsport Leipzig,Wolfsburg,Christopher Nkunku,2022-08-27 13:30:00,0,0,1,0,True,0,0,0.0
483574,61,0.22510099411010742,h,2022,RasenBallsport Leipzig,Wolfsburg,Christopher Nkunku,2022-08-27 13:30:00,1,0,1,0,False,1,0,0.7576959729194641
483582,89,0.7865740060806274,h,2022,RasenBallsport Leipzig,Wolfsburg,Christopher Nkunku,2022-08-27 13:30:00,1,0,0,0,True,1,0,0.9827969670295715
483581,89,0.1367260068655014,h,2022,RasenBallsport Leipzig,Wolfsburg,Christopher Nkunku,2022-08-27 13:30:00,1,0,0,0,False,1,0,1.769370973110199
486188,49,0.08912079781293869,a,2022,Eintracht Frankfurt,RasenBallsport Leipzig,Christopher Nkunku,2022-09-03 16:30:00,0,0,0,0,False,0,2,0.0
487428,70,0.06481470167636871,h,2022,RasenBallsport Leipzig,Borussia Dortmund,Christopher Nkunku,2022-09-10 13:30:00,0,0,0,0,False,2,0,0.0
490051,22,0.7577769756317139,h,2022,RasenBallsport Leipzig,Bochum,Christopher Nkunku,2022-10-01 13:30:00,0,0,1,0,True,1,0,0.0
490060,63,0.7577769756317139,h,2022,RasenBallsport Leipzig,Bochum,Christopher Nkunku,2022-10-01 13:30:00,1,0,1,0,False,3,0,0.7577769756317139
490065,84,0.19514299929141998,h,2022,RasenBallsport Leipzig,Bochum,Christopher Nkunku,2022-10-01 13:30:00,1,0,0,0,True,3,0,1.5155539512634277
491527,60,0.33597201108932495,a,2022,Mainz 05,RasenBallsport Leipzig,Christopher Nkunku,2022-10-08 13:30:00,0,0,1,0,False,0,1,0.0
491532,79,0.025296200066804886,a,2022,Mainz 05,RasenBallsport Leipzig,Christopher Nkunku,2022-10-08 13:30:00,0,0,0,0,True,0,1,0.33597201108932495
493221,23,0.06661459803581238,h,2022,RasenBallsport Leipzig,Hertha Berlin,Christopher Nkunku,2022-10-15 16:30:00,0,0,0,0,False,0,0,0.0
493234,57,0.11819200217723846,h,2022,RasenBallsport Leipzig,Hertha Berlin,Christopher Nkunku,2022-10-15 16:30:00,0,0,0,0,False,3,0,0.06661459803581238
493239,79,0.9261350035667419,h,2022,RasenBallsport Leipzig,Hertha Berlin,Christopher Nkunku,2022-10-15 16:30:00,0,0,0,0,False,3,2,0.18480660021305084
493246,93,0.05413150042295456,h,2022,RasenBallsport Leipzig,Hertha Berlin,Christopher Nkunku,2022-10-15 16:30:00,0,0,0,0,False,3,2,1.1109416037797928
494860,83,0.0447315014898777,a,2022,Augsburg,RasenBallsport Leipzig,Christopher Nkunku,2022-10-22 13:30:00,0,0,1,0,False,1,3,0.0
494863,88,0.05597899854183197,a,2022,Augsburg,RasenBallsport Leipzig,Christopher Nkunku,2022-10-22 13:30:00,0,0,0,0,True,1,3,0.0447315014898777
496329,31,0.1542930006980896,h,2022,RasenBallsport Leipzig,Bayer Leverkusen,Christopher Nkunku,2022-10-29 13:30:00,0,0,0,0,True,0,0,0.0
497976,16,0.08202909678220749,a,2022,Hoffenheim,RasenBallsport Leipzig,Christopher Nkunku,2022-11-05 14:30:00,0,0,1,0,True,0,0,0.0
497983,46,0.030961699783802032,a,2022,Hoffenheim,RasenBallsport Leipzig,Christopher Nkunku,2022-11-05 14:30:00,1,0,1,0,False,1,0,0.08202909678220749
497988,54,0.0782691016793251,a,2022,Hoffenheim,RasenBallsport Leipzig,Christopher Nkunku,2022-11-05 14:30:00,1,0,1,0,False,1,1,0.11299079656600952
497989,55,0.06433360278606415,a,2022,Hoffenheim,RasenBallsport Leipzig,Christopher Nkunku,2022-11-05 14:30:00,1,0,1,0,False,1,1,0.19125989824533463
497991,56,0.5406590104103088,a,2022,Hoffenheim,RasenBallsport Leipzig,Christopher Nkunku,2022-11-05 14:30:00,1,0,0,0,True,1,1,0.2555935010313988
499492,15,0.3897149860858917,h,2022,RasenBallsport Leipzig,Freiburg,Christopher Nkunku,2022-11-09 19:30:00,0,0,1,0,False,0,0,0.0
499497,39,0.06857080012559891,h,2022,RasenBallsport Leipzig,Freiburg,Christopher Nkunku,2022-11-09 19:30:00,0,0,1,0,False,0,0,0.3897149860858917
499499,48,0.043908800929784775,h,2022,RasenBallsport Leipzig,Freiburg,Christopher Nkunku,2022-11-09 19:30:00,0,0,1,0,False,0,0,0.45828578621149063
499500,51,0.27814701199531555,h,2022,RasenBallsport Leipzig,Freiburg,Christopher Nkunku,2022-11-09 19:30:00,0,0,1,0,False,0,0,0.5021945871412754
499503,53,0.05124880000948906,h,2022,RasenBallsport Leipzig,Freiburg,Christopher Nkunku,2022-11-09 19:30:00,0,0,1,0,False,0,0,0.780341599136591
499505,55,0.5541380047798157,h,2022,RasenBallsport Leipzig,Freiburg,Christopher Nkunku,2022-11-09 19:30:00,0,0,0,0,True,1,0,0.83159039914608
499974,28,0.13537000119686127,a,2022,Werder Bremen,RasenBallsport Leipzig,Christopher Nkunku,2022-11-12 14:30:00,0,0,0,0,False,1,0,0.0
499979,50,0.14728699624538422,a,2022,Werder Bremen,RasenBallsport Leipzig,Christopher Nkunku,2022-11-12 14:30:00,0,0,0,0,False,1,0,0.13537000119686127
499983,64,0.14674900472164154,a,2022,Werder Bremen,RasenBallsport Leipzig,Christopher Nkunku,2022-11-12 14:30:00,0,0,0,0,False,1,1,0.2826569974422455
499988,81,0.1476369947195053,a,2022,Werder Bremen,RasenBallsport Leipzig,Christopher Nkunku,2022-11-12 14:30:00,0,0,0,0,False,2,1,0.429406002163887
509546,80,0.42219701409339905,a,2022,Wolfsburg,RasenBallsport Leipzig,Christopher Nkunku,2023-02-18 14:30:00,0,0,0,0,False,1,0,0.0
509549,91,0.10362900048494339,a,2022,Wolfsburg,RasenBallsport Leipzig,Christopher Nkunku,2023-02-18 14:30:00,0,0,0,0,False,2,0,0.42219701409339905
511766,2,0.06148739904165268,a,2022,Borussia Dortmund,RasenBallsport Leipzig,Christopher Nkunku,2023-03-03 19:30:00,0,0,0,0,False,0,0,0.0
511768,6,0.11691900342702866,a,2022,Borussia Dortmund,RasenBallsport Leipzig,Christopher Nkunku,2023-03-03 19:30:00,0,0,0,0,False,0,0,0.06148739904165268
511778,64,0.0514151006937027,a,2022,Borussia Dortmund,RasenBallsport Leipzig,Christopher Nkunku,2023-03-03 19:30:00,0,0,0,0,False,0,2,0.17840640246868134
519280,82,0.054993998259305954,h,2022,RasenBallsport Leipzig,Augsburg,Christopher Nkunku,2023-04-15 13:30:00,0,0,0,0,False,3,2,0.0
519286,87,0.40031498670578003,h,2022,RasenBallsport Leipzig,Augsburg,Christopher Nkunku,2023-04-15 13:30:00,0,0,0,0,False,3,2,0.054993998259305954
521641,61,0.05326749384403229,a,2022,Bayer Leverkusen,RasenBallsport Leipzig,Christopher Nkunku,2023-04-23 15:30:00,0,0,0,0,False,0,1,0.0
521643,65,0.6508255004882812,a,2022,Bayer Leverkusen,RasenBallsport Leipzig,Christopher Nkunku,2023-04-23 15:30:00,0,0,0,0,False,0,1,0.05326749384403229
521646,70,0.10588843375444412,a,2022,Bayer Leverkusen,RasenBallsport Leipzig,Christopher Nkunku,2023-04-23 15:30:00,0,0,0,0,False,0,1,0.7040929943323135
521647,72,0.08511116355657578,a,2022,Bayer Leverkusen,RasenBallsport Leipzig,Christopher Nkunku,2023-04-23 15:30:00,0,0,0,0,False,0,1,0.8099814280867577
521655,91,0.0812547579407692,a,2022,Bayer Leverkusen,RasenBallsport Leipzig,Christopher Nkunku,2023-04-23 15:30:00,0,0,0,0,False,0,2,0.8950925916433334
522590,1,0.19934208691120148,h,2022,RasenBallsport Leipzig,Hoffenheim,Christopher Nkunku,2023-04-29 13:30:00,0,0,1,0,False,0,0,0.0
522595,27,0.45939943194389343,h,2022,RasenBallsport Leipzig,Hoffenheim,Christopher Nkunku,2023-04-29 13:30:00,0,0,0,0,True,0,0,0.19934208691120148
522596,29,0.09440985321998596,h,2022,RasenBallsport Leipzig,Hoffenheim,Christopher Nkunku,2023-04-29 13:30:00,1,0,0,0,False,1,0,0.6587415188550949
522600,41,0.045733898878097534,h,2022,RasenBallsport Leipzig,Hoffenheim,Christopher Nkunku,2023-04-29 13:30:00,1,0,0,0,False,1,0,0.7531513720750809
524607,4,0.4733865559101105,a,2022,Freiburg,RasenBallsport Leipzig,Christopher Nkunku,2023-05-06 13:30:00,0,0,0,0,False,0,0,0.0
524615,45,0.05397104471921921,a,2022,Freiburg,RasenBallsport Leipzig,Christopher Nkunku,2023-05-06 13:30:00,0,0,0,0,False,0,0,0.4733865559101105
526711,58,0.06312689930200577,h,2022,RasenBallsport Leipzig,Werder Bremen,Christopher Nkunku,2023-05-14 15:30:00,0,0,0,0,False,0,0,0.0
526717,76,0.15168727934360504,h,2022,RasenBallsport Leipzig,Werder Bremen,Christopher Nkunku,2023-05-14 15:30:00,0,0,0,0,False,0,1,0.06312689930200577
526719,80,0.061881132423877716,h,2022,RasenBallsport Leipzig,Werder Bremen,Christopher Nkunku,2023-05-14 15:30:00,0,0,0,0,False,0,1,0.2148141786456108
527667,28,0.017739901319146156,a,2022,Bayern Munich,RasenBallsport Leipzig,Christopher Nkunku,2023-05-20 16:30:00,0,0,1,0,False,0,1,0.0
527669,33,0.24546846747398376,a,2022,Bayern Munich,RasenBallsport Leipzig,Christopher Nkunku,2023-05-20 16:30:00,0,0,1,0,False,0,1,0.017739901319146156
527678,75,0.75777667760849,a,2022,Bayern Munich,RasenBallsport Leipzig,Christopher Nkunku,2023-05-20 16:30:00,0,0,0,0,True,1,1,0.2632083687931299
527683,83,0.33698317408561707,a,2022,Bayern Munich,RasenBallsport Leipzig,Christopher Nkunku,2023-05-20 16:30:00,1,0,0,0,False,2,1,1.02098504640162
528913,18,0.20277540385723114,h,2022,RasenBallsport Leipzig,Schalke 04,Christopher Nkunku,2023-05-27 13:30:00,0,0,1,0,True,1,0,0.0
528926,51,0.024828143417835236,h,2022,RasenBallsport Leipzig,Schalke 04,Christopher Nkunku,2023-05-27 13:30:00,1,0,1,0,False,2,1,0.20277540385723114
528936,84,0.4321192502975464,h,2022,RasenBallsport Leipzig,Schalke 04,Christopher Nkunku,2023-05-27 13:30:00,1,0,1,0,False,3,1,0.22760354727506638
528941,89,0.04188045486807823,h,2022,RasenBallsport Leipzig,Schalke 04,Christopher Nkunku,2023-05-27 13:30:00,1,0,1,0,False,3,1,0.6597227975726128
528944,93,0.14958412945270538,h,2022,RasenBallsport Leipzig,Schalke 04,Christopher Nkunku,2023-05-27 13:30:00,1,0,0,0,True,3,1,0.701603252440691
478989,1,0.04951930046081543,a,2022,Eintracht Frankfurt,Bayern Munich,Sadio Mané,2022-08-05 18:30:00,0,0,1,0,False,0,0,0.0
479003,28,0.4057140052318573,a,2022,Eintracht Frankfurt,Bayern Munich,Sadio Mané,2022-08-05 18:30:00,0,0,0,0,True,2,0,0.04951930046081543
479006,32,0.36897900700569153,a,2022,Eintracht Frankfurt,Bayern Munich,Sadio Mané,2022-08-05 18:30:00,1,0,0,0,False,3,0,0.45523330569267273
479005,32,0.5453680157661438,a,2022,Eintracht Frankfurt,Bayern Munich,Sadio Mané,2022-08-05 18:30:00,1,0,0,0,False,3,0,0.8242123126983643
479013,73,0.36360201239585876,a,2022,Eintracht Frankfurt,Bayern Munich,Sadio Mané,2022-08-05 18:30:00,1,0,0,0,False,5,1,1.369580328464508
481048,68,0.09364199638366699,h,2022,Bayern Munich,Wolfsburg,Sadio Mané,2022-08-14 15:30:00,0,0,0,0,False,2,0,0.0
482512,28,0.02017829939723015,a,2022,Bochum,Bayern Munich,Sadio Mané,2022-08-21 15:30:00,0,0,1,0,False,2,0,0.0
482519,41,0.4102399945259094,a,2022,Bochum,Bayern Munich,Sadio Mané,2022-08-21 15:30:00,0,0,1,0,True,3,0,0.02017829939723015
482524,59,0.7577769756317139,a,2022,Bochum,Bayern Munich,Sadio Mané,2022-08-21 15:30:00,1,0,0,0,True,4,0,0.43041829392313957
483893,0,0.11560700088739395,h,2022,Bayern Munich,Borussia M.Gladbach,Sadio Mané,2022-08-27 16:30:00,0,0,0,0,False,0,0,0.0
483892,0,0.051669199019670486,h,2022,Bayern Munich,Borussia M.Gladbach,Sadio Mané,2022-08-27 16:30:00,0,0,0,0,False,0,0,0.11560700088739395
483901,39,0.08218929916620255,h,2022,Bayern Munich,Borussia M.Gladbach,Sadio Mané,2022-08-27 16:30:00,0,0,0,0,False,0,0,0.16727619990706444
483905,54,0.07389219850301743,h,2022,Bayern Munich,Borussia M.Gladbach,Sadio Mané,2022-08-27 16:30:00,0,0,0,0,False,0,1,0.24946549907326698
483908,59,0.05012790113687515,h,2022,Bayern Munich,Borussia M.Gladbach,Sadio Mané,2022-08-27 16:30:00,0,0,0,0,False,0,1,0.3233576975762844
483910,60,0.48978298902511597,h,2022,Bayern Munich,Borussia M.Gladbach,Sadio Mané,2022-08-27 16:30:00,0,0,0,0,False,0,1,0.37348559871315956
483909,60,0.5000290274620056,h,2022,Bayern Munich,Borussia M.Gladbach,Sadio Mané,2022-08-27 16:30:00,0,0,0,0,False,0,1,0.8632685877382755
485822,20,0.01059779990464449,a,2022,Union Berlin,Bayern Munich,Sadio Mané,2022-09-03 13:30:00,0,0,0,0,False,1,1,0.0
485829,55,0.046626098453998566,a,2022,Union Berlin,Bayern Munich,Sadio Mané,2022-09-03 13:30:00,0,0,0,0,False,1,1,0.01059779990464449
485830,57,0.1194240003824234,a,2022,Union Berlin,Bayern Munich,Sadio Mané,2022-09-03 13:30:00,0,0,0,0,False,1,1,0.057223898358643055
485837,92,0.02044210024178028,a,2022,Union Berlin,Bayern Munich,Sadio Mané,2022-09-03 13:30:00,0,0,0,0,False,1,1,0.17664789874106646
488631,54,0.09717019647359848,a,2022,Augsburg,Bayern Munich,Sadio Mané,2022-09-17 13:30:00,0,0,0,0,False,0,0,0.0
489725,38,0.11644300073385239,h,2022,Bayern Munich,Bayer Leverkusen,Sadio Mané,2022-09-30 18:30:00,0,0,0,0,True,2,0,0.0
489731,48,0.06643310189247131,h,2022,Bayern Munich,Bayer Leverkusen,Sadio Mané,2022-09-30 18:30:00,1,0,0,0,False,3,0,0.11644300073385239
489732,54,0.5003010034561157,h,2022,Bayern Munich,Bayer Leverkusen,Sadio Mané,2022-09-30 18:30:00,1,0,0,0,False,3,0,0.1828761026263237
491752,48,0.3435159921646118,a,2022,Borussia Dortmund,Bayern Munich,Sadio Mané,2022-10-08 16:30:00,0,0,0,0,False,1,0,0.0
493954,5,0.05280359834432602,h,2022,Bayern Munich,Freiburg,Sadio Mané,2022-10-16 17:30:00,0,0,1,0,False,0,0,0.0
493968,54,0.3315950036048889,h,2022,Bayern Munich,Freiburg,Sadio Mané,2022-10-16 17:30:00,0,0,0,0,True,3,0,0.05280359834432602
493972,88,0.026545900851488113,h,2022,Bayern Munich,Freiburg,Sadio Mané,2022-10-16 17:30:00,1,0,0,0,False,5,0,0.38439860194921494
494894,83,0.029407700523734093,a,2022,Hoffenheim,Bayern Munich,Sadio Mané,2022-10-22 13:30:00,0,0,0,0,False,2,0,0.0
494896,93,0.11554700136184692,a,2022,Hoffenheim,Bayern Munich,Sadio Mané,2022-10-22 13:30:00,0,0,0,0,False,2,0,0.029407700523734093
496411,2,0.25330400466918945,h,2022,Bayern Munich,Mainz 05,Sadio Mané,2022-10-29 13:30:00,0,0,1,0,False,0,0,0.0
496416,17,0.096834197640419,h,2022,Bayern Munich,Mainz 05,Sadio Mané,2022-10-29 13:30:00,0,0,1,0,False,1,0,0.25330400466918945
496417,20,0.015280799940228462,h,2022,Bayern Munich,Mainz 05,Sadio Mané,2022-10-29 13:30:00,0,0,1,0,False,1,0,0.35013820230960846
496424,42,0.7577769756317139,h,2022,Bayern Munich,Mainz 05,Sadio Mané,2022-10-29 13:30:00,0,0,1,0,False,2,0,0.3654190022498369
496425,42,0.5908030271530151,h,2022,Bayern Munich,Mainz 05,Sadio Mané,2022-10-29 13:30:00,0,0,0,0,True,2,0,1.1231959778815508
496433,55,0.044686198234558105,h,2022,Bayern Munich,Mainz 05,Sadio Mané,2022-10-29 13:30:00,1,0,0,0,False,3,1,1.713999005034566
496434,56,0.09991879761219025,h,2022,Bayern Munich,Mainz 05,Sadio Mané,2022-10-29 13:30:00,1,0,0,0,False,3,1,1.758685203269124
497921,23,0.04646940156817436,a,2022,Hertha Berlin,Bayern Munich,Sadio Mané,2022-11-05 14:30:00,0,0,0,0,False,1,0,0.0
497931,50,0.05426869913935661,a,2022,Hertha Berlin,Bayern Munich,Sadio Mané,2022-11-05 14:30:00,0,0,0,0,False,3,2,0.04646940156817436
499165,5,0.10888499766588211,h,2022,Bayern Munich,Werder Bremen,Sadio Mané,2022-11-08 19:30:00,0,0,0,0,False,0,0,0.0
499167,8,0.040812499821186066,h,2022,Bayern Munich,Werder Bremen,Sadio Mané,2022-11-08 19:30:00,0,0,0,0,False,1,0,0.10888499766588211
512374,93,0.39879798889160156,a,2022,VfB Stuttgart,Bayern Munich,Sadio Mané,2023-03-04 17:30:00,0,0,0,0,False,2,1,0.0
512375,95,0.12884299457073212,a,2022,VfB Stuttgart,Bayern Munich,Sadio Mané,2023-03-04 17:30:00,0,0,0,0,False,2,1,0.39879798889160156
513433,8,0.10092099756002426,h,2022,Bayern Munich,Augsburg,Sadio Mané,2023-03-11 14:30:00,0,0,0,0,False,0,1,0.0
513444,38,0.13417699933052063,h,2022,Bayern Munich,Augsburg,Sadio Mané,2023-03-11 14:30:00,0,0,0,0,False,3,1,0.10092099756002426
513449,51,0.12584799528121948,h,2022,Bayern Munich,Augsburg,Sadio Mané,2023-03-11 14:30:00,0,0,0,0,False,4,1,0.2350979968905449
513451,53,0.025708500295877457,h,2022,Bayern Munich,Augsburg,Sadio Mané,2023-03-11 14:30:00,0,0,0,0,False,4,1,0.3609459921717644
517902,17,0.26414498686790466,a,2022,Freiburg,Bayern Munich,Sadio Mané,2023-04-08 13:30:00,0,0,0,0,False,0,0,0.0
517914,56,0.17787200212478638,a,2022,Freiburg,Bayern Munich,Sadio Mané,2023-04-08 13:30:00,0,0,0,0,False,1,0,0.26414498686790466
520707,28,0.8899896144866943,a,2022,Mainz 05,Bayern Munich,Sadio Mané,2023-04-22 13:30:00,0,0,0,0,True,0,0,0.0
523309,20,0.07926137000322342,h,2022,Bayern Munich,Hertha Berlin,Sadio Mané,2023-04-30 13:30:00,0,0,0,0,False,0,0,0.0
523319,46,0.5376446843147278,h,2022,Bayern Munich,Hertha Berlin,Sadio Mané,2023-04-30 13:30:00,0,0,0,0,False,0,0,0.07926137000322342
524801,50,0.09148070961236954,a,2022,Werder Bremen,Bayern Munich,Sadio Mané,2023-05-06 16:30:00,0,0,0,0,False,0,0,0.0
524802,55,0.4655846059322357,a,2022,Werder Bremen,Bayern Munich,Sadio Mané,2023-05-06 16:30:00,0,0,0,0,False,0,0,0.09148070961236954
489393,32,0.020583199337124825,h,2022,Union Berlin,Wolfsburg,Timo Baumgartl,2022-09-18 13:30:00,0,0,0,0,False,0,0,0.0
493809,9,0.015879500657320023,h,2022,Union Berlin,Borussia Dortmund,Timo Baumgartl,2022-10-16 15:30:00,0,0,0,0,False,1,0,0.0
493821,55,0.09341280162334442,h,2022,Union Berlin,Borussia Dortmund,Timo Baumgartl,2022-10-16 15:30:00,0,0,0,0,False,2,0,0.015879500657320023
498738,61,0.023576000705361366,a,2022,Bayer Leverkusen,Union Berlin,Timo Baumgartl,2022-11-06 14:30:00,0,0,0,0,False,0,3,0.0
489475,19,0.020762799307703972,h,2022,Bochum,FC Cologne,Danilo Soares,2022-09-18 15:30:00,0,0,0,0,False,0,0,0.0
524463,11,0.011000096797943115,a,2022,Borussia M.Gladbach,Bochum,Danilo Soares,2023-05-06 13:30:00,0,0,0,0,False,0,0,0.0
483902,41,0.03130820021033287,h,2022,Bayern Munich,Borussia M.Gladbach,Alphonso Davies,2022-08-27 16:30:00,0,0,0,0,False,0,0,0.0
483921,86,0.06709360331296921,h,2022,Bayern Munich,Borussia M.Gladbach,Alphonso Davies,2022-08-27 16:30:00,0,0,0,0,False,1,1,0.03130820021033287
485834,82,0.09984269738197327,a,2022,Union Berlin,Bayern Munich,Alphonso Davies,2022-09-03 13:30:00,0,0,0,0,False,1,1,0.0
487408,76,0.12138599902391434,h,2022,Bayern Munich,VfB Stuttgart,Alphonso Davies,2022-09-10 13:30:00,0,0,0,0,False,2,1,0.0
488627,41,0.0166631992906332,a,2022,Augsburg,Bayern Munich,Alphonso Davies,2022-09-17 13:30:00,0,0,0,0,False,0,0,0.0
489719,24,0.08160310238599777,h,2022,Bayern Munich,Bayer Leverkusen,Alphonso Davies,2022-09-30 18:30:00,0,0,0,0,False,2,0,0.0
493953,4,0.03693480044603348,h,2022,Bayern Munich,Freiburg,Alphonso Davies,2022-10-16 17:30:00,0,0,0,0,False,0,0,0.0
507778,20,0.01563809998333454,a,2022,Wolfsburg,Bayern Munich,Alphonso Davies,2023-02-05 16:30:00,0,0,0,0,False,3,0,0.0
509584,14,0.02052750065922737,a,2022,Borussia M.Gladbach,Bayern Munich,Alphonso Davies,2023-02-18 14:30:00,0,0,0,0,False,0,1,0.0
509604,74,0.3117299973964691,a,2022,Borussia M.Gladbach,Bayern Munich,Alphonso Davies,2023-02-18 14:30:00,0,0,0,0,False,1,2,0.02052750065922737
511455,47,0.34429100155830383,h,2022,Bayern Munich,Union Berlin,Alphonso Davies,2023-02-26 16:30:00,0,0,0,0,False,3,0,0.0
511468,85,0.3112339973449707,h,2022,Bayern Munich,Union Berlin,Alphonso Davies,2023-02-26 16:30:00,0,0,0,0,False,3,0,0.34429100155830383
513460,73,0.5537779927253723,h,2022,Bayern Munich,Augsburg,Alphonso Davies,2023-03-11 14:30:00,0,0,0,0,True,4,2,0.0
515763,87,0.020176000893115997,a,2022,Bayer Leverkusen,Bayern Munich,Alphonso Davies,2023-03-19 16:30:00,0,0,0,0,False,1,2,0.0
516599,9,0.06585849821567535,h,2022,Bayern Munich,Borussia Dortmund,Alphonso Davies,2023-04-01 16:30:00,0,0,0,0,False,0,0,0.0
517924,79,0.012791099958121777,a,2022,Freiburg,Bayern Munich,Alphonso Davies,2023-04-08 13:30:00,0,0,0,0,False,1,0,0.0
519379,92,0.030269600450992584,h,2022,Bayern Munich,Hoffenheim,Alphonso Davies,2023-04-15 13:30:00,0,0,0,0,False,1,1,0.0
519380,93,0.02538120001554489,h,2022,Bayern Munich,Hoffenheim,Alphonso Davies,2023-04-15 13:30:00,0,0,0,0,False,1,1,0.030269600450992584
520702,1,0.047963932156562805,a,2022,Mainz 05,Bayern Munich,Alphonso Davies,2023-04-22 13:30:00,0,0,0,0,False,0,0,0.0
481703,32,0.013912100344896317,a,2022,Borussia Dortmund,Werder Bremen,Christian Groß,2022-08-20 13:30:00,0,0,0,0,False,0,0,0.0
493038,58,0.01439059991389513,h,2022,Werder Bremen,Mainz 05,Christian Groß,2022-10-15 13:30:00,0,0,0,0,False,0,1,0.0
499980,56,0.028703799471259117,h,2022,Werder Bremen,RasenBallsport Leipzig,Christian Groß,2022-11-12 14:30:00,0,0,0,0,True,0,1,0.0
524796,29,0.012955388985574245,h,2022,Werder Bremen,Bayern Munich,Christian Groß,2023-05-06 16:30:00,0,0,0,0,False,0,0,0.0
524799,34,0.3220817446708679,h,2022,Werder Bremen,Bayern Munich,Christian Groß,2023-05-06 16:30:00,0,0,0,0,False,0,0,0.012955388985574245
485779,67,0.033742401748895645,a,2022,Wolfsburg,FC Cologne,Steffen Tigges,2022-09-03 13:30:00,0,0,0,0,False,2,1,0.0
489468,0,0.009761510416865349,a,2022,Bochum,FC Cologne,Steffen Tigges,2022-09-18 15:30:00,0,0,0,0,False,0,0,0.0
489937,55,0.06810220330953598,h,2022,FC Cologne,Borussia Dortmund,Steffen Tigges,2022-10-01 13:30:00,0,0,0,0,True,1,1,0.0
492211,8,0.038977500051259995,a,2022,Borussia M.Gladbach,FC Cologne,Steffen Tigges,2022-10-09 13:30:00,0,0,0,0,False,0,0,0.0
493709,32,0.08579649776220322,h,2022,FC Cologne,Augsburg,Steffen Tigges,2022-10-16 13:30:00,0,0,1,0,False,0,1,0.0
493713,46,0.39351901412010193,h,2022,FC Cologne,Augsburg,Steffen Tigges,2022-10-16 13:30:00,0,0,1,0,True,0,1,0.08579649776220322
493714,49,0.0753374993801117,h,2022,FC Cologne,Augsburg,Steffen Tigges,2022-10-16 13:30:00,1,0,1,0,False,1,1,0.47931551188230515
493721,70,0.055385299026966095,h,2022,FC Cologne,Augsburg,Steffen Tigges,2022-10-16 13:30:00,1,0,1,0,False,2,2,0.5546530112624168
493723,80,0.44305700063705444,h,2022,FC Cologne,Augsburg,Steffen Tigges,2022-10-16 13:30:00,1,0,0,0,True,2,2,0.6100383102893829
494664,13,0.3383040130138397,a,2022,Mainz 05,FC Cologne,Steffen Tigges,2022-10-21 18:30:00,0,0,0,0,False,0,1,0.0
498825,40,0.06994819641113281,a,2022,Freiburg,FC Cologne,Steffen Tigges,2022-11-06 16:30:00,0,0,0,0,False,0,0,0.0
499293,81,0.3851970136165619,h,2022,FC Cologne,Bayer Leverkusen,Steffen Tigges,2022-11-09 17:30:00,0,0,0,0,False,1,2,0.0
504796,14,0.14097100496292114,h,2022,FC Cologne,Werder Bremen,Steffen Tigges,2023-01-21 17:30:00,0,0,1,0,True,1,0,0.0
504798,20,0.224030002951622,h,2022,FC Cologne,Werder Bremen,Steffen Tigges,2023-01-21 17:30:00,1,0,0,0,True,2,0,0.14097100496292114
504800,29,0.12623099982738495,h,2022,FC Cologne,Werder Bremen,Steffen Tigges,2023-01-21 17:30:00,1,0,0,0,False,3,0,0.36500100791454315
504806,44,0.10513000190258026,h,2022,FC Cologne,Werder Bremen,Steffen Tigges,2023-01-21 17:30:00,1,0,0,0,False,5,1,0.4912320077419281
504809,50,0.14850400388240814,h,2022,FC Cologne,Werder Bremen,Steffen Tigges,2023-01-21 17:30:00,1,0,0,0,False,5,1,0.5963620096445084
507033,51,0.01810530014336109,h,2022,FC Cologne,RasenBallsport Leipzig,Steffen Tigges,2023-02-04 14:30:00,0,0,0,0,False,0,0,0.0
509499,4,0.03974879905581474,a,2022,VfB Stuttgart,FC Cologne,Steffen Tigges,2023-02-18 14:30:00,0,0,0,0,False,0,0,0.0
510783,49,0.04634619876742363,h,2022,FC Cologne,Wolfsburg,Steffen Tigges,2023-02-25 14:30:00,0,0,0,0,False,0,1,0.0
510785,62,0.31663399934768677,h,2022,FC Cologne,Wolfsburg,Steffen Tigges,2023-02-25 14:30:00,0,0,0,0,False,0,1,0.04634619876742363
512065,38,0.036052100360393524,a,2022,Union Berlin,FC Cologne,Steffen Tigges,2023-03-04 14:30:00,0,0,0,0,False,0,0,0.0
516999,64,0.10131099820137024,h,2022,FC Cologne,Borussia M.Gladbach,Steffen Tigges,2023-04-02 13:30:00,0,0,0,0,False,0,0,0.0
520807,73,0.1122177466750145,a,2022,Hoffenheim,FC Cologne,Steffen Tigges,2023-04-22 13:30:00,0,0,0,0,False,2,0,0.0
522668,72,0.030086928978562355,h,2022,FC Cologne,Freiburg,Steffen Tigges,2023-04-29 13:30:00,0,0,0,0,False,0,1,0.0
522673,78,0.04915003105998039,h,2022,FC Cologne,Freiburg,Steffen Tigges,2023-04-29 13:30:00,0,0,0,0,False,0,1,0.030086928978562355
522672,78,0.12785105407238007,h,2022,FC Cologne,Freiburg,Steffen Tigges,2023-04-29 13:30:00,0,0,0,0,False,0,1,0.07923696003854275
522674,80,0.08624452352523804,h,2022,FC Cologne,Freiburg,Steffen Tigges,2023-04-29 13:30:00,0,0,0,0,False,0,1,0.2070880141109228
525564,49,0.07338700443506241,h,2022,FC Cologne,Hertha Berlin,Steffen Tigges,2023-05-12 18:30:00,0,0,0,0,False,3,2,0.0
525565,50,0.6087135672569275,h,2022,FC Cologne,Hertha Berlin,Steffen Tigges,2023-05-12 18:30:00,0,0,0,0,False,3,2,0.07338700443506241
525563,50,0.06111597642302513,h,2022,FC Cologne,Hertha Berlin,Steffen Tigges,2023-05-12 18:30:00,0,0,0,0,False,3,2,0.6821005716919899
525574,76,0.5473751425743103,h,2022,FC Cologne,Hertha Berlin,Steffen Tigges,2023-05-12 18:30:00,0,0,0,0,False,4,2,0.743216548115015
525576,78,0.018488479778170586,h,2022,FC Cologne,Hertha Berlin,Steffen Tigges,2023-05-12 18:30:00,0,0,0,0,False,4,2,1.2905916906893253
525579,88,0.03542652726173401,h,2022,FC Cologne,Hertha Berlin,Steffen Tigges,2023-05-12 18:30:00,0,0,0,0,False,5,2,1.309080170467496
527292,35,0.569216251373291,a,2022,Werder Bremen,FC Cologne,Steffen Tigges,2023-05-20 13:30:00,0,0,0,0,True,0,0,0.0
481534,27,0.015368900261819363,a,2022,Borussia M.Gladbach,Hertha Berlin,Maximilian Mittelstädt,2022-08-19 18:30:00,0,0,0,0,False,0,0,0.0
493233,57,0.015795599669218063,a,2022,RasenBallsport Leipzig,Hertha Berlin,Maximilian Mittelstädt,2022-10-15 16:30:00,0,0,0,0,False,0,3,0.0
500012,80,0.01851459965109825,h,2022,Hertha Berlin,FC Cologne,Maximilian Mittelstädt,2022-11-12 14:30:00,0,0,0,0,False,2,0,0.0
505339,24,0.01585409976541996,h,2022,Hertha Berlin,Wolfsburg,Maximilian Mittelstädt,2023-01-24 19:30:00,0,0,0,0,False,0,1,0.0
514922,33,0.02249320037662983,a,2022,Hoffenheim,Hertha Berlin,Maximilian Mittelstädt,2023-03-18 14:30:00,0,0,0,0,False,0,1,0.0
514935,80,0.0734815001487732,a,2022,Hoffenheim,Hertha Berlin,Maximilian Mittelstädt,2023-03-18 14:30:00,0,0,0,0,False,0,3,0.02249320037662983
479148,34,0.016732700169086456,h,2022,Borussia M.Gladbach,Hoffenheim,Joe Scally,2022-08-06 13:30:00,0,0,0,0,False,0,1,0.0
479153,48,0.0831151008605957,h,2022,Borussia M.Gladbach,Hoffenheim,Joe Scally,2022-08-06 13:30:00,0,0,0,0,False,1,1,0.016732700169086456
480587,77,0.07464329898357391,a,2022,Schalke 04,Borussia M.Gladbach,Joe Scally,2022-08-13 16:30:00,0,0,0,0,False,1,1,0.0
486721,48,0.0722075030207634,h,2022,Borussia M.Gladbach,Mainz 05,Joe Scally,2022-09-04 15:30:00,0,0,0,0,False,0,0,0.0
490323,19,0.21578000485897064,a,2022,Werder Bremen,Borussia M.Gladbach,Joe Scally,2022-10-01 16:30:00,0,0,0,0,False,0,3,0.0
505067,85,0.12601600587368011,h,2022,Borussia M.Gladbach,Bayer Leverkusen,Joe Scally,2023-01-22 16:30:00,0,0,0,0,False,1,3,0.0
508974,84,0.01691949926316738,a,2022,Hertha Berlin,Borussia M.Gladbach,Joe Scally,2023-02-12 14:30:00,0,0,0,0,False,1,2,0.0
519698,42,0.029579199850559235,a,2022,Eintracht Frankfurt,Borussia M.Gladbach,Joe Scally,2023-04-15 16:30:00,0,0,0,0,False,1,0,0.0
480239,35,0.021065499633550644,h,2022,RasenBallsport Leipzig,FC Cologne,Timo Werner,2022-08-13 13:30:00,0,0,0,0,True,0,0,0.0
482054,18,0.323293000459671,a,2022,Union Berlin,RasenBallsport Leipzig,Timo Werner,2022-08-20 16:30:00,0,0,0,0,False,0,0,0.0
482068,67,0.04831479862332344,a,2022,Union Berlin,RasenBallsport Leipzig,Timo Werner,2022-08-20 16:30:00,0,0,0,0,False,0,2,0.323293000459671
483577,75,0.15292400121688843,h,2022,RasenBallsport Leipzig,Wolfsburg,Timo Werner,2022-08-27 13:30:00,0,0,0,0,False,1,0,0.0
483578,78,0.37415099143981934,h,2022,RasenBallsport Leipzig,Wolfsburg,Timo Werner,2022-08-27 13:30:00,0,0,0,0,False,1,0,0.15292400121688843
487421,43,0.31624698638916016,h,2022,RasenBallsport Leipzig,Borussia Dortmund,Timo Werner,2022-09-10 13:30:00,0,0,0,0,False,1,0,0.0
487425,60,0.10038399696350098,h,2022,RasenBallsport Leipzig,Borussia Dortmund,Timo Werner,2022-09-10 13:30:00,0,0,0,0,False,2,0,0.31624698638916016
487429,71,0.05427819862961769,h,2022,RasenBallsport Leipzig,Borussia Dortmund,Timo Werner,2022-09-10 13:30:00,0,0,0,0,False,2,0,0.41663098335266113
488895,53,0.09454809874296188,a,2022,Borussia M.Gladbach,RasenBallsport Leipzig,Timo Werner,2022-09-17 16:30:00,0,0,0,0,False,0,3,0.0
488897,56,0.047539401799440384,a,2022,Borussia M.Gladbach,RasenBallsport Leipzig,Timo Werner,2022-09-17 16:30:00,0,0,0,0,False,0,3,0.09454809874296188
488902,76,0.07087189704179764,a,2022,Borussia M.Gladbach,RasenBallsport Leipzig,Timo Werner,2022-09-17 16:30:00,0,0,0,0,False,0,3,0.14208750054240227
490047,5,0.21848300099372864,h,2022,RasenBallsport Leipzig,Bochum,Timo Werner,2022-10-01 13:30:00,0,0,1,0,False,0,0,0.0
490050,14,0.38923099637031555,h,2022,RasenBallsport Leipzig,Bochum,Timo Werner,2022-10-01 13:30:00,0,0,1,0,True,0,0,0.21848300099372864
490053,43,0.02673809975385666,h,2022,RasenBallsport Leipzig,Bochum,Timo Werner,2022-10-01 13:30:00,1,0,1,0,False,2,0,0.6077139973640442
490054,45,0.07242490351200104,h,2022,RasenBallsport Leipzig,Bochum,Timo Werner,2022-10-01 13:30:00,1,0,1,0,False,2,0,0.6344520971179008
490055,49,0.11813300102949142,h,2022,RasenBallsport Leipzig,Bochum,Timo Werner,2022-10-01 13:30:00,1,0,1,0,False,2,0,0.7068770006299019
490058,52,0.6909540295600891,h,2022,RasenBallsport Leipzig,Bochum,Timo Werner,2022-10-01 13:30:00,1,0,0,0,True,2,0,0.8250100016593933
490061,67,0.033571500331163406,h,2022,RasenBallsport Leipzig,Bochum,Timo Werner,2022-10-01 13:30:00,1,0,0,0,False,3,0,1.5159640312194824
490063,70,0.562949001789093,h,2022,RasenBallsport Leipzig,Bochum,Timo Werner,2022-10-01 13:30:00,1,0,0,0,False,3,0,1.5495355315506458
491516,15,0.06473550200462341,a,2022,Mainz 05,RasenBallsport Leipzig,Timo Werner,2022-10-08 13:30:00,0,0,0,0,False,0,0,0.0
491529,61,0.3904240131378174,a,2022,Mainz 05,RasenBallsport Leipzig,Timo Werner,2022-10-08 13:30:00,0,0,0,0,False,0,1,0.06473550200462341
491533,82,0.04281340166926384,a,2022,Mainz 05,RasenBallsport Leipzig,Timo Werner,2022-10-08 13:30:00,0,0,0,0,False,1,1,0.4551595151424408
491534,86,0.045166101306676865,a,2022,Mainz 05,RasenBallsport Leipzig,Timo Werner,2022-10-08 13:30:00,0,0,0,0,False,1,1,0.49797291681170464
496331,45,0.07003770023584366,h,2022,RasenBallsport Leipzig,Bayer Leverkusen,Timo Werner,2022-10-29 13:30:00,0,0,1,0,False,1,0,0.0
496336,62,0.0960794985294342,h,2022,RasenBallsport Leipzig,Bayer Leverkusen,Timo Werner,2022-10-29 13:30:00,0,0,1,0,False,1,0,0.07003770023584366
496338,79,0.11208099871873856,h,2022,RasenBallsport Leipzig,Bayer Leverkusen,Timo Werner,2022-10-29 13:30:00,0,0,1,0,False,1,0,0.16611719876527786
496339,82,0.3538050055503845,h,2022,RasenBallsport Leipzig,Bayer Leverkusen,Timo Werner,2022-10-29 13:30:00,0,0,0,0,True,1,0,0.2781981974840164
504383,83,0.07963529974222183,h,2022,RasenBallsport Leipzig,Bayern Munich,Timo Werner,2023-01-20 19:30:00,0,0,0,0,False,1,1,0.0
505314,46,0.6440100073814392,a,2022,Schalke 04,RasenBallsport Leipzig,Timo Werner,2023-01-24 17:30:00,0,0,0,0,True,3,0,0.0
505315,49,0.5569980144500732,a,2022,Schalke 04,RasenBallsport Leipzig,Timo Werner,2023-01-24 17:30:00,1,0,0,0,False,4,0,0.6440100073814392
507023,2,0.32832300662994385,a,2022,FC Cologne,RasenBallsport Leipzig,Timo Werner,2023-02-04 14:30:00,0,0,0,0,False,0,0,0.0
507028,31,0.07035259902477264,a,2022,FC Cologne,RasenBallsport Leipzig,Timo Werner,2023-02-04 14:30:00,0,0,0,0,False,0,0,0.32832300662994385
510760,5,0.3207769989967346,h,2022,RasenBallsport Leipzig,Eintracht Frankfurt,Timo Werner,2023-02-25 14:30:00,0,0,0,0,True,0,0,0.0
510761,22,0.08128570020198822,h,2022,RasenBallsport Leipzig,Eintracht Frankfurt,Timo Werner,2023-02-25 14:30:00,1,0,0,0,False,1,0,0.3207769989967346
511789,93,0.04841180145740509,a,2022,Borussia Dortmund,RasenBallsport Leipzig,Timo Werner,2023-03-03 19:30:00,0,0,0,0,False,1,2,0.0
513411,10,0.07604029774665833,h,2022,RasenBallsport Leipzig,Borussia M.Gladbach,Timo Werner,2023-03-11 14:30:00,0,0,1,0,False,0,0,0.0
513414,28,0.03720869868993759,h,2022,RasenBallsport Leipzig,Borussia M.Gladbach,Timo Werner,2023-03-11 14:30:00,0,0,1,0,False,0,0,0.07604029774665833
513415,31,0.0573032982647419,h,2022,RasenBallsport Leipzig,Borussia M.Gladbach,Timo Werner,2023-03-11 14:30:00,0,0,1,0,False,0,0,0.11324899643659592
513423,56,0.051316998898983,h,2022,RasenBallsport Leipzig,Borussia M.Gladbach,Timo Werner,2023-03-11 14:30:00,0,0,0,0,True,0,0,0.17055229470133781
514885,21,0.0728750005364418,a,2022,Bochum,RasenBallsport Leipzig,Timo Werner,2023-03-18 14:30:00,0,0,0,0,False,0,0,0.0
514899,66,0.007642489857971668,a,2022,Bochum,RasenBallsport Leipzig,Timo Werner,2023-03-18 14:30:00,0,0,0,0,False,0,1,0.0728750005364418
516155,28,0.02961369976401329,h,2022,RasenBallsport Leipzig,Mainz 05,Timo Werner,2023-04-01 13:30:00,0,0,0,0,False,0,1,0.0
516157,31,0.03663229942321777,h,2022,RasenBallsport Leipzig,Mainz 05,Timo Werner,2023-04-01 13:30:00,0,0,0,0,False,0,1,0.02961369976401329
516158,40,0.24083000421524048,h,2022,RasenBallsport Leipzig,Mainz 05,Timo Werner,2023-04-01 13:30:00,0,0,0,0,False,0,1,0.06624599918723106
516160,43,0.02703629992902279,h,2022,RasenBallsport Leipzig,Mainz 05,Timo Werner,2023-04-01 13:30:00,0,0,0,0,False,0,1,0.30707600340247154
518298,3,0.11019700020551682,a,2022,Hertha Berlin,RasenBallsport Leipzig,Timo Werner,2023-04-08 16:30:00,0,0,0,0,False,0,0,0.0
518303,15,0.054035499691963196,a,2022,Hertha Berlin,RasenBallsport Leipzig,Timo Werner,2023-04-08 16:30:00,0,0,0,0,False,0,0,0.11019700020551682
519268,31,0.09587539732456207,h,2022,RasenBallsport Leipzig,Augsburg,Timo Werner,2023-04-15 13:30:00,0,0,1,0,True,1,1,0.0
519270,34,0.06980270147323608,h,2022,RasenBallsport Leipzig,Augsburg,Timo Werner,2023-04-15 13:30:00,1,0,0,0,True,2,1,0.09587539732456207
521627,5,0.05456751585006714,a,2022,Bayer Leverkusen,RasenBallsport Leipzig,Timo Werner,2023-04-23 15:30:00,0,0,0,0,False,0,0,0.0
521640,61,0.037750791758298874,a,2022,Bayer Leverkusen,RasenBallsport Leipzig,Timo Werner,2023-04-23 15:30:00,0,0,0,0,False,0,1,0.05456751585006714
521642,65,0.34508180618286133,a,2022,Bayer Leverkusen,RasenBallsport Leipzig,Timo Werner,2023-04-23 15:30:00,0,0,0,0,False,0,1,0.09231830760836601
522592,13,0.34079495072364807,h,2022,RasenBallsport Leipzig,Hoffenheim,Timo Werner,2023-04-29 13:30:00,0,0,0,0,False,0,0,0.0
522599,36,0.03566296398639679,h,2022,RasenBallsport Leipzig,Hoffenheim,Timo Werner,2023-04-29 13:30:00,0,0,0,0,False,1,0,0.34079495072364807
522601,42,0.06830867379903793,h,2022,RasenBallsport Leipzig,Hoffenheim,Timo Werner,2023-04-29 13:30:00,0,0,0,0,False,1,0,0.37645791471004486
524606,4,0.36899933218955994,a,2022,Freiburg,RasenBallsport Leipzig,Timo Werner,2023-05-06 13:30:00,0,0,0,0,False,0,0,0.0
524609,9,0.11987842619419098,a,2022,Freiburg,RasenBallsport Leipzig,Timo Werner,2023-05-06 13:30:00,0,0,0,0,False,0,0,0.36899933218955994
526703,19,0.08068694174289703,h,2022,RasenBallsport Leipzig,Werder Bremen,Timo Werner,2023-05-14 15:30:00,0,0,0,0,False,0,0,0.0
526712,60,0.04037553444504738,h,2022,RasenBallsport Leipzig,Werder Bremen,Timo Werner,2023-05-14 15:30:00,0,0,0,0,False,0,0,0.08068694174289703
526723,93,0.05370951443910599,h,2022,RasenBallsport Leipzig,Werder Bremen,Timo Werner,2023-05-14 15:30:00,0,0,0,0,False,1,1,0.12106247618794441
528928,53,0.18988880515098572,h,2022,RasenBallsport Leipzig,Schalke 04,Timo Werner,2023-05-27 13:30:00,0,0,0,0,False,2,1,0.0
483443,17,0.011813400313258171,h,2022,Schalke 04,Union Berlin,Thomas Ouwejan,2022-08-27 13:30:00,0,0,0,0,False,0,1,0.0
483457,71,0.01616309955716133,h,2022,Schalke 04,Union Berlin,Thomas Ouwejan,2022-08-27 13:30:00,0,0,0,0,False,1,4,0.011813400313258171
492708,29,0.03991580009460449,h,2022,Schalke 04,Hoffenheim,Thomas Ouwejan,2022-10-14 18:30:00,0,0,0,0,False,0,1,0.0
492709,33,0.026443099603056908,h,2022,Schalke 04,Hoffenheim,Thomas Ouwejan,2022-10-14 18:30:00,0,0,0,0,False,0,1,0.03991580009460449
495753,20,0.025922000408172607,a,2022,Hertha Berlin,Schalke 04,Thomas Ouwejan,2022-10-23 15:30:00,0,0,0,0,False,0,0,0.0
479001,25,0.2980799973011017,h,2022,Eintracht Frankfurt,Bayern Munich,Jesper Lindstrom,2022-08-05 18:30:00,0,0,0,0,False,0,2,0.0
482428,47,0.10872100293636322,h,2022,Eintracht Frankfurt,FC Cologne,Jesper Lindstrom,2022-08-21 13:30:00,0,0,0,0,False,0,0,0.0
484507,26,0.31801098585128784,a,2022,Werder Bremen,Eintracht Frankfurt,Jesper Lindstrom,2022-08-28 15:30:00,0,0,1,0,False,1,2,0.0
484512,38,0.3117139935493469,a,2022,Werder Bremen,Eintracht Frankfurt,Jesper Lindstrom,2022-08-28 15:30:00,0,0,0,0,True,2,2,0.31801098585128784
486192,65,0.031277600675821304,h,2022,Eintracht Frankfurt,RasenBallsport Leipzig,Jesper Lindstrom,2022-09-03 16:30:00,0,0,0,0,False,2,0,0.0
487478,85,0.030398299917578697,h,2022,Eintracht Frankfurt,Wolfsburg,Jesper Lindstrom,2022-09-10 13:30:00,0,0,0,0,False,0,1,0.0
487480,91,0.02472269907593727,h,2022,Eintracht Frankfurt,Wolfsburg,Jesper Lindstrom,2022-09-10 13:30:00,0,0,0,0,False,0,1,0.030398299917578697
489964,29,0.053884200751781464,h,2022,Eintracht Frankfurt,Union Berlin,Jesper Lindstrom,2022-10-01 13:30:00,0,0,1,0,False,1,0,0.0
489967,40,0.04739519953727722,h,2022,Eintracht Frankfurt,Union Berlin,Jesper Lindstrom,2022-10-01 13:30:00,0,0,1,0,False,1,0,0.053884200751781464
489969,41,0.15420900285243988,h,2022,Eintracht Frankfurt,Union Berlin,Jesper Lindstrom,2022-10-01 13:30:00,0,0,0,0,True,1,0,0.10127940028905869
493049,13,0.0615340992808342,h,2022,Eintracht Frankfurt,Bayer Leverkusen,Jesper Lindstrom,2022-10-15 13:30:00,0,0,1,0,False,0,0,0.0
493060,60,0.08574420213699341,h,2022,Eintracht Frankfurt,Bayer Leverkusen,Jesper Lindstrom,2022-10-15 13:30:00,0,0,1,0,False,2,1,0.0615340992808342
493058,60,0.13903699815273285,h,2022,Eintracht Frankfurt,Bayer Leverkusen,Jesper Lindstrom,2022-10-15 13:30:00,0,0,1,0,False,2,1,0.1472783014178276
493062,64,0.09451120346784592,h,2022,Eintracht Frankfurt,Bayer Leverkusen,Jesper Lindstrom,2022-10-15 13:30:00,0,0,0,0,True,2,1,0.28631529957056046
495185,5,0.6168389916419983,a,2022,Borussia M.Gladbach,Eintracht Frankfurt,Jesper Lindstrom,2022-10-22 16:30:00,0,0,1,0,True,0,0,0.0
495188,18,0.045224398374557495,a,2022,Borussia M.Gladbach,Eintracht Frankfurt,Jesper Lindstrom,2022-10-22 16:30:00,1,0,1,0,False,1,0,0.6168389916419983
495199,44,0.2859089970588684,a,2022,Borussia M.Gladbach,Eintracht Frankfurt,Jesper Lindstrom,2022-10-22 16:30:00,1,0,0,0,True,2,0,0.6620633900165558
496726,3,0.055121101438999176,h,2022,Eintracht Frankfurt,Borussia Dortmund,Jesper Lindstrom,2022-10-29 16:30:00,0,0,0,0,False,0,0,0.0
496735,28,0.03099749982357025,h,2022,Eintracht Frankfurt,Borussia Dortmund,Jesper Lindstrom,2022-10-29 16:30:00,0,0,0,0,False,1,1,0.055121101438999176
496734,28,0.018983300775289536,h,2022,Eintracht Frankfurt,Borussia Dortmund,Jesper Lindstrom,2022-10-29 16:30:00,0,0,0,0,False,1,1,0.08611860126256943
496742,54,0.09500870108604431,h,2022,Eintracht Frankfurt,Borussia Dortmund,Jesper Lindstrom,2022-10-29 16:30:00,0,0,0,0,False,1,2,0.10510190203785896
496745,57,0.19304800033569336,h,2022,Eintracht Frankfurt,Borussia Dortmund,Jesper Lindstrom,2022-10-29 16:30:00,0,0,0,0,False,1,2,0.20011060312390327
497953,8,0.042333900928497314,a,2022,Augsburg,Eintracht Frankfurt,Jesper Lindstrom,2022-11-05 14:30:00,0,0,0,0,False,0,1,0.0
497963,62,0.058760300278663635,a,2022,Augsburg,Eintracht Frankfurt,Jesper Lindstrom,2022-11-05 14:30:00,0,0,0,0,False,1,1,0.042333900928497314
499442,7,0.016658799722790718,h,2022,Eintracht Frankfurt,Hoffenheim,Jesper Lindstrom,2022-11-09 19:30:00,0,0,1,0,False,1,0,0.0
499450,46,0.11795700341463089,h,2022,Eintracht Frankfurt,Hoffenheim,Jesper Lindstrom,2022-11-09 19:30:00,0,0,1,0,False,3,2,0.016658799722790718
499454,55,0.5910689830780029,h,2022,Eintracht Frankfurt,Hoffenheim,Jesper Lindstrom,2022-11-09 19:30:00,0,0,0,0,True,3,2,0.1346158031374216
499457,60,0.5315579771995544,h,2022,Eintracht Frankfurt,Hoffenheim,Jesper Lindstrom,2022-11-09 19:30:00,1,0,0,0,False,4,2,0.7256847862154245
499459,70,0.07479490339756012,h,2022,Eintracht Frankfurt,Hoffenheim,Jesper Lindstrom,2022-11-09 19:30:00,1,0,0,0,False,4,2,1.257242763414979
500717,16,0.07405649870634079,a,2022,Mainz 05,Eintracht Frankfurt,Jesper Lindstrom,2022-11-13 14:30:00,0,0,0,0,False,0,0,0.0
500724,46,0.08461389690637589,a,2022,Mainz 05,Eintracht Frankfurt,Jesper Lindstrom,2022-11-13 14:30:00,0,0,0,0,False,0,1,0.07405649870634079
504591,21,0.3035790026187897,h,2022,Eintracht Frankfurt,Schalke 04,Jesper Lindstrom,2023-01-21 14:30:00,0,0,0,0,True,0,0,0.0
504598,36,0.08083450049161911,h,2022,Eintracht Frankfurt,Schalke 04,Jesper Lindstrom,2023-01-21 14:30:00,1,0,0,0,False,1,0,0.3035790026187897
505483,46,0.10129699856042862,a,2022,Freiburg,Eintracht Frankfurt,Jesper Lindstrom,2023-01-25 19:30:00,0,0,0,0,False,1,0,0.0
509051,32,0.06407859921455383,a,2022,FC Cologne,Eintracht Frankfurt,Jesper Lindstrom,2023-02-12 16:30:00,0,0,0,0,False,0,0,0.0
509055,63,0.016767600551247597,a,2022,FC Cologne,Eintracht Frankfurt,Jesper Lindstrom,2023-02-12 16:30:00,0,0,0,0,False,0,1,0.06407859921455383
509885,37,0.019403399899601936,h,2022,Eintracht Frankfurt,Werder Bremen,Jesper Lindstrom,2023-02-18 17:30:00,0,0,0,0,False,0,0,0.0
509889,45,0.09868030250072479,h,2022,Eintracht Frankfurt,Werder Bremen,Jesper Lindstrom,2023-02-18 17:30:00,0,0,0,0,False,0,0,0.019403399899601936
510765,50,0.03558310121297836,a,2022,RasenBallsport Leipzig,Eintracht Frankfurt,Jesper Lindstrom,2023-02-25 14:30:00,0,0,0,0,False,0,2,0.0
510771,65,0.09507740288972855,a,2022,RasenBallsport Leipzig,Eintracht Frankfurt,Jesper Lindstrom,2023-02-25 14:30:00,0,0,0,0,False,1,2,0.03558310121297836
512850,21,0.0270151998847723,a,2022,Wolfsburg,Eintracht Frankfurt,Jesper Lindstrom,2023-03-05 16:30:00,0,0,0,0,False,0,1,0.0
512862,65,0.022125400602817535,a,2022,Wolfsburg,Eintracht Frankfurt,Jesper Lindstrom,2023-03-05 16:30:00,0,0,0,0,False,2,2,0.0270151998847723
512863,66,0.040934398770332336,a,2022,Wolfsburg,Eintracht Frankfurt,Jesper Lindstrom,2023-03-05 16:30:00,0,0,0,0,False,2,2,0.049140600487589836
525899,78,0.07159575074911118,h,2022,Eintracht Frankfurt,Mainz 05,Jesper Lindstrom,2023-05-13 13:30:00,0,0,0,0,False,3,0,0.0
529129,6,0.027842432260513306,h,2022,Eintracht Frankfurt,Freiburg,Jesper Lindstrom,2023-05-27 13:30:00,0,0,0,0,False,0,0,0.0
479181,83,0.06540080159902573,h,2022,Wolfsburg,Werder Bremen,Josuha Guilavogui,2022-08-06 13:30:00,0,0,0,0,True,1,2,0.0
494985,80,0.033306900411844254,a,2022,Bayer Leverkusen,Wolfsburg,Josuha Guilavogui,2022-10-22 13:30:00,0,0,0,0,False,1,2,0.0
505758,97,0.07784409821033478,a,2022,Werder Bremen,Wolfsburg,Josuha Guilavogui,2023-01-28 14:30:00,0,0,0,0,False,1,2,0.0
523469,66,0.01827734149992466,h,2022,Wolfsburg,Mainz 05,Josuha Guilavogui,2023-04-30 15:30:00,0,0,0,0,False,3,0,0.0
525849,92,0,h,2022,Wolfsburg,Hoffenheim,Josuha Guilavogui,2023-05-13 13:30:00,0,0,0,0,False,2,0,0.0
529058,28,0.0757342204451561,h,2022,Wolfsburg,Hertha Berlin,Josuha Guilavogui,2023-05-27 13:30:00,0,0,0,0,False,1,0,0.0
529061,41,0.030539121478796005,h,2022,Wolfsburg,Hertha Berlin,Josuha Guilavogui,2023-05-27 13:30:00,0,0,0,0,False,1,0,0.0757342204451561
483463,86,0.1131030023097992,a,2022,Schalke 04,Union Berlin,Sven Michel,2022-08-27 13:30:00,0,0,1,0,True,4,1,0.0
483465,89,0.08500300347805023,a,2022,Schalke 04,Union Berlin,Sven Michel,2022-08-27 13:30:00,1,0,0,0,True,5,1,0.1131030023097992
497274,75,0.020981600508093834,h,2022,Union Berlin,Borussia M.Gladbach,Sven Michel,2022-10-30 14:30:00,0,0,0,0,False,0,1,0.0
497277,80,0.024435199797153473,h,2022,Union Berlin,Borussia M.Gladbach,Sven Michel,2022-10-30 14:30:00,0,0,0,0,False,1,1,0.020981600508093834
499491,90,0.055269598960876465,h,2022,Union Berlin,Augsburg,Sven Michel,2022-11-09 19:30:00,0,0,0,0,False,2,2,0.0
500811,84,0.7577769756317139,a,2022,Freiburg,Union Berlin,Sven Michel,2022-11-13 16:30:00,0,0,0,0,True,0,4,0.0
508631,96,0.011375200003385544,a,2022,RasenBallsport Leipzig,Union Berlin,Sven Michel,2023-02-11 17:30:00,0,0,0,0,False,2,1,0.0
510261,46,0.014202499762177467,h,2022,Union Berlin,Schalke 04,Sven Michel,2023-02-19 14:30:00,0,0,0,0,False,0,0,0.0
514350,1,0.06115870177745819,a,2022,Wolfsburg,Union Berlin,Sven Michel,2023-03-12 18:30:00,0,0,0,0,False,0,0,0.0
514352,4,0.05752430111169815,a,2022,Wolfsburg,Union Berlin,Sven Michel,2023-03-12 18:30:00,0,0,0,0,False,0,0,0.06115870177745819
514365,57,0.02308039925992489,a,2022,Wolfsburg,Union Berlin,Sven Michel,2023-03-12 18:30:00,0,0,0,0,False,0,0,0.11868300288915634
514372,85,0.04405609890818596,a,2022,Wolfsburg,Union Berlin,Sven Michel,2023-03-12 18:30:00,0,0,0,0,False,1,1,0.14176340214908123
521738,92,0.08306863903999329,a,2022,Borussia M.Gladbach,Union Berlin,Sven Michel,2023-04-23 17:30:00,0,0,0,0,False,1,0,0.0
524575,81,0.07731521129608154,a,2022,Augsburg,Union Berlin,Sven Michel,2023-05-06 13:30:00,0,0,0,0,False,0,1,0.0
529121,77,0.018715152516961098,h,2022,Union Berlin,Werder Bremen,Sven Michel,2023-05-27 13:30:00,0,0,0,0,False,0,0,0.0
529126,91,0.034023113548755646,h,2022,Union Berlin,Werder Bremen,Sven Michel,2023-05-27 13:30:00,0,0,0,0,False,1,0,0.018715152516961098
488118,45,0.05356869846582413,a,2022,Freiburg,Borussia M.Gladbach,Marvin Friedrich,2022-09-11 15:30:00,0,0,0,0,False,0,0,0.0
488872,0,0.00912271998822689,h,2022,Borussia M.Gladbach,RasenBallsport Leipzig,Marvin Friedrich,2022-09-17 16:30:00,0,0,0,0,False,0,0,0.0
488874,6,0.4478990137577057,h,2022,Borussia M.Gladbach,RasenBallsport Leipzig,Marvin Friedrich,2022-09-17 16:30:00,0,0,0,0,False,0,0,0.00912271998822689
490324,19,0.010486699640750885,a,2022,Werder Bremen,Borussia M.Gladbach,Marvin Friedrich,2022-10-01 16:30:00,0,0,0,0,False,0,3,0.0
490341,84,0.038386501371860504,a,2022,Werder Bremen,Borussia M.Gladbach,Marvin Friedrich,2022-10-01 16:30:00,0,0,0,0,False,1,4,0.010486699640750885
492215,26,0.05809760093688965,h,2022,Borussia M.Gladbach,FC Cologne,Marvin Friedrich,2022-10-09 13:30:00,0,0,0,0,True,0,0,0.0
495203,85,0.08555670082569122,h,2022,Borussia M.Gladbach,Eintracht Frankfurt,Marvin Friedrich,2022-10-22 16:30:00,0,0,0,0,False,1,3,0.0
524494,85,0.08059345185756683,h,2022,Borussia M.Gladbach,Bochum,Marvin Friedrich,2023-05-06 13:30:00,0,0,0,0,False,1,0,0.0
526205,35,0.0694088265299797,a,2022,Borussia Dortmund,Borussia M.Gladbach,Marvin Friedrich,2023-05-13 16:30:00,0,0,0,0,False,0,4,0.0
505000,45,0.015808500349521637,a,2022,Borussia Dortmund,Augsburg,Irvin Cardona,2023-01-22 14:30:00,0,0,0,0,False,2,2,0.0
513462,85,0.3087800145149231,a,2022,Bayern Munich,Augsburg,Irvin Cardona,2023-03-11 14:30:00,0,0,1,0,False,2,5,0.0
513465,92,0.5143380165100098,a,2022,Bayern Munich,Augsburg,Irvin Cardona,2023-03-11 14:30:00,0,0,0,0,True,2,5,0.3087800145149231
516228,71,0.27839401364326477,a,2022,Wolfsburg,Augsburg,Irvin Cardona,2023-04-01 13:30:00,0,0,0,0,False,1,0,0.0
516230,73,0.45270800590515137,a,2022,Wolfsburg,Augsburg,Irvin Cardona,2023-04-01 13:30:00,0,0,0,0,False,1,0,0.27839401364326477
517866,69,0.5036669969558716,h,2022,Augsburg,FC Cologne,Irvin Cardona,2023-04-08 13:30:00,0,0,0,0,False,1,3,0.0
519273,64,0.08297129720449448,a,2022,RasenBallsport Leipzig,Augsburg,Irvin Cardona,2023-04-15 13:30:00,0,0,0,0,False,1,3,0.0
519275,66,0.1872590035200119,a,2022,RasenBallsport Leipzig,Augsburg,Irvin Cardona,2023-04-15 13:30:00,0,0,0,0,False,1,3,0.08297129720449448
528167,61,0.31455934047698975,h,2022,Augsburg,Borussia Dortmund,Irvin Cardona,2023-05-21 15:30:00,0,0,0,0,False,0,1,0.0
479861,0,0.012430200353264809,a,2022,FC Cologne,Schalke 04,Alex Kral,2022-08-07 15:30:00,0,0,0,0,False,0,0,0.0
481785,72,0.016668200492858887,a,2022,Wolfsburg,Schalke 04,Alex Kral,2022-08-20 13:30:00,0,0,0,0,False,0,0,0.0
492722,77,0.09347560256719589,h,2022,Schalke 04,Hoffenheim,Alex Kral,2022-10-14 18:30:00,0,0,0,0,False,0,3,0.0
497416,64,0.015857800841331482,h,2022,Schalke 04,Freiburg,Alex Kral,2022-10-30 16:30:00,0,0,0,0,False,0,2,0.0
498215,36,0.022056499496102333,a,2022,Werder Bremen,Schalke 04,Alex Kral,2022-11-05 17:30:00,0,0,0,0,False,0,1,0.0
498224,65,0.01822970062494278,a,2022,Werder Bremen,Schalke 04,Alex Kral,2022-11-05 17:30:00,0,0,0,0,False,0,1,0.022056499496102333
499424,30,0.37338098883628845,h,2022,Schalke 04,Mainz 05,Alex Kral,2022-11-09 19:30:00,0,0,0,0,False,1,0,0.0
500305,53,0.02278140000998974,h,2022,Schalke 04,Bayern Munich,Alex Kral,2022-11-12 17:30:00,0,0,0,0,False,0,2,0.0
507367,73,0.010943399742245674,a,2022,Borussia M.Gladbach,Schalke 04,Alex Kral,2023-02-04 17:30:00,0,0,0,0,False,0,0,0.0
508094,17,0.030776500701904297,h,2022,Schalke 04,Wolfsburg,Alex Kral,2023-02-10 19:30:00,0,0,0,0,False,0,0,0.0
508095,29,0.1269810050725937,h,2022,Schalke 04,Wolfsburg,Alex Kral,2023-02-10 19:30:00,0,0,0,0,False,0,0,0.030776500701904297
508096,42,0.010542499832808971,h,2022,Schalke 04,Wolfsburg,Alex Kral,2023-02-10 19:30:00,0,0,0,0,False,0,0,0.15775750577449799
508102,47,0.050097499042749405,h,2022,Schalke 04,Wolfsburg,Alex Kral,2023-02-10 19:30:00,0,0,0,0,False,0,0,0.16830000560730696
508107,67,0.01868090033531189,h,2022,Schalke 04,Wolfsburg,Alex Kral,2023-02-10 19:30:00,0,0,0,0,False,0,0,0.21839750465005636
508111,78,0.062220100313425064,h,2022,Schalke 04,Wolfsburg,Alex Kral,2023-02-10 19:30:00,0,0,0,0,False,0,0,0.23707840498536825
510258,10,0.07117520272731781,a,2022,Union Berlin,Schalke 04,Alex Kral,2023-02-19 14:30:00,0,0,0,0,False,0,0,0.0
510262,56,0.11879999935626984,a,2022,Union Berlin,Schalke 04,Alex Kral,2023-02-19 14:30:00,0,0,0,0,False,0,0,0.07117520272731781
510268,80,0.020591499283909798,a,2022,Union Berlin,Schalke 04,Alex Kral,2023-02-19 14:30:00,0,0,0,0,False,0,0,0.18997520208358765
510970,35,0.03543579950928688,h,2022,Schalke 04,VfB Stuttgart,Alex Kral,2023-02-25 17:30:00,0,0,0,0,False,1,0,0.0
512049,23,0.009481789544224739,a,2022,Bochum,Schalke 04,Alex Kral,2023-03-04 14:30:00,0,0,0,0,False,0,0,0.0
513730,65,0.020593399181962013,h,2022,Schalke 04,Borussia Dortmund,Alex Kral,2023-03-11 17:30:00,0,0,0,0,False,1,2,0.0
514864,26,0.03769500181078911,a,2022,Augsburg,Schalke 04,Alex Kral,2023-03-18 14:30:00,0,0,0,0,False,0,0,0.0
516185,12,0.035811301320791245,h,2022,Schalke 04,Bayer Leverkusen,Alex Kral,2023-04-01 13:30:00,0,0,0,0,False,0,0,0.0
518882,21,0,a,2022,Hoffenheim,Schalke 04,Alex Kral,2023-04-09 17:30:00,0,0,0,0,False,0,0,0.0
518891,51,0.05353989824652672,a,2022,Hoffenheim,Schalke 04,Alex Kral,2023-04-09 17:30:00,0,0,0,0,False,0,0,0.0
521529,50,0.04636632278561592,a,2022,Freiburg,Schalke 04,Alex Kral,2023-04-23 13:30:00,0,0,0,0,False,0,2,0.0
521534,62,0.05875083804130554,a,2022,Freiburg,Schalke 04,Alex Kral,2023-04-23 13:30:00,0,0,0,0,False,0,3,0.04636632278561592
524413,54,0.011166841723024845,a,2022,Mainz 05,Schalke 04,Alex Kral,2023-05-05 18:30:00,0,0,0,0,False,1,1,0.0
525913,22,0.022996917366981506,a,2022,Bayern Munich,Schalke 04,Alex Kral,2023-05-13 13:30:00,0,0,0,0,False,0,1,0.0
525926,69,0.06730606406927109,a,2022,Bayern Munich,Schalke 04,Alex Kral,2023-05-13 13:30:00,0,0,0,0,False,0,4,0.022996917366981506
527343,13,0.02444600872695446,h,2022,Schalke 04,Eintracht Frankfurt,Alex Kral,2023-05-20 13:30:00,0,0,0,0,False,1,0,0.0
527353,71,0.028044279664754868,h,2022,Schalke 04,Eintracht Frankfurt,Alex Kral,2023-05-20 13:30:00,0,0,0,0,False,1,2,0.02444600872695446
528933,80,0.015215243212878704,a,2022,RasenBallsport Leipzig,Schalke 04,Alex Kral,2023-05-27 13:30:00,0,0,0,0,False,1,2,0.0
485832,75,0.024271300062537193,h,2022,Union Berlin,Bayern Munich,Andras Schafer,2022-09-03 13:30:00,0,0,0,0,False,1,1,0.0
488024,55,0.07425159960985184,a,2022,FC Cologne,Union Berlin,Andras Schafer,2022-09-11 13:30:00,0,0,0,0,False,0,0,0.0
489978,74,0.03430920094251633,a,2022,Eintracht Frankfurt,Union Berlin,Andras Schafer,2022-10-01 13:30:00,0,0,0,0,False,0,2,0.0
493804,4,0.06128370016813278,h,2022,Union Berlin,Borussia Dortmund,Andras Schafer,2022-10-16 15:30:00,0,0,0,0,False,0,0,0.0
495685,44,0.009752449579536915,a,2022,Bochum,Union Berlin,Andras Schafer,2022-10-23 13:30:00,0,0,0,0,False,0,1,0.0
497268,42,0.01599160023033619,h,2022,Union Berlin,Borussia M.Gladbach,Andras Schafer,2022-10-30 14:30:00,0,0,0,0,False,0,1,0.0
525945,48,0.03003942221403122,h,2022,Union Berlin,Freiburg,Andras Schafer,2023-05-13 13:30:00,0,0,0,0,False,3,0,0.0
482510,22,0.31154701113700867,h,2022,Bochum,Bayern Munich,Anthony Losilla,2022-08-21 15:30:00,0,0,0,0,False,0,1,0.0
482525,60,0.028262900188565254,h,2022,Bochum,Bayern Munich,Anthony Losilla,2022-08-21 15:30:00,0,0,0,0,False,0,5,0.31154701113700867
483309,83,0.04351130127906799,a,2022,Freiburg,Bochum,Anthony Losilla,2022-08-26 18:30:00,0,0,0,0,False,0,1,0.0
485748,63,0.03762570023536682,h,2022,Bochum,Werder Bremen,Anthony Losilla,2022-09-03 13:30:00,0,0,0,0,False,0,0,0.0
485749,64,0.015702499076724052,h,2022,Bochum,Werder Bremen,Anthony Losilla,2022-09-03 13:30:00,0,0,0,0,False,0,0,0.03762570023536682
485751,69,0.4523339867591858,h,2022,Bochum,Werder Bremen,Anthony Losilla,2022-09-03 13:30:00,0,0,0,0,False,0,0,0.053328199312090874
485759,93,0.03553900122642517,h,2022,Bochum,Werder Bremen,Anthony Losilla,2022-09-03 13:30:00,0,0,0,0,False,0,2,0.5056621860712767
487611,19,0.04216879978775978,a,2022,Schalke 04,Bochum,Anthony Losilla,2022-09-10 16:30:00,0,0,0,0,False,0,0,0.0
487633,89,0.06982939690351486,a,2022,Schalke 04,Bochum,Anthony Losilla,2022-09-10 16:30:00,0,0,0,0,False,1,1,0.04216879978775978
491435,33,0.01235289964824915,h,2022,Bochum,Eintracht Frankfurt,Anthony Losilla,2022-10-08 13:30:00,0,0,0,0,False,0,0,0.0
499149,26,0.0341654010117054,h,2022,Bochum,Borussia M.Gladbach,Anthony Losilla,2022-11-08 19:30:00,0,0,0,0,False,2,0,0.0
504536,47,0.021359199658036232,h,2022,Bochum,Hertha Berlin,Anthony Losilla,2023-01-21 14:30:00,0,0,0,0,False,2,0,0.0
505775,49,0.029214199632406235,a,2022,Mainz 05,Bochum,Anthony Losilla,2023-01-28 14:30:00,0,0,0,0,False,0,3,0.0
509478,43,0.0948600023984909,h,2022,Bochum,Freiburg,Anthony Losilla,2023-02-18 14:30:00,0,0,0,0,False,0,1,0.0
509480,48,0.02530829980969429,h,2022,Bochum,Freiburg,Anthony Losilla,2023-02-18 14:30:00,0,0,0,0,False,0,1,0.0948600023984909
515970,12,0.06863299757242203,a,2022,Eintracht Frankfurt,Bochum,Anthony Losilla,2023-03-31 19:30:00,0,0,0,0,False,0,0,0.0
515989,80,0.49711498618125916,a,2022,Eintracht Frankfurt,Bochum,Anthony Losilla,2023-03-31 19:30:00,0,0,0,0,False,1,1,0.06863299757242203
518786,19,0.022433999925851822,h,2022,Bochum,VfB Stuttgart,Anthony Losilla,2023-04-09 15:30:00,0,0,0,0,False,0,1,0.0
520773,62,0.010520952753722668,h,2022,Bochum,Wolfsburg,Anthony Losilla,2023-04-22 13:30:00,0,0,0,0,False,0,4,0.0
522458,4,0.02498648874461651,h,2022,Bochum,Borussia Dortmund,Anthony Losilla,2023-04-28 18:30:00,0,0,0,0,True,0,0,0.0
524466,23,0.03006383217871189,a,2022,Borussia M.Gladbach,Bochum,Anthony Losilla,2023-05-06 13:30:00,0,0,0,0,False,0,0,0.0
524480,50,0.10973489284515381,a,2022,Borussia M.Gladbach,Bochum,Anthony Losilla,2023-05-06 13:30:00,0,0,0,0,False,0,1,0.03006383217871189
525803,0,0.03391392156481743,h,2022,Bochum,Augsburg,Anthony Losilla,2023-05-13 13:30:00,0,0,1,0,False,0,0,0.0
525819,61,0.027163174003362656,h,2022,Bochum,Augsburg,Anthony Losilla,2023-05-13 13:30:00,0,0,0,0,True,1,1,0.03391392156481743
525823,70,0.34406936168670654,h,2022,Bochum,Augsburg,Anthony Losilla,2023-05-13 13:30:00,1,0,0,0,False,2,1,0.061077095568180084
525825,79,0.01496435608714819,h,2022,Bochum,Augsburg,Anthony Losilla,2023-05-13 13:30:00,1,0,0,0,False,2,1,0.4051464572548866
529013,19,0.039654701948165894,h,2022,Bochum,Bayer Leverkusen,Anthony Losilla,2023-05-27 13:30:00,0,0,0,0,False,1,0,0.0
483472,19,0.38655000925064087,a,2022,Hertha Berlin,Borussia Dortmund,Salih Özcan,2022-08-27 13:30:00,0,0,0,0,False,0,0,0.0
505014,87,0.01393439993262291,h,2022,Borussia Dortmund,Augsburg,Salih Özcan,2023-01-22 14:30:00,0,0,0,0,False,4,3,0.0
526226,80,0.566468358039856,h,2022,Borussia Dortmund,Borussia M.Gladbach,Salih Özcan,2023-05-13 16:30:00,0,0,0,0,False,4,1,0.0
480266,62,0.010896599851548672,a,2022,Werder Bremen,VfB Stuttgart,Waldemar Anton,2022-08-13 13:30:00,0,0,0,0,False,1,1,0.0
481733,60,0.016047600656747818,h,2022,VfB Stuttgart,Freiburg,Waldemar Anton,2022-08-20 13:30:00,0,0,0,0,False,0,1,0.0
481745,97,0.009272330440580845,h,2022,VfB Stuttgart,Freiburg,Waldemar Anton,2022-08-20 13:30:00,0,0,0,0,False,0,1,0.016047600656747818
488684,70,0.03628230094909668,h,2022,VfB Stuttgart,Eintracht Frankfurt,Waldemar Anton,2022-09-17 13:30:00,0,0,0,0,False,0,2,0.0
496407,86,0.1086919978260994,h,2022,VfB Stuttgart,Augsburg,Waldemar Anton,2022-10-29 13:30:00,0,0,1,0,False,1,1,0.0
496410,90,0.4135420024394989,h,2022,VfB Stuttgart,Augsburg,Waldemar Anton,2022-10-29 13:30:00,0,0,0,0,True,1,1,0.1086919978260994
499194,12,0.020669100806117058,h,2022,VfB Stuttgart,Hertha Berlin,Waldemar Anton,2022-11-08 19:30:00,0,0,0,0,False,1,0,0.0
499218,96,0.0925614982843399,h,2022,VfB Stuttgart,Hertha Berlin,Waldemar Anton,2022-11-08 19:30:00,0,0,0,0,False,1,1,0.020669100806117058
504512,52,0.08375100046396255,h,2022,VfB Stuttgart,Mainz 05,Waldemar Anton,2023-01-21 14:30:00,0,0,0,0,False,1,1,0.0
504516,57,0.08396779745817184,h,2022,VfB Stuttgart,Mainz 05,Waldemar Anton,2023-01-21 14:30:00,0,0,0,0,False,1,1,0.08375100046396255
504519,66,0.04053730145096779,h,2022,VfB Stuttgart,Mainz 05,Waldemar Anton,2023-01-21 14:30:00,0,0,0,0,False,1,1,0.1677187979221344
505373,73,0.019835500046610832,a,2022,Hoffenheim,VfB Stuttgart,Waldemar Anton,2023-01-24 19:30:00,0,0,0,0,False,1,1,0.0
507663,36,0.012058500200510025,h,2022,VfB Stuttgart,Werder Bremen,Waldemar Anton,2023-02-05 14:30:00,0,0,0,0,False,0,0,0.0
507678,86,0.06744640320539474,h,2022,VfB Stuttgart,Werder Bremen,Waldemar Anton,2023-02-05 14:30:00,0,0,0,0,False,0,2,0.012058500200510025
508352,63,0.060607001185417175,a,2022,Freiburg,VfB Stuttgart,Waldemar Anton,2023-02-11 14:30:00,0,0,0,0,False,1,1,0.0
509517,61,0.14161300659179688,h,2022,VfB Stuttgart,FC Cologne,Waldemar Anton,2023-02-18 14:30:00,0,0,0,0,False,2,0,0.0
509520,62,0.07418820261955261,h,2022,VfB Stuttgart,FC Cologne,Waldemar Anton,2023-02-18 14:30:00,0,0,0,0,False,2,0,0.14161300659179688
512366,57,0.05251070111989975,h,2022,VfB Stuttgart,Bayern Munich,Waldemar Anton,2023-03-04 17:30:00,0,0,0,0,False,0,1,0.0
516239,12,0.014368499629199505,a,2022,Union Berlin,VfB Stuttgart,Waldemar Anton,2023-04-01 13:30:00,0,0,0,0,False,0,0,0.0
518805,77,0.05693969875574112,a,2022,Bochum,VfB Stuttgart,Waldemar Anton,2023-04-09 15:30:00,0,0,0,0,False,3,1,0.0
519326,57,0.013609499670565128,h,2022,VfB Stuttgart,Borussia Dortmund,Waldemar Anton,2023-04-15 13:30:00,0,0,0,0,False,0,2,0.0
520473,56,0.019639810547232628,a,2022,Augsburg,VfB Stuttgart,Waldemar Anton,2023-04-21 18:30:00,0,0,0,0,False,0,1,0.0
522705,21,0.0651690885424614,h,2022,VfB Stuttgart,Borussia M.Gladbach,Waldemar Anton,2023-04-29 13:30:00,0,0,0,0,False,0,0,0.0
522716,46,0.01888260617852211,h,2022,VfB Stuttgart,Borussia M.Gladbach,Waldemar Anton,2023-04-29 13:30:00,0,0,0,0,False,1,0,0.0651690885424614
485746,60,0.06464970111846924,a,2022,Bochum,Werder Bremen,Romano Schmid,2022-09-03 13:30:00,0,0,0,0,False,0,0,0.0
488705,32,0.086661696434021,a,2022,Bayer Leverkusen,Werder Bremen,Romano Schmid,2022-09-17 13:30:00,0,0,0,0,False,0,0,0.0
488716,59,0.017850099131464958,a,2022,Bayer Leverkusen,Werder Bremen,Romano Schmid,2022-09-17 13:30:00,0,0,0,0,False,0,1,0.086661696434021
493025,6,0.019588200375437737,h,2022,Werder Bremen,Mainz 05,Romano Schmid,2022-10-15 13:30:00,0,0,0,0,False,0,0,0.0
493026,7,0.016531100496649742,h,2022,Werder Bremen,Mainz 05,Romano Schmid,2022-10-15 13:30:00,0,0,0,0,False,0,0,0.019588200375437737
493033,32,0.07586660236120224,h,2022,Werder Bremen,Mainz 05,Romano Schmid,2022-10-15 13:30:00,0,0,0,0,False,0,0,0.03611930087208748
494904,30,0.01629609987139702,a,2022,Freiburg,Werder Bremen,Romano Schmid,2022-10-22 13:30:00,0,0,0,0,False,0,0,0.0
499187,80,0.014685899950563908,a,2022,Bayern Munich,Werder Bremen,Romano Schmid,2022-11-08 19:30:00,0,0,0,0,False,1,4,0.0
499189,83,0.020268399268388748,a,2022,Bayern Munich,Werder Bremen,Romano Schmid,2022-11-08 19:30:00,0,0,0,0,False,1,5,0.014685899950563908
520106,91,0.02196520008146763,h,2022,Werder Bremen,Freiburg,Romano Schmid,2023-04-16 13:30:00,0,0,0,0,False,1,2,0.0
520107,93,0.02674279920756817,h,2022,Werder Bremen,Freiburg,Romano Schmid,2023-04-16 13:30:00,0,0,0,0,False,1,2,0.02196520008146763
520108,96,0.06386689841747284,h,2022,Werder Bremen,Freiburg,Romano Schmid,2023-04-16 13:30:00,0,0,0,0,False,1,2,0.0487079992890358
520747,69,0.0938224345445633,a,2022,Hertha Berlin,Werder Bremen,Romano Schmid,2023-04-22 13:30:00,0,0,0,0,False,4,1,0.0
524794,25,0.01524359267205,h,2022,Werder Bremen,Bayern Munich,Romano Schmid,2023-05-06 16:30:00,0,0,0,0,False,0,0,0.0
526702,13,0.11105009913444519,a,2022,RasenBallsport Leipzig,Werder Bremen,Romano Schmid,2023-05-14 15:30:00,0,0,0,0,False,0,0,0.0
526710,54,0.05830414593219757,a,2022,RasenBallsport Leipzig,Werder Bremen,Romano Schmid,2023-05-14 15:30:00,0,0,0,0,False,0,0,0.11105009913444519
526714,63,0.0892372876405716,a,2022,RasenBallsport Leipzig,Werder Bremen,Romano Schmid,2023-05-14 15:30:00,0,0,0,0,False,0,0,0.16935424506664276
527305,72,0.7049057483673096,h,2022,Werder Bremen,FC Cologne,Romano Schmid,2023-05-20 13:30:00,0,0,0,0,True,0,1,0.0
507001,9,0.060818299651145935,h,2022,Union Berlin,Mainz 05,Jérôme Roussillon,2023-02-04 14:30:00,0,0,0,0,False,0,0,0.0
507008,46,0.024637499824166298,h,2022,Union Berlin,Mainz 05,Jérôme Roussillon,2023-02-04 14:30:00,0,0,0,0,False,1,0,0.060818299651145935
510273,95,0.015552300028502941,h,2022,Union Berlin,Schalke 04,Jérôme Roussillon,2023-02-19 14:30:00,0,0,0,0,False,0,0,0.0
516251,46,0.03908560052514076,h,2022,Union Berlin,VfB Stuttgart,Jérôme Roussillon,2023-04-01 13:30:00,0,0,0,0,False,0,0,0.0
521725,48,0.3137313723564148,a,2022,Borussia M.Gladbach,Union Berlin,Jérôme Roussillon,2023-04-23 17:30:00,0,0,0,0,False,0,0,0.0
524561,33,0.014958498068153858,a,2022,Augsburg,Union Berlin,Jérôme Roussillon,2023-05-06 13:30:00,0,0,0,0,False,0,0,0.0
527404,72,0.015300257131457329,a,2022,Hoffenheim,Union Berlin,Jérôme Roussillon,2023-05-20 13:30:00,0,0,0,0,False,1,2,0.0
529108,19,0.04061845690011978,h,2022,Union Berlin,Werder Bremen,Jérôme Roussillon,2023-05-27 13:30:00,0,0,0,0,False,0,0,0.0
529117,49,0.020565904676914215,h,2022,Union Berlin,Werder Bremen,Jérôme Roussillon,2023-05-27 13:30:00,0,0,0,0,False,0,0,0.04061845690011978
483462,83,0.04852620139718056,h,2022,Schalke 04,Union Berlin,Florent Mollet,2022-08-27 13:30:00,0,0,0,0,False,1,4,0.0
492696,3,0.032441798597574234,h,2022,Schalke 04,Hoffenheim,Florent Mollet,2022-10-14 18:30:00,0,0,0,0,False,0,0,0.0
492704,24,0.07063350081443787,h,2022,Schalke 04,Hoffenheim,Florent Mollet,2022-10-14 18:30:00,0,0,0,0,False,0,1,0.032441798597574234
492707,29,0.024732600897550583,h,2022,Schalke 04,Hoffenheim,Florent Mollet,2022-10-14 18:30:00,0,0,0,0,False,0,1,0.1030752994120121
492719,61,0.02172509953379631,h,2022,Schalke 04,Hoffenheim,Florent Mollet,2022-10-14 18:30:00,0,0,0,0,False,0,3,0.12780790030956268
495762,84,0.025074299424886703,a,2022,Hertha Berlin,Schalke 04,Florent Mollet,2022-10-23 15:30:00,0,0,0,0,True,0,1,0.0
497398,20,0.06017659977078438,h,2022,Schalke 04,Freiburg,Florent Mollet,2022-10-30 16:30:00,0,0,0,0,False,0,0,0.0
497405,43,0.07283870130777359,h,2022,Schalke 04,Freiburg,Florent Mollet,2022-10-30 16:30:00,0,0,0,0,False,0,0,0.06017659977078438
498205,7,0.01659500040113926,a,2022,Werder Bremen,Schalke 04,Florent Mollet,2022-11-05 17:30:00,0,0,0,0,False,0,0,0.0
498227,73,0.02395620010793209,a,2022,Werder Bremen,Schalke 04,Florent Mollet,2022-11-05 17:30:00,0,0,0,0,False,0,1,0.01659500040113926
499416,8,0.040929198265075684,h,2022,Schalke 04,Mainz 05,Florent Mollet,2022-11-09 19:30:00,0,0,0,0,False,0,0,0.0
490901,34,0.011568100191652775,a,2022,Schalke 04,Augsburg,Carlos Gruezo,2022-10-02 15:30:00,0,0,0,0,False,2,1,0.0
491492,21,0.01480649970471859,h,2022,Augsburg,Wolfsburg,Carlos Gruezo,2022-10-08 13:30:00,0,0,0,0,False,0,0,0.0
483547,58,0.08091890066862106,h,2022,Mainz 05,Bayer Leverkusen,Niklas Tauer,2022-08-27 13:30:00,0,0,0,0,False,0,3,0.0
480199,1,0.018677400425076485,a,2022,Hoffenheim,Bochum,Philipp Hofmann,2022-08-13 13:30:00,0,0,0,0,False,0,0,0.0
482513,30,0.06409250199794769,h,2022,Bochum,Bayern Munich,Philipp Hofmann,2022-08-21 15:30:00,0,0,0,0,False,0,2,0.0
485752,71,0.03683919832110405,h,2022,Bochum,Werder Bremen,Philipp Hofmann,2022-09-03 13:30:00,0,0,0,0,False,0,0,0.0
487621,50,0.4618380069732666,a,2022,Schalke 04,Bochum,Philipp Hofmann,2022-09-10 16:30:00,0,0,0,0,True,0,1,0.0
489483,58,0.03415000066161156,h,2022,Bochum,FC Cologne,Philipp Hofmann,2022-09-18 15:30:00,0,0,0,0,False,0,0,0.0
489488,77,0.13858400285243988,h,2022,Bochum,FC Cologne,Philipp Hofmann,2022-09-18 15:30:00,0,0,0,0,False,0,0,0.03415000066161156
491443,68,0.07661700248718262,h,2022,Bochum,Eintracht Frankfurt,Philipp Hofmann,2022-10-08 13:30:00,0,0,1,0,False,0,0,0.0
491444,70,0.14553000032901764,h,2022,Bochum,Eintracht Frankfurt,Philipp Hofmann,2022-10-08 13:30:00,0,0,0,0,True,0,0,0.07661700248718262
492978,36,0.03325299918651581,a,2022,VfB Stuttgart,Bochum,Philipp Hofmann,2022-10-15 13:30:00,0,0,0,0,False,1,2,0.0
492983,51,0.08511249721050262,a,2022,VfB Stuttgart,Bochum,Philipp Hofmann,2022-10-15 13:30:00,0,0,0,0,False,1,2,0.03325299918651581
492987,60,0.043223101645708084,a,2022,VfB Stuttgart,Bochum,Philipp Hofmann,2022-10-15 13:30:00,0,0,0,0,False,1,2,0.11836549639701843
495681,26,0.03725250065326691,h,2022,Bochum,Union Berlin,Philipp Hofmann,2022-10-23 13:30:00,0,0,1,0,False,0,0,0.0
495684,42,0.3405739963054657,h,2022,Bochum,Union Berlin,Philipp Hofmann,2022-10-23 13:30:00,0,0,0,0,True,0,0,0.03725250065326691
496343,12,0.044966600835323334,a,2022,Wolfsburg,Bochum,Philipp Hofmann,2022-10-29 13:30:00,0,0,0,0,False,0,0,0.0
499146,10,0.7444790005683899,h,2022,Bochum,Borussia M.Gladbach,Philipp Hofmann,2022-11-08 19:30:00,0,0,0,0,True,1,0,0.0
499151,35,0.041034698486328125,h,2022,Bochum,Borussia M.Gladbach,Philipp Hofmann,2022-11-08 19:30:00,1,0,0,0,False,2,0,0.7444790005683899
499162,72,0.11376000195741653,h,2022,Bochum,Borussia M.Gladbach,Philipp Hofmann,2022-11-08 19:30:00,1,0,0,0,False,2,1,0.785513699054718
500026,45,0.034212399274110794,a,2022,Augsburg,Bochum,Philipp Hofmann,2022-11-12 14:30:00,0,0,0,0,False,0,0,0.0
500033,61,0.0978265032172203,a,2022,Augsburg,Bochum,Philipp Hofmann,2022-11-12 14:30:00,0,0,0,0,False,1,0,0.034212399274110794
500036,72,0.03989969938993454,a,2022,Augsburg,Bochum,Philipp Hofmann,2022-11-12 14:30:00,0,0,0,0,False,1,0,0.1320389024913311
504529,0,0.0672374963760376,h,2022,Bochum,Hertha Berlin,Philipp Hofmann,2023-01-21 14:30:00,0,0,1,0,False,0,0,0.0
504532,21,0.5035960078239441,h,2022,Bochum,Hertha Berlin,Philipp Hofmann,2023-01-21 14:30:00,0,0,1,0,True,0,0,0.0672374963760376
504542,55,0.11130200326442719,h,2022,Bochum,Hertha Berlin,Philipp Hofmann,2023-01-21 14:30:00,1,0,0,0,True,2,0,0.5708335041999817
504545,73,0.09834349900484085,h,2022,Bochum,Hertha Berlin,Philipp Hofmann,2023-01-21 14:30:00,1,0,0,0,False,3,0,0.6821355074644089
505452,0,0.05126050114631653,a,2022,Bayer Leverkusen,Bochum,Philipp Hofmann,2023-01-25 19:30:00,0,0,0,0,False,0,0,0.0
506945,8,0.31901198625564575,h,2022,Bochum,Hoffenheim,Philipp Hofmann,2023-02-04 14:30:00,0,0,1,0,False,0,0,0.0
506950,21,0.6449180245399475,h,2022,Bochum,Hoffenheim,Philipp Hofmann,2023-02-04 14:30:00,0,0,0,0,True,0,0,0.31901198625564575
508319,51,0.06730079650878906,a,2022,Bayern Munich,Bochum,Philipp Hofmann,2023-02-11 14:30:00,0,0,0,0,False,0,1,0.0
509484,52,0.1270820051431656,h,2022,Bochum,Freiburg,Philipp Hofmann,2023-02-18 14:30:00,0,0,0,0,False,0,2,0.0
509487,57,0.08814480155706406,h,2022,Bochum,Freiburg,Philipp Hofmann,2023-02-18 14:30:00,0,0,0,0,False,0,2,0.1270820051431656
509489,69,0.491457998752594,h,2022,Bochum,Freiburg,Philipp Hofmann,2023-02-18 14:30:00,0,0,0,0,False,0,2,0.21522680670022964
509494,82,0.12824100255966187,h,2022,Bochum,Freiburg,Philipp Hofmann,2023-02-18 14:30:00,0,0,0,0,False,0,2,0.7066848054528236
512046,6,0.6394370198249817,h,2022,Bochum,Schalke 04,Philipp Hofmann,2023-03-04 14:30:00,0,0,0,0,False,0,0,0.0
512058,82,0.08624400198459625,h,2022,Bochum,Schalke 04,Philipp Hofmann,2023-03-04 14:30:00,0,0,0,0,False,0,1,0.6394370198249817
518800,66,0.06262300163507462,h,2022,Bochum,VfB Stuttgart,Philipp Hofmann,2023-04-09 15:30:00,0,0,1,0,False,1,3,0.0
518806,84,0.9509530067443848,h,2022,Bochum,VfB Stuttgart,Philipp Hofmann,2023-04-09 15:30:00,0,0,0,0,True,1,3,0.06262300163507462
520217,67,0.06833550333976746,a,2022,Union Berlin,Bochum,Philipp Hofmann,2023-04-16 15:30:00,0,0,0,0,False,1,1,0.0
520223,80,0.13532300293445587,a,2022,Union Berlin,Bochum,Philipp Hofmann,2023-04-16 15:30:00,0,0,0,0,False,1,1,0.06833550333976746
520224,81,0.08248250186443329,a,2022,Union Berlin,Bochum,Philipp Hofmann,2023-04-16 15:30:00,0,0,0,0,False,1,1,0.20365850627422333
520759,24,0.1007966622710228,h,2022,Bochum,Wolfsburg,Philipp Hofmann,2023-04-22 13:30:00,0,0,0,0,False,0,2,0.0
522468,38,0.0203239843249321,h,2022,Bochum,Borussia Dortmund,Philipp Hofmann,2023-04-28 18:30:00,0,0,0,0,False,1,1,0.0
522473,42,0.06816165149211884,h,2022,Bochum,Borussia Dortmund,Philipp Hofmann,2023-04-28 18:30:00,0,0,0,0,False,1,1,0.0203239843249321
524484,58,0.08344340324401855,a,2022,Borussia M.Gladbach,Bochum,Philipp Hofmann,2023-05-06 13:30:00,0,0,0,0,False,0,1,0.0
524483,58,0.31265294551849365,a,2022,Borussia M.Gladbach,Bochum,Philipp Hofmann,2023-05-06 13:30:00,0,0,0,0,False,0,1,0.08344340324401855
525812,28,0.10126914083957672,h,2022,Bochum,Augsburg,Philipp Hofmann,2023-05-13 13:30:00,0,0,0,0,False,1,1,0.0
525824,76,0.051514025777578354,h,2022,Bochum,Augsburg,Philipp Hofmann,2023-05-13 13:30:00,0,0,0,0,False,2,1,0.10126914083957672
527359,4,0.3910936713218689,a,2022,Hertha Berlin,Bochum,Philipp Hofmann,2023-05-20 13:30:00,0,0,0,0,False,0,0,0.0
527375,61,0.031511325389146805,a,2022,Hertha Berlin,Bochum,Philipp Hofmann,2023-05-20 13:30:00,0,0,0,0,False,0,0,0.3910936713218689
529016,30,0.024577075615525246,h,2022,Bochum,Bayer Leverkusen,Philipp Hofmann,2023-05-27 13:30:00,0,0,0,0,False,1,0,0.0
529021,44,0.04154377058148384,h,2022,Bochum,Bayer Leverkusen,Philipp Hofmann,2023-05-27 13:30:00,0,0,0,0,False,2,0,0.024577075615525246
529023,57,0.14221417903900146,h,2022,Bochum,Bayer Leverkusen,Philipp Hofmann,2023-05-27 13:30:00,0,0,0,0,False,2,0,0.06612084619700909
529027,79,0.12770524621009827,h,2022,Bochum,Bayer Leverkusen,Philipp Hofmann,2023-05-27 13:30:00,0,0,0,0,False,2,0,0.20833502523601055
480273,89,0.0598473995923996,a,2022,Werder Bremen,VfB Stuttgart,Lilian Egloff,2022-08-13 13:30:00,0,0,0,0,False,2,1,0.0
481743,91,0.01772579923272133,h,2022,VfB Stuttgart,Freiburg,Lilian Egloff,2022-08-20 13:30:00,0,0,0,0,False,0,1,0.0
485796,26,0.043107498437166214,h,2022,VfB Stuttgart,Schalke 04,Lilian Egloff,2022-09-03 13:30:00,0,0,0,0,False,1,1,0.0
485797,31,0.01984970085322857,h,2022,VfB Stuttgart,Schalke 04,Lilian Egloff,2022-09-03 13:30:00,0,0,0,0,False,1,1,0.043107498437166214
485803,57,0.023559799417853355,h,2022,VfB Stuttgart,Schalke 04,Lilian Egloff,2022-09-03 13:30:00,0,0,0,0,False,1,1,0.06295719929039478
485804,60,0.04330940172076225,h,2022,VfB Stuttgart,Schalke 04,Lilian Egloff,2022-09-03 13:30:00,0,0,0,0,False,1,1,0.08651699870824814
496402,80,0.015755200758576393,h,2022,VfB Stuttgart,Augsburg,Lilian Egloff,2022-10-29 13:30:00,0,0,0,0,False,1,1,0.0
499205,47,0.07751359790563583,h,2022,VfB Stuttgart,Hertha Berlin,Lilian Egloff,2022-11-08 19:30:00,0,0,0,0,False,1,1,0.0
483513,37,0.10943900048732758,h,2022,Hoffenheim,Augsburg,Dennis Geiger,2022-08-27 13:30:00,0,0,0,0,True,0,0,0.0
489593,7,0.013973000459372997,h,2022,Hoffenheim,Freiburg,Dennis Geiger,2022-09-18 17:30:00,0,0,0,0,False,0,0,0.0
491285,50,0.01450360007584095,h,2022,Hoffenheim,Werder Bremen,Dennis Geiger,2022-10-07 18:30:00,0,0,0,0,False,1,1,0.0
504579,81,0.017927000299096107,a,2022,Union Berlin,Hoffenheim,Dennis Geiger,2023-01-21 14:30:00,0,0,0,0,False,1,1,0.0
512093,49,0.009818539954721928,a,2022,Mainz 05,Hoffenheim,Dennis Geiger,2023-03-04 14:30:00,0,0,0,0,False,0,1,0.0
504610,90,0.44328901171684265,h,2022,Eintracht Frankfurt,Schalke 04,Aurélio Buta,2023-01-21 14:30:00,0,0,0,0,True,2,0,0.0
507062,93,0.015841400250792503,h,2022,Eintracht Frankfurt,Hertha Berlin,Aurélio Buta,2023-02-04 14:30:00,0,0,0,0,True,2,0,0.0
517933,20,0.09068690240383148,a,2022,Bayer Leverkusen,Eintracht Frankfurt,Aurélio Buta,2023-04-08 13:30:00,0,0,0,0,False,0,1,0.0
521047,33,0.04836694151163101,a,2022,Borussia Dortmund,Eintracht Frankfurt,Aurélio Buta,2023-04-22 16:30:00,0,0,0,0,False,0,2,0.0
524582,20,0.03694864362478256,a,2022,Hoffenheim,Eintracht Frankfurt,Aurélio Buta,2023-05-06 13:30:00,0,0,0,0,False,0,1,0.0
524588,37,0.013386725448071957,a,2022,Hoffenheim,Eintracht Frankfurt,Aurélio Buta,2023-05-06 13:30:00,0,0,0,0,False,0,1,0.03694864362478256
525888,39,0.044737815856933594,h,2022,Eintracht Frankfurt,Mainz 05,Aurélio Buta,2023-05-13 13:30:00,0,0,0,0,True,1,0,0.0
525895,62,0.07738751173019409,h,2022,Eintracht Frankfurt,Mainz 05,Aurélio Buta,2023-05-13 13:30:00,1,0,0,0,False,3,0,0.044737815856933594
527345,15,0.020660366863012314,a,2022,Schalke 04,Eintracht Frankfurt,Aurélio Buta,2023-05-20 13:30:00,0,0,0,0,False,0,1,0.0
493973,89,0.09580700099468231,a,2022,Bayern Munich,Freiburg,Noah Weißhaupt,2022-10-16 17:30:00,0,0,0,0,False,0,5,0.0
521545,87,0.2499462217092514,h,2022,Freiburg,Schalke 04,Noah Weißhaupt,2023-04-23 13:30:00,0,0,0,0,False,4,0,0.0
507673,70,0.054092999547719955,h,2022,VfB Stuttgart,Werder Bremen,Gil Dias,2023-02-05 14:30:00,0,0,0,0,False,0,1,0.0
508346,47,0.10018199682235718,a,2022,Freiburg,VfB Stuttgart,Gil Dias,2023-02-11 14:30:00,0,0,0,0,False,1,0,0.0
508349,55,0.01713939942419529,a,2022,Freiburg,VfB Stuttgart,Gil Dias,2023-02-11 14:30:00,0,0,0,0,False,1,0,0.10018199682235718
508353,66,0.051675599068403244,a,2022,Freiburg,VfB Stuttgart,Gil Dias,2023-02-11 14:30:00,0,0,0,0,False,1,1,0.11732139624655247
509501,8,0.06341339647769928,h,2022,VfB Stuttgart,FC Cologne,Gil Dias,2023-02-18 14:30:00,0,0,0,0,True,0,0,0.0
509508,39,0.035117700695991516,h,2022,VfB Stuttgart,FC Cologne,Gil Dias,2023-02-18 14:30:00,1,0,0,0,False,1,0,0.06341339647769928
509521,62,0.07548440247774124,h,2022,VfB Stuttgart,FC Cologne,Gil Dias,2023-02-18 14:30:00,1,0,0,0,False,2,0,0.0985310971736908
513373,16,0.018017400056123734,a,2022,Eintracht Frankfurt,VfB Stuttgart,Gil Dias,2023-03-11 14:30:00,0,0,0,0,False,0,0,0.0
514839,14,0.09562139958143234,h,2022,VfB Stuttgart,Wolfsburg,Gil Dias,2023-03-18 14:30:00,0,0,0,0,False,0,0,0.0
514840,15,0.02138880081474781,h,2022,VfB Stuttgart,Wolfsburg,Gil Dias,2023-03-18 14:30:00,0,0,0,0,False,0,0,0.09562139958143234
493020,86,0.07275869697332382,h,2022,Wolfsburg,Borussia M.Gladbach,Kevin Paredes,2022-10-15 13:30:00,0,0,0,0,False,2,2,0.0
505757,89,0.017713500186800957,a,2022,Werder Bremen,Wolfsburg,Kevin Paredes,2023-01-28 14:30:00,0,0,0,0,True,0,2,0.0
514857,92,0.0238598994910717,a,2022,VfB Stuttgart,Wolfsburg,Kevin Paredes,2023-03-18 14:30:00,0,0,0,0,False,1,0,0.0
529073,86,0.01960081048309803,h,2022,Wolfsburg,Hertha Berlin,Kevin Paredes,2023-05-27 13:30:00,0,0,0,0,False,1,2,0.0
488107,3,0.0644821971654892,a,2022,Freiburg,Borussia M.Gladbach,Lars Stindl,2022-09-11 15:30:00,0,0,0,0,False,0,0,0.0
488123,63,0.025465700775384903,a,2022,Freiburg,Borussia M.Gladbach,Lars Stindl,2022-09-11 15:30:00,0,0,0,0,False,0,0,0.0644821971654892
488873,6,0.05301690101623535,h,2022,Borussia M.Gladbach,RasenBallsport Leipzig,Lars Stindl,2022-09-17 16:30:00,0,0,0,0,False,0,0,0.0
488882,29,0.01584869995713234,h,2022,Borussia M.Gladbach,RasenBallsport Leipzig,Lars Stindl,2022-09-17 16:30:00,0,0,0,0,False,1,0,0.05301690101623535
488885,39,0.030002400279045105,h,2022,Borussia M.Gladbach,RasenBallsport Leipzig,Lars Stindl,2022-09-17 16:30:00,0,0,0,0,False,2,0,0.06886560097336769
488886,42,0.017504500225186348,h,2022,Borussia M.Gladbach,RasenBallsport Leipzig,Lars Stindl,2022-09-17 16:30:00,0,0,0,0,False,2,0,0.0988680012524128
488887,46,0.06808490306138992,h,2022,Borussia M.Gladbach,RasenBallsport Leipzig,Lars Stindl,2022-09-17 16:30:00,0,0,0,0,False,2,0,0.11637250147759914
488901,67,0.020367899909615517,h,2022,Borussia M.Gladbach,RasenBallsport Leipzig,Lars Stindl,2022-09-17 16:30:00,0,0,0,0,False,3,0,0.18445740453898907
490330,41,0.3540410101413727,a,2022,Werder Bremen,Borussia M.Gladbach,Lars Stindl,2022-10-01 16:30:00,0,0,0,0,False,0,3,0.0
490333,51,0.029035700485110283,a,2022,Werder Bremen,Borussia M.Gladbach,Lars Stindl,2022-10-01 16:30:00,0,0,0,0,False,0,3,0.3540410101413727
490337,64,0.061084598302841187,a,2022,Werder Bremen,Borussia M.Gladbach,Lars Stindl,2022-10-01 16:30:00,0,0,0,0,False,1,3,0.38307671062648296
492219,46,0.02426839992403984,h,2022,Borussia M.Gladbach,FC Cologne,Lars Stindl,2022-10-09 13:30:00,0,0,0,0,True,2,1,0.0
495190,21,0.24079899489879608,h,2022,Borussia M.Gladbach,Eintracht Frankfurt,Lars Stindl,2022-10-22 16:30:00,0,0,0,0,False,0,1,0.0
505066,81,0.08170890063047409,h,2022,Borussia M.Gladbach,Bayer Leverkusen,Lars Stindl,2023-01-22 16:30:00,0,0,1,0,True,0,3,0.0
505069,92,0.03544760122895241,h,2022,Borussia M.Gladbach,Bayer Leverkusen,Lars Stindl,2023-01-22 16:30:00,1,0,0,0,True,1,3,0.08170890063047409
505719,23,0.014311700128018856,a,2022,Hoffenheim,Borussia M.Gladbach,Lars Stindl,2023-01-28 14:30:00,0,0,1,0,False,1,0,0.0
505726,65,0.09826429933309555,a,2022,Hoffenheim,Borussia M.Gladbach,Lars Stindl,2023-01-28 14:30:00,0,0,1,0,False,2,0,0.014311700128018856
505733,82,0.4499790072441101,a,2022,Hoffenheim,Borussia M.Gladbach,Lars Stindl,2023-01-28 14:30:00,0,0,0,0,True,2,1,0.1125759994611144
507346,24,0.02116760052740574,h,2022,Borussia M.Gladbach,Schalke 04,Lars Stindl,2023-02-04 17:30:00,0,0,0,0,False,0,0,0.0
507364,65,0.05176600068807602,h,2022,Borussia M.Gladbach,Schalke 04,Lars Stindl,2023-02-04 17:30:00,0,0,0,0,False,0,0,0.02116760052740574
507366,71,0.44760701060295105,h,2022,Borussia M.Gladbach,Schalke 04,Lars Stindl,2023-02-04 17:30:00,0,0,0,0,False,0,0,0.07293360121548176
507370,80,0.06788399815559387,h,2022,Borussia M.Gladbach,Schalke 04,Lars Stindl,2023-02-04 17:30:00,0,0,0,0,False,0,0,0.5205406118184328
507373,88,0.016705699265003204,h,2022,Borussia M.Gladbach,Schalke 04,Lars Stindl,2023-02-04 17:30:00,0,0,0,0,False,0,0,0.5884246099740267
508954,9,0.02442209981381893,a,2022,Hertha Berlin,Borussia M.Gladbach,Lars Stindl,2023-02-12 14:30:00,0,0,0,0,False,0,0,0.0
509581,11,0.07105889916419983,h,2022,Borussia M.Gladbach,Bayern Munich,Lars Stindl,2023-02-18 14:30:00,0,0,1,0,False,0,0,0.0
509582,12,0.03787560015916824,h,2022,Borussia M.Gladbach,Bayern Munich,Lars Stindl,2023-02-18 14:30:00,0,0,0,0,True,0,0,0.07105889916419983
509585,18,0.008342320099473,h,2022,Borussia M.Gladbach,Bayern Munich,Lars Stindl,2023-02-18 14:30:00,1,0,0,0,False,1,0,0.10893449932336807
509586,23,0.39534300565719604,h,2022,Borussia M.Gladbach,Bayern Munich,Lars Stindl,2023-02-18 14:30:00,1,0,0,0,False,1,0,0.11727681942284107
510592,8,0.015582400374114513,a,2022,Mainz 05,Borussia M.Gladbach,Lars Stindl,2023-02-24 19:30:00,0,0,0,0,False,0,0,0.0
510610,78,0.055862098932266235,a,2022,Mainz 05,Borussia M.Gladbach,Lars Stindl,2023-02-24 19:30:00,0,0,0,0,False,0,3,0.015582400374114513
514582,7,0.30573898553848267,h,2022,Borussia M.Gladbach,Werder Bremen,Lars Stindl,2023-03-17 19:30:00,0,0,0,0,False,0,0,0.0
514584,32,0.061146099120378494,h,2022,Borussia M.Gladbach,Werder Bremen,Lars Stindl,2023-03-17 19:30:00,0,0,0,0,False,0,0,0.30573898553848267
514589,42,0.03022010065615177,h,2022,Borussia M.Gladbach,Werder Bremen,Lars Stindl,2023-03-17 19:30:00,0,0,0,0,False,0,0,0.36688508465886116
514602,68,0.059403300285339355,h,2022,Borussia M.Gladbach,Werder Bremen,Lars Stindl,2023-03-17 19:30:00,0,0,0,0,False,1,1,0.39710518531501293
514604,72,0.4431760013103485,h,2022,Borussia M.Gladbach,Werder Bremen,Lars Stindl,2023-03-17 19:30:00,0,0,0,0,False,1,1,0.4565084856003523
514606,82,0.026857299730181694,h,2022,Borussia M.Gladbach,Werder Bremen,Lars Stindl,2023-03-17 19:30:00,0,0,0,0,False,2,1,0.8996844869107008
516995,52,0.021755099296569824,a,2022,FC Cologne,Borussia M.Gladbach,Lars Stindl,2023-04-02 13:30:00,0,0,0,0,False,0,0,0.0
518658,32,0.0496474988758564,h,2022,Borussia M.Gladbach,Wolfsburg,Lars Stindl,2023-04-09 13:30:00,0,0,0,0,False,0,0,0.0
521721,26,0.01577666401863098,h,2022,Borussia M.Gladbach,Union Berlin,Lars Stindl,2023-04-23 17:30:00,0,0,0,0,False,0,0,0.0
524492,82,0.04902135953307152,h,2022,Borussia M.Gladbach,Bochum,Lars Stindl,2023-05-06 13:30:00,0,0,1,0,False,1,0,0.0
524495,88,0.1153826043009758,h,2022,Borussia M.Gladbach,Bochum,Lars Stindl,2023-05-06 13:30:00,0,0,1,0,False,1,0,0.04902135953307152
524498,90,0.04860208183526993,h,2022,Borussia M.Gladbach,Bochum,Lars Stindl,2023-05-06 13:30:00,0,0,0,0,True,1,0,0.16440396383404732
524497,90,0.11558865755796432,h,2022,Borussia M.Gladbach,Bochum,Lars Stindl,2023-05-06 13:30:00,1,0,0,0,False,1,0,0.21300604566931725
526228,84,0.020969048142433167,a,2022,Borussia Dortmund,Borussia M.Gladbach,Lars Stindl,2023-05-13 16:30:00,0,0,0,0,True,1,4,0.0
526229,87,0.04337151721119881,a,2022,Borussia Dortmund,Borussia M.Gladbach,Lars Stindl,2023-05-13 16:30:00,1,0,0,0,False,2,4,0.020969048142433167
528270,84,0.4734049439430237,a,2022,Bayer Leverkusen,Borussia M.Gladbach,Lars Stindl,2023-05-21 17:30:00,0,0,1,0,False,1,2,0.0
528271,89,0.46232616901397705,a,2022,Bayer Leverkusen,Borussia M.Gladbach,Lars Stindl,2023-05-21 17:30:00,0,0,0,0,True,1,2,0.4734049439430237
529082,18,0.3073897361755371,h,2022,Borussia M.Gladbach,Augsburg,Lars Stindl,2023-05-27 13:30:00,0,0,0,0,False,1,0,0.0
529092,49,0.14559771120548248,h,2022,Borussia M.Gladbach,Augsburg,Lars Stindl,2023-05-27 13:30:00,0,0,0,0,False,2,0,0.3073897361755371
529102,80,0.12179335206747055,h,2022,Borussia M.Gladbach,Augsburg,Lars Stindl,2023-05-27 13:30:00,0,0,0,0,False,2,0,0.4529874473810196
480039,6,0.01403020042926073,h,2022,Freiburg,Borussia Dortmund,Nicolas Höfler,2022-08-12 18:30:00,0,0,0,0,False,0,0,0.0
480054,55,0.01765359938144684,h,2022,Freiburg,Borussia Dortmund,Nicolas Höfler,2022-08-12 18:30:00,0,0,0,0,False,1,0,0.01403020042926073
483276,21,0.5177590250968933,h,2022,Freiburg,Bochum,Nicolas Höfler,2022-08-26 18:30:00,0,0,0,0,False,0,0,0.0
485856,70,0.08091290295124054,a,2022,Bayer Leverkusen,Freiburg,Nicolas Höfler,2022-09-03 13:30:00,0,0,0,0,False,2,2,0.0
488120,52,0.07717639952898026,h,2022,Freiburg,Borussia M.Gladbach,Nicolas Höfler,2022-09-11 15:30:00,0,0,0,0,False,0,0,0.0
488127,76,0.06428699940443039,h,2022,Freiburg,Borussia M.Gladbach,Nicolas Höfler,2022-09-11 15:30:00,0,0,0,0,False,0,0,0.07717639952898026
489611,65,0.061926599591970444,a,2022,Hoffenheim,Freiburg,Nicolas Höfler,2022-09-18 17:30:00,0,0,0,0,False,0,0,0.0
494901,20,0.047893501818180084,h,2022,Freiburg,Werder Bremen,Nicolas Höfler,2022-10-22 13:30:00,0,0,0,0,False,0,0,0.0
504482,16,0.07055830210447311,a,2022,Wolfsburg,Freiburg,Nicolas Höfler,2023-01-21 14:30:00,0,0,0,0,False,0,1,0.0
504495,66,0.30075499415397644,a,2022,Wolfsburg,Freiburg,Nicolas Höfler,2023-01-21 14:30:00,0,0,0,0,False,0,4,0.07055830210447311
505485,47,0.017869699746370316,h,2022,Freiburg,Eintracht Frankfurt,Nicolas Höfler,2023-01-25 19:30:00,0,0,0,0,False,1,1,0.0
509474,38,0.07247219979763031,a,2022,Bochum,Freiburg,Nicolas Höfler,2023-02-18 14:30:00,0,0,0,0,False,0,0,0.0
511371,17,0.03032520040869713,h,2022,Freiburg,Bayer Leverkusen,Nicolas Höfler,2023-02-26 14:30:00,0,0,0,0,False,0,0,0.0
514124,8,0.039649199694395065,h,2022,Freiburg,Hoffenheim,Nicolas Höfler,2023-03-12 14:30:00,0,0,0,0,False,1,0,0.0
515845,53,0.017735300585627556,a,2022,Mainz 05,Freiburg,Nicolas Höfler,2023-03-19 18:30:00,0,0,0,0,False,0,0,0.0
515855,87,0.0645383968949318,a,2022,Mainz 05,Freiburg,Nicolas Höfler,2023-03-19 18:30:00,0,0,0,0,False,1,0,0.017735300585627556
521522,26,0.012807607650756836,h,2022,Freiburg,Schalke 04,Nicolas Höfler,2023-04-23 13:30:00,0,0,0,0,False,1,0,0.0
521533,58,0.035120390355587006,h,2022,Freiburg,Schalke 04,Nicolas Höfler,2023-04-23 13:30:00,0,0,0,0,False,3,0,0.012807607650756836
522659,42,0.012321987189352512,a,2022,FC Cologne,Freiburg,Nicolas Höfler,2023-04-29 13:30:00,0,0,0,0,False,0,0,0.0
524613,41,0.014628041535615921,h,2022,Freiburg,RasenBallsport Leipzig,Nicolas Höfler,2023-05-06 13:30:00,0,0,0,0,False,0,0,0.0
527054,65,0.016165820881724358,h,2022,Freiburg,Wolfsburg,Nicolas Höfler,2023-05-19 18:30:00,0,0,0,0,False,0,0,0.0
483448,35,0.04403910040855408,h,2022,Schalke 04,Union Berlin,Dominick Drexler,2022-08-27 13:30:00,0,0,0,0,False,1,2,0.0
487612,20,0.008859810419380665,h,2022,Schalke 04,Bochum,Dominick Drexler,2022-09-10 16:30:00,0,0,1,0,False,0,0,0.0
487618,37,0.36566200852394104,h,2022,Schalke 04,Bochum,Dominick Drexler,2022-09-10 16:30:00,0,0,0,0,True,0,0,0.008859810419380665
490895,15,0.04205460101366043,h,2022,Schalke 04,Augsburg,Dominick Drexler,2022-10-02 15:30:00,0,0,0,0,False,0,1,0.0
495746,2,0.07797510176897049,a,2022,Hertha Berlin,Schalke 04,Dominick Drexler,2022-10-23 15:30:00,0,0,0,0,False,0,0,0.0
495749,7,0.11293700337409973,a,2022,Hertha Berlin,Schalke 04,Dominick Drexler,2022-10-23 15:30:00,0,0,0,0,False,0,0,0.07797510176897049
495752,20,0.04272349923849106,a,2022,Hertha Berlin,Schalke 04,Dominick Drexler,2022-10-23 15:30:00,0,0,0,0,False,0,0,0.19091210514307022
498231,88,0.27290698885917664,a,2022,Werder Bremen,Schalke 04,Dominick Drexler,2022-11-05 17:30:00,0,0,0,0,True,0,2,0.0
500306,53,0.452800989151001,h,2022,Schalke 04,Bayern Munich,Dominick Drexler,2022-11-12 17:30:00,0,0,0,0,False,0,2,0.0
506233,82,0.017331400886178017,h,2022,Schalke 04,FC Cologne,Dominick Drexler,2023-01-29 14:30:00,0,0,0,0,False,0,0,0.0
510271,85,0.05907079949975014,a,2022,Union Berlin,Schalke 04,Dominick Drexler,2023-02-19 14:30:00,0,0,0,0,False,0,0,0.0
510959,9,0.5795559883117676,h,2022,Schalke 04,VfB Stuttgart,Dominick Drexler,2023-02-25 17:30:00,0,0,0,0,True,0,0,0.0
510963,28,0.09738239645957947,h,2022,Schalke 04,VfB Stuttgart,Dominick Drexler,2023-02-25 17:30:00,1,0,0,0,False,1,0,0.5795559883117676
519042,31,0.07438469678163528,h,2022,Schalke 04,Hertha Berlin,Dominick Drexler,2023-04-14 18:30:00,0,0,0,0,False,2,0,0.0
522923,91,0.39586514234542847,h,2022,Schalke 04,Werder Bremen,Dominick Drexler,2023-04-29 16:30:00,0,0,0,0,True,1,1,0.0
525931,80,0.013310849666595459,a,2022,Bayern Munich,Schalke 04,Dominick Drexler,2023-05-13 13:30:00,0,0,0,0,False,0,5,0.0
480283,35,0.02785469964146614,h,2022,Bayer Leverkusen,Augsburg,Charles Aránguiz,2022-08-13 13:30:00,0,0,1,0,False,0,1,0.0
480285,42,0.052313100546598434,h,2022,Bayer Leverkusen,Augsburg,Charles Aránguiz,2022-08-13 13:30:00,0,0,0,0,True,0,1,0.02785469964146614
481681,19,0.08071690052747726,h,2022,Bayer Leverkusen,Hoffenheim,Charles Aránguiz,2022-08-20 13:30:00,0,0,0,0,False,0,1,0.0
491540,26,0.0381430983543396,h,2022,Bayer Leverkusen,Schalke 04,Charles Aránguiz,2022-10-08 13:30:00,0,0,0,0,False,0,0,0.0
491541,34,0.03121200017631054,h,2022,Bayer Leverkusen,Schalke 04,Charles Aránguiz,2022-10-08 13:30:00,0,0,0,0,False,0,0,0.0381430983543396
489979,78,0.014063999988138676,a,2022,Eintracht Frankfurt,Union Berlin,Tim Skarke,2022-10-01 13:30:00,0,0,0,0,False,0,2,0.0
489983,86,0.03705789893865585,a,2022,Eintracht Frankfurt,Union Berlin,Tim Skarke,2022-10-01 13:30:00,0,0,0,0,False,0,2,0.014063999988138676
489985,93,0.05054349824786186,a,2022,Eintracht Frankfurt,Union Berlin,Tim Skarke,2022-10-01 13:30:00,0,0,0,0,False,0,2,0.05112189892679453
495694,90,0.024128999561071396,a,2022,Bochum,Union Berlin,Tim Skarke,2022-10-23 13:30:00,0,0,0,0,False,0,2,0.0
506221,51,0.009654699824750423,h,2022,Schalke 04,FC Cologne,Tim Skarke,2023-01-29 14:30:00,0,0,0,0,False,0,0,0.0
507342,4,0.03476250171661377,a,2022,Borussia M.Gladbach,Schalke 04,Tim Skarke,2023-02-04 17:30:00,0,0,0,0,False,0,0,0.0
507351,34,0.03578289970755577,a,2022,Borussia M.Gladbach,Schalke 04,Tim Skarke,2023-02-04 17:30:00,0,0,0,0,False,0,0,0.03476250171661377
507353,39,0.015198799781501293,a,2022,Borussia M.Gladbach,Schalke 04,Tim Skarke,2023-02-04 17:30:00,0,0,0,0,False,0,0,0.07054540142416954
507369,78,0.013828500173985958,a,2022,Borussia M.Gladbach,Schalke 04,Tim Skarke,2023-02-04 17:30:00,0,0,0,0,False,0,0,0.08574420120567083
507372,86,0.035225700587034225,a,2022,Borussia M.Gladbach,Schalke 04,Tim Skarke,2023-02-04 17:30:00,0,0,0,0,False,0,0,0.09957270137965679
507375,92,0.02209779992699623,a,2022,Borussia M.Gladbach,Schalke 04,Tim Skarke,2023-02-04 17:30:00,0,0,0,0,False,0,0,0.13479840196669102
518894,57,0.0244245994836092,a,2022,Hoffenheim,Schalke 04,Tim Skarke,2023-04-09 17:30:00,0,0,0,0,False,0,0,0.0
519033,2,0.03974350169301033,h,2022,Schalke 04,Hertha Berlin,Tim Skarke,2023-04-14 18:30:00,0,0,0,0,True,0,0,0.0
519045,48,0.019601499661803246,h,2022,Schalke 04,Hertha Berlin,Tim Skarke,2023-04-14 18:30:00,1,0,0,0,False,3,1,0.03974350169301033
524418,79,0.3640071153640747,a,2022,Mainz 05,Schalke 04,Tim Skarke,2023-05-05 18:30:00,0,0,0,0,False,2,2,0.0
488639,92,0.0672592967748642,a,2022,Augsburg,Bayern Munich,Manuel Neuer,2022-09-17 13:30:00,0,0,0,0,False,0,1,0.0
488640,94,0.030034899711608887,a,2022,Augsburg,Bayern Munich,Manuel Neuer,2022-09-17 13:30:00,0,0,0,0,False,0,1,0.0672592967748642
479186,12,0.07526910305023193,a,2022,Bochum,Mainz 05,Maxim Leitsch,2022-08-06 13:30:00,0,0,0,0,False,0,0,0.0
483545,53,0.009376400150358677,h,2022,Mainz 05,Bayer Leverkusen,Maxim Leitsch,2022-08-27 13:30:00,0,0,0,0,False,0,3,0.0
481548,87,0.010034400038421154,a,2022,Borussia M.Gladbach,Hertha Berlin,Jonjoe Kenny,2022-08-19 18:30:00,0,0,0,0,False,0,1,0.0
483466,3,0.014063499867916107,h,2022,Hertha Berlin,Borussia Dortmund,Jonjoe Kenny,2022-08-27 13:30:00,0,0,0,0,False,0,0,0.0
483495,83,0.015499199740588665,h,2022,Hertha Berlin,Borussia Dortmund,Jonjoe Kenny,2022-08-27 13:30:00,0,0,0,0,False,0,1,0.014063499867916107
486584,33,0.023271700367331505,a,2022,Augsburg,Hertha Berlin,Jonjoe Kenny,2022-09-04 13:30:00,0,0,0,0,False,0,0,0.0
486595,68,0.0873349979519844,a,2022,Augsburg,Hertha Berlin,Jonjoe Kenny,2022-09-04 13:30:00,0,0,0,0,False,1,0,0.023271700367331505
492597,41,0.042472001165151596,h,2022,Hertha Berlin,Freiburg,Jonjoe Kenny,2022-10-09 15:30:00,0,0,0,0,False,1,1,0.0
479424,61,0.017909999936819077,h,2022,Borussia Dortmund,Bayer Leverkusen,Mahmoud Dahoud,2022-08-06 16:30:00,0,0,0,0,False,1,0,0.0
480052,54,0.018529800698161125,a,2022,Freiburg,Borussia Dortmund,Mahmoud Dahoud,2022-08-12 18:30:00,0,0,0,0,False,0,1,0.0
481700,1,0.015994200482964516,h,2022,Borussia Dortmund,Werder Bremen,Mahmoud Dahoud,2022-08-20 13:30:00,0,0,0,0,False,0,0,0.0
507000,90,0.029415499418973923,h,2022,Borussia Dortmund,Freiburg,Mahmoud Dahoud,2023-02-04 14:30:00,0,0,0,0,False,5,1,0.0
513740,89,0.0664547011256218,a,2022,Schalke 04,Borussia Dortmund,Mahmoud Dahoud,2023-03-11 17:30:00,0,0,0,0,False,2,2,0.0
515249,68,0.09721729904413223,h,2022,Borussia Dortmund,FC Cologne,Mahmoud Dahoud,2023-03-18 17:30:00,0,0,0,0,False,4,1,0.0
486182,21,0.07490520179271698,h,2022,Eintracht Frankfurt,RasenBallsport Leipzig,Sebastian Rode,2022-09-03 16:30:00,0,0,0,0,True,1,0,0.0
488669,5,0.01282930001616478,a,2022,VfB Stuttgart,Eintracht Frankfurt,Sebastian Rode,2022-09-17 13:30:00,0,0,0,0,True,0,0,0.0
496747,63,0.013841399922966957,h,2022,Eintracht Frankfurt,Borussia Dortmund,Sebastian Rode,2022-10-29 16:30:00,0,0,0,0,False,1,2,0.0
497955,12,0.4219509959220886,a,2022,Augsburg,Eintracht Frankfurt,Sebastian Rode,2022-11-05 14:30:00,0,0,0,0,True,0,1,0.0
513380,54,0.051583901047706604,h,2022,Eintracht Frankfurt,VfB Stuttgart,Sebastian Rode,2023-03-11 14:30:00,0,0,0,0,True,0,0,0.0
515974,23,0.11109399795532227,h,2022,Eintracht Frankfurt,Bochum,Sebastian Rode,2023-03-31 19:30:00,0,0,0,0,False,1,1,0.0
519697,40,0.017025599256157875,h,2022,Eintracht Frankfurt,Borussia M.Gladbach,Sebastian Rode,2023-04-15 16:30:00,0,0,0,0,False,0,1,0.0
519700,45,0.060596998780965805,h,2022,Eintracht Frankfurt,Borussia M.Gladbach,Sebastian Rode,2023-04-15 16:30:00,0,0,0,0,False,0,1,0.017025599256157875
522639,59,0.018481887876987457,h,2022,Eintracht Frankfurt,Augsburg,Sebastian Rode,2023-04-29 13:30:00,0,0,0,0,False,0,1,0.0
493029,25,0.042643800377845764,h,2022,Werder Bremen,Mainz 05,Niklas Stark,2022-10-15 13:30:00,0,0,0,0,False,0,0,0.0
498209,22,0.014471200294792652,h,2022,Werder Bremen,Schalke 04,Niklas Stark,2022-11-05 17:30:00,0,0,0,0,False,0,0,0.0
520732,30,0.0894581526517868,a,2022,Hertha Berlin,Werder Bremen,Niklas Stark,2023-04-22 13:30:00,0,0,0,0,False,2,0,0.0
512051,44,0,h,2022,Bochum,Schalke 04,Manuel Riemann,2023-03-04 14:30:00,0,0,0,0,False,0,0,0.0
518808,92,0.01967640034854412,h,2022,Bochum,VfB Stuttgart,Manuel Riemann,2023-04-09 15:30:00,0,0,0,0,False,2,3,0.0
490919,96,0.07862959802150726,h,2022,Schalke 04,Augsburg,Leo Greiml,2022-10-02 15:30:00,0,0,0,0,False,2,3,0.0
483524,67,0.04501980170607567,a,2022,Hoffenheim,Augsburg,Ruben Vargas,2022-08-27 13:30:00,0,0,0,0,False,0,1,0.0
483525,69,0.014674999751150608,a,2022,Hoffenheim,Augsburg,Ruben Vargas,2022-08-27 13:30:00,0,0,0,0,False,0,1,0.04501980170607567
491487,10,0.06459719687700272,h,2022,Augsburg,Wolfsburg,Ruben Vargas,2022-10-08 13:30:00,0,0,0,0,False,0,0,0.0
494854,63,0.023393899202346802,h,2022,Augsburg,RasenBallsport Leipzig,Ruben Vargas,2022-10-22 13:30:00,0,0,0,0,True,2,0,0.0
500027,48,0.010745000094175339,h,2022,Augsburg,Bochum,Ruben Vargas,2022-11-12 14:30:00,0,0,0,0,False,0,0,0.0
500038,75,0.015751900151371956,h,2022,Augsburg,Bochum,Ruben Vargas,2022-11-12 14:30:00,0,0,0,0,False,0,1,0.010745000094175339
512024,31,0.019608499482274055,h,2022,Augsburg,Werder Bremen,Ruben Vargas,2023-03-04 14:30:00,0,0,0,0,False,1,1,0.0
512027,38,0.01282539963722229,h,2022,Augsburg,Werder Bremen,Ruben Vargas,2023-03-04 14:30:00,0,0,0,0,False,1,1,0.019608499482274055
512031,44,0.1634870022535324,h,2022,Augsburg,Werder Bremen,Ruben Vargas,2023-03-04 14:30:00,0,0,0,0,False,1,1,0.032433899119496346
512033,48,0.0647779032588005,h,2022,Augsburg,Werder Bremen,Ruben Vargas,2023-03-04 14:30:00,0,0,0,0,False,2,1,0.19592090137302876
513452,54,0.07424049824476242,a,2022,Bayern Munich,Augsburg,Ruben Vargas,2023-03-11 14:30:00,0,0,0,0,False,1,4,0.0
514866,30,0.020278500393033028,h,2022,Augsburg,Schalke 04,Ruben Vargas,2023-03-18 14:30:00,0,0,0,0,False,0,0,0.0
514871,56,0.010022600181400776,h,2022,Augsburg,Schalke 04,Ruben Vargas,2023-03-18 14:30:00,0,0,0,0,False,1,0,0.020278500393033028
517852,12,0.0475458987057209,h,2022,Augsburg,FC Cologne,Ruben Vargas,2023-04-08 13:30:00,0,0,1,0,False,0,1,0.0
517857,28,0.054632801562547684,h,2022,Augsburg,FC Cologne,Ruben Vargas,2023-04-08 13:30:00,0,0,0,0,True,0,2,0.0475458987057209
519279,81,0.05226869881153107,a,2022,RasenBallsport Leipzig,Augsburg,Ruben Vargas,2023-04-15 13:30:00,0,0,0,0,True,1,3,0.0
519282,83,0.04980260133743286,a,2022,RasenBallsport Leipzig,Augsburg,Ruben Vargas,2023-04-15 13:30:00,1,0,0,0,False,2,3,0.05226869881153107
520466,7,0.02565695531666279,h,2022,Augsburg,VfB Stuttgart,Ruben Vargas,2023-04-21 18:30:00,0,0,0,0,False,0,0,0.0
524573,72,0.01612810045480728,h,2022,Augsburg,Union Berlin,Ruben Vargas,2023-05-06 13:30:00,0,0,0,0,False,1,0,0.0
529095,60,0.054234400391578674,a,2022,Borussia M.Gladbach,Augsburg,Ruben Vargas,2023-05-27 13:30:00,0,0,0,0,False,0,2,0.0
529097,69,0.056548621505498886,a,2022,Borussia M.Gladbach,Augsburg,Ruben Vargas,2023-05-27 13:30:00,0,0,0,0,False,0,2,0.054234400391578674
479745,2,0.07947920262813568,a,2022,VfB Stuttgart,RasenBallsport Leipzig,Lukas Klostermann,2022-08-07 13:30:00,0,0,0,0,False,0,0,0.0
479749,11,0.033633001148700714,a,2022,VfB Stuttgart,RasenBallsport Leipzig,Lukas Klostermann,2022-08-07 13:30:00,0,0,0,0,False,1,0,0.07947920262813568
479769,71,0.1315629929304123,a,2022,VfB Stuttgart,RasenBallsport Leipzig,Lukas Klostermann,2022-08-07 13:30:00,0,0,0,0,False,1,1,0.1131122037768364
479781,94,0.01158090028911829,a,2022,VfB Stuttgart,RasenBallsport Leipzig,Lukas Klostermann,2022-08-07 13:30:00,0,0,0,0,False,1,1,0.2446751967072487
522598,34,0.01746143214404583,h,2022,RasenBallsport Leipzig,Hoffenheim,Lukas Klostermann,2023-04-29 13:30:00,0,0,0,0,False,1,0,0.0
524616,71,0.015184133313596249,a,2022,Freiburg,RasenBallsport Leipzig,Lukas Klostermann,2023-05-06 13:30:00,0,0,0,0,False,0,0,0.0
504531,15,0.06212040036916733,a,2022,Bochum,Hertha Berlin,Derry Scherhant,2023-01-21 14:30:00,0,0,0,0,False,0,0,0.0
504541,55,0.060325898230075836,a,2022,Bochum,Hertha Berlin,Derry Scherhant,2023-01-21 14:30:00,0,0,0,0,False,0,2,0.06212040036916733
504540,55,0.07222539931535721,a,2022,Bochum,Hertha Berlin,Derry Scherhant,2023-01-21 14:30:00,0,0,0,0,False,0,2,0.12244629859924316
508976,90,0.07763169705867767,h,2022,Hertha Berlin,Borussia M.Gladbach,Derry Scherhant,2023-02-12 14:30:00,0,0,0,0,True,2,1,0.0
514354,15,0.079339399933815,h,2022,Wolfsburg,Union Berlin,Kilian Fischer,2023-03-12 18:30:00,0,0,0,0,False,0,0,0.0
518652,14,0.011384200304746628,a,2022,Borussia M.Gladbach,Wolfsburg,Kilian Fischer,2023-04-09 13:30:00,0,0,0,0,False,0,0,0.0
518655,24,0.04312890022993088,a,2022,Borussia M.Gladbach,Wolfsburg,Kilian Fischer,2023-04-09 13:30:00,0,0,0,0,False,0,0,0.011384200304746628
506958,40,0.07486409693956375,a,2022,Bochum,Hoffenheim,Thomas Delaney,2023-02-04 14:30:00,0,0,0,0,False,0,3,0.0
479778,88,0.029079699888825417,a,2022,VfB Stuttgart,RasenBallsport Leipzig,Josko Gvardiol,2022-08-07 13:30:00,0,0,0,0,False,1,1,0.0
480244,48,0.009204830043017864,h,2022,RasenBallsport Leipzig,FC Cologne,Josko Gvardiol,2022-08-13 13:30:00,0,0,0,0,False,1,1,0.0
480249,71,0,h,2022,RasenBallsport Leipzig,FC Cologne,Josko Gvardiol,2022-08-13 13:30:00,0,0,0,0,False,2,1,0.009204830043017864
480255,88,0.048807401210069656,h,2022,RasenBallsport Leipzig,FC Cologne,Josko Gvardiol,2022-08-13 13:30:00,0,0,0,0,False,2,1,0.009204830043017864
488879,14,0.31496500968933105,a,2022,Borussia M.Gladbach,RasenBallsport Leipzig,Josko Gvardiol,2022-09-17 16:30:00,0,0,0,0,False,0,1,0.0
494859,79,0.02778249979019165,a,2022,Augsburg,RasenBallsport Leipzig,Josko Gvardiol,2022-10-22 13:30:00,0,0,0,0,False,1,3,0.0
509532,35,0.08897359669208527,a,2022,Wolfsburg,RasenBallsport Leipzig,Josko Gvardiol,2023-02-18 14:30:00,0,0,0,0,False,1,0,0.0
509540,58,0.0987078994512558,a,2022,Wolfsburg,RasenBallsport Leipzig,Josko Gvardiol,2023-02-18 14:30:00,0,0,0,0,False,1,0,0.08897359669208527
513428,79,0.5865269899368286,h,2022,RasenBallsport Leipzig,Borussia M.Gladbach,Josko Gvardiol,2023-03-11 14:30:00,0,0,0,0,True,2,0,0.0
514903,84,0.11416000127792358,a,2022,Bochum,RasenBallsport Leipzig,Josko Gvardiol,2023-03-18 14:30:00,0,0,0,0,False,0,1,0.0
518301,8,0.024762600660324097,a,2022,Hertha Berlin,RasenBallsport Leipzig,Josko Gvardiol,2023-04-08 16:30:00,0,0,0,0,False,0,0,0.0
519272,58,0.01963620074093342,h,2022,RasenBallsport Leipzig,Augsburg,Josko Gvardiol,2023-04-15 13:30:00,0,0,0,0,False,3,1,0.0
521624,1,0.015344535931944847,a,2022,Bayer Leverkusen,RasenBallsport Leipzig,Josko Gvardiol,2023-04-23 15:30:00,0,0,0,0,False,0,0,0.0
521636,51,0.37814053893089294,a,2022,Bayer Leverkusen,RasenBallsport Leipzig,Josko Gvardiol,2023-04-23 15:30:00,0,0,0,0,False,0,1,0.015344535931944847
480274,94,0.46449801325798035,h,2022,Werder Bremen,VfB Stuttgart,Oliver Burke,2022-08-13 13:30:00,0,0,0,0,True,1,2,0.0
481719,94,0.06596259772777557,a,2022,Borussia Dortmund,Werder Bremen,Oliver Burke,2022-08-20 13:30:00,0,0,0,0,True,2,2,0.0
487239,74,0.03260279819369316,h,2022,Werder Bremen,Augsburg,Oliver Burke,2022-09-09 18:30:00,0,0,0,0,False,0,1,0.0
488731,95,0.21898500621318817,a,2022,Bayer Leverkusen,Werder Bremen,Oliver Burke,2022-09-17 13:30:00,0,0,0,0,False,1,1,0.0
490339,75,0.03316609933972359,h,2022,Werder Bremen,Borussia M.Gladbach,Oliver Burke,2022-10-01 16:30:00,0,0,0,0,False,4,1,0.0
493046,86,0.04083390161395073,h,2022,Werder Bremen,Mainz 05,Oliver Burke,2022-10-15 13:30:00,0,0,0,0,False,0,2,0.0
496176,91,0.06880330294370651,h,2022,Werder Bremen,Hertha Berlin,Oliver Burke,2022-10-28 18:30:00,0,0,0,0,False,1,0,0.0
499175,43,0.4069939851760864,a,2022,Bayern Munich,Werder Bremen,Oliver Burke,2022-11-08 19:30:00,0,0,0,0,False,1,4,0.0
505718,20,0.05940769985318184,h,2022,Hoffenheim,Borussia M.Gladbach,Kasper Dolberg,2023-01-28 14:30:00,0,0,0,0,False,0,1,0.0
508297,67,0.05545090138912201,h,2022,Hoffenheim,Bayer Leverkusen,Kasper Dolberg,2023-02-11 14:30:00,0,0,0,0,False,0,3,0.0
509325,15,0.0812235027551651,a,2022,Augsburg,Hoffenheim,Kasper Dolberg,2023-02-17 19:30:00,0,0,0,0,False,0,0,0.0
510749,71,0.0411376990377903,h,2022,Hoffenheim,Borussia Dortmund,Kasper Dolberg,2023-02-25 14:30:00,0,0,0,0,False,0,1,0.0
512089,35,0.019503800198435783,a,2022,Mainz 05,Hoffenheim,Kasper Dolberg,2023-03-04 14:30:00,0,0,0,0,False,0,1,0.0
520815,93,0.07603911310434341,h,2022,Hoffenheim,FC Cologne,Kasper Dolberg,2023-04-22 13:30:00,0,0,0,0,True,0,3,0.0
479191,25,0.3154360055923462,a,2022,Bochum,Mainz 05,Karim Onisiwo,2022-08-06 13:30:00,0,0,1,0,True,0,0,0.0
479194,30,0.04370789974927902,a,2022,Bochum,Mainz 05,Karim Onisiwo,2022-08-06 13:30:00,1,0,1,0,False,1,0,0.3154360055923462
479197,36,0.04973800107836723,a,2022,Bochum,Mainz 05,Karim Onisiwo,2022-08-06 13:30:00,1,0,1,0,False,1,0,0.3591439053416252
479208,76,0.12518499791622162,a,2022,Bochum,Mainz 05,Karim Onisiwo,2022-08-06 13:30:00,1,0,0,0,True,1,1,0.40888190641999245
480908,53,0.016234900802373886,h,2022,Mainz 05,Union Berlin,Karim Onisiwo,2022-08-14 13:30:00,0,0,0,0,False,0,0,0.0
480910,57,0.01266810018569231,h,2022,Mainz 05,Union Berlin,Karim Onisiwo,2022-08-14 13:30:00,0,0,0,0,False,0,0,0.016234900802373886
481749,30,0.2990950047969818,a,2022,Augsburg,Mainz 05,Karim Onisiwo,2022-08-20 13:30:00,0,0,0,0,True,0,0,0.0
481754,48,0.030657300725579262,a,2022,Augsburg,Mainz 05,Karim Onisiwo,2022-08-20 13:30:00,1,0,0,0,False,1,1,0.2990950047969818
481758,63,0.0629006028175354,a,2022,Augsburg,Mainz 05,Karim Onisiwo,2022-08-20 13:30:00,1,0,0,0,False,1,1,0.3297523055225611
481761,69,0.06451930105686188,a,2022,Augsburg,Mainz 05,Karim Onisiwo,2022-08-20 13:30:00,1,0,0,0,False,1,1,0.3926529083400965
483539,30,0.07012960314750671,h,2022,Mainz 05,Bayer Leverkusen,Karim Onisiwo,2022-08-27 13:30:00,0,0,0,0,False,0,1,0.0
483551,79,0.07450299710035324,h,2022,Mainz 05,Bayer Leverkusen,Karim Onisiwo,2022-08-27 13:30:00,0,0,0,0,False,0,3,0.07012960314750671
487436,12,0.01677119918167591,a,2022,Hoffenheim,Mainz 05,Karim Onisiwo,2022-09-10 13:30:00,0,0,0,0,False,0,0,0.0
487442,28,0.0398424006998539,a,2022,Hoffenheim,Mainz 05,Karim Onisiwo,2022-09-10 13:30:00,0,0,0,0,False,0,0,0.01677119918167591
487454,67,0.11567600071430206,a,2022,Hoffenheim,Mainz 05,Karim Onisiwo,2022-09-10 13:30:00,0,0,0,0,False,0,1,0.05661359988152981
488352,8,0.036475300788879395,h,2022,Mainz 05,Hertha Berlin,Karim Onisiwo,2022-09-16 18:30:00,0,0,0,0,False,0,0,0.0
488353,17,0.018596099689602852,h,2022,Mainz 05,Hertha Berlin,Karim Onisiwo,2022-09-16 18:30:00,0,0,0,0,False,0,0,0.036475300788879395
488360,52,0.06751549988985062,h,2022,Mainz 05,Hertha Berlin,Karim Onisiwo,2022-09-16 18:30:00,0,0,0,0,False,0,1,0.055071400478482246
488364,93,0.049313001334667206,h,2022,Mainz 05,Hertha Berlin,Karim Onisiwo,2022-09-16 18:30:00,0,0,0,0,False,0,1,0.12258690036833286
490026,32,0.05536619946360588,a,2022,Freiburg,Mainz 05,Karim Onisiwo,2022-10-01 13:30:00,0,0,0,0,False,0,1,0.0
490045,91,0.12726999819278717,a,2022,Freiburg,Mainz 05,Karim Onisiwo,2022-10-01 13:30:00,0,0,0,0,False,1,2,0.05536619946360588
491521,22,0.06708510220050812,h,2022,Mainz 05,RasenBallsport Leipzig,Karim Onisiwo,2022-10-08 13:30:00,0,0,0,0,False,0,0,0.0
491525,43,0.051802899688482285,h,2022,Mainz 05,RasenBallsport Leipzig,Karim Onisiwo,2022-10-08 13:30:00,0,0,0,0,False,0,0,0.06708510220050812
491530,62,0.045608099550008774,h,2022,Mainz 05,RasenBallsport Leipzig,Karim Onisiwo,2022-10-08 13:30:00,0,0,0,0,False,1,0,0.1188880018889904
493037,55,0.03952290117740631,a,2022,Werder Bremen,Mainz 05,Karim Onisiwo,2022-10-15 13:30:00,0,0,0,0,False,1,0,0.0
493042,73,0.015383600257337093,a,2022,Werder Bremen,Mainz 05,Karim Onisiwo,2022-10-15 13:30:00,0,0,0,0,False,2,0,0.03952290117740631
494662,11,0.021063199266791344,h,2022,Mainz 05,FC Cologne,Karim Onisiwo,2022-10-21 18:30:00,0,0,1,0,False,1,0,0.0
494663,12,0.0695405974984169,h,2022,Mainz 05,FC Cologne,Karim Onisiwo,2022-10-21 18:30:00,0,0,1,0,False,1,0,0.021063199266791344
494675,82,0.3482789993286133,h,2022,Mainz 05,FC Cologne,Karim Onisiwo,2022-10-21 18:30:00,0,0,0,0,True,4,0,0.09060379676520824
494676,85,0.08694429695606232,h,2022,Mainz 05,FC Cologne,Karim Onisiwo,2022-10-21 18:30:00,1,0,0,0,False,5,0,0.4388827960938215
496413,5,0.03689299896359444,a,2022,Bayern Munich,Mainz 05,Karim Onisiwo,2022-10-29 13:30:00,0,0,0,0,False,0,1,0.0
496436,58,0.05570239946246147,a,2022,Bayern Munich,Mainz 05,Karim Onisiwo,2022-10-29 13:30:00,0,0,0,0,False,1,4,0.03689299896359444
496437,58,0.07772170007228851,a,2022,Bayern Munich,Mainz 05,Karim Onisiwo,2022-10-29 13:30:00,0,0,0,0,False,1,4,0.09259539842605591
498002,6,0.047694798558950424,h,2022,Mainz 05,Wolfsburg,Karim Onisiwo,2022-11-05 14:30:00,0,0,0,0,False,0,0,0.0
500720,37,0.030459299683570862,h,2022,Mainz 05,Eintracht Frankfurt,Karim Onisiwo,2022-11-13 14:30:00,0,0,0,0,False,0,0,0.0
500722,39,0.06270010024309158,h,2022,Mainz 05,Eintracht Frankfurt,Karim Onisiwo,2022-11-13 14:30:00,0,0,0,0,False,0,0,0.030459299683570862
505439,56,0.05231630057096481,h,2022,Mainz 05,Borussia Dortmund,Karim Onisiwo,2023-01-25 17:30:00,0,0,0,0,False,1,1,0.0
505768,27,0.3522379994392395,h,2022,Mainz 05,Bochum,Karim Onisiwo,2023-01-28 14:30:00,0,0,1,0,True,2,0,0.0
505769,29,0.23190400004386902,h,2022,Mainz 05,Bochum,Karim Onisiwo,2023-01-28 14:30:00,1,0,1,0,False,3,0,0.3522379994392395
505773,48,0.10391700267791748,h,2022,Mainz 05,Bochum,Karim Onisiwo,2023-01-28 14:30:00,1,0,1,0,False,3,0,0.5841419994831085
505778,56,0.3992460072040558,h,2022,Mainz 05,Bochum,Karim Onisiwo,2023-01-28 14:30:00,1,0,1,0,True,3,0,0.688059002161026
505786,86,0.13552400469779968,h,2022,Mainz 05,Bochum,Karim Onisiwo,2023-01-28 14:30:00,1,0,0,0,True,4,2,1.0873050093650818
507006,32,0.016718000173568726,a,2022,Union Berlin,Mainz 05,Karim Onisiwo,2023-02-04 14:30:00,0,0,0,0,False,0,1,0.0
507014,84,0.0289962999522686,a,2022,Union Berlin,Mainz 05,Karim Onisiwo,2023-02-04 14:30:00,0,0,0,0,False,1,2,0.016718000173568726
507015,85,0.03223729878664017,a,2022,Union Berlin,Mainz 05,Karim Onisiwo,2023-02-04 14:30:00,0,0,0,0,False,1,2,0.045714300125837326
508229,6,0.028661299496889114,h,2022,Mainz 05,Augsburg,Karim Onisiwo,2023-02-11 14:30:00,0,0,1,0,False,0,0,0.0
508232,23,0.6691089868545532,h,2022,Mainz 05,Augsburg,Karim Onisiwo,2023-02-11 14:30:00,0,0,0,0,True,1,0,0.028661299496889114
508244,54,0.06495559960603714,h,2022,Mainz 05,Augsburg,Karim Onisiwo,2023-02-11 14:30:00,1,0,0,0,False,3,1,0.6977702863514423
508255,88,0.015719100832939148,h,2022,Mainz 05,Augsburg,Karim Onisiwo,2023-02-11 14:30:00,1,0,0,0,False,3,1,0.7627258859574795
510453,59,0.0383060984313488,a,2022,Bayer Leverkusen,Mainz 05,Karim Onisiwo,2023-02-19 18:30:00,0,0,0,0,False,2,2,0.0
510455,60,0.013500699773430824,a,2022,Bayer Leverkusen,Mainz 05,Karim Onisiwo,2023-02-19 18:30:00,0,0,0,0,False,2,2,0.0383060984313488
513404,66,0.07859670370817184,a,2022,Hertha Berlin,Mainz 05,Karim Onisiwo,2023-03-11 14:30:00,0,0,0,0,False,1,1,0.0
513407,84,0.04591419920325279,a,2022,Hertha Berlin,Mainz 05,Karim Onisiwo,2023-03-11 14:30:00,0,0,0,0,False,1,1,0.07859670370817184
513408,86,0.07830750197172165,a,2022,Hertha Berlin,Mainz 05,Karim Onisiwo,2023-03-11 14:30:00,0,0,0,0,False,1,1,0.12451090291142464
515857,95,0.5062260031700134,h,2022,Mainz 05,Freiburg,Karim Onisiwo,2023-03-19 18:30:00,0,0,0,0,True,0,1,0.0
517889,76,0.09101749956607819,h,2022,Mainz 05,Werder Bremen,Karim Onisiwo,2023-04-08 13:30:00,0,0,0,0,False,0,0,0.0
520710,43,0.021887848153710365,h,2022,Mainz 05,Bayern Munich,Karim Onisiwo,2023-04-22 13:30:00,0,0,0,0,False,0,1,0.0
523455,1,0.13815326988697052,a,2022,Wolfsburg,Mainz 05,Karim Onisiwo,2023-04-30 15:30:00,0,0,0,0,False,0,0,0.0
523463,36,0.46936413645744324,a,2022,Wolfsburg,Mainz 05,Karim Onisiwo,2023-04-30 15:30:00,0,0,0,0,False,0,3,0.13815326988697052
524402,19,0.07098711282014847,h,2022,Mainz 05,Schalke 04,Karim Onisiwo,2023-05-05 18:30:00,0,0,0,0,False,0,0,0.0
525901,81,0.023142730817198753,a,2022,Eintracht Frankfurt,Mainz 05,Karim Onisiwo,2023-05-13 13:30:00,0,0,0,0,False,0,3,0.0
525902,89,0.3057249188423157,a,2022,Eintracht Frankfurt,Mainz 05,Karim Onisiwo,2023-05-13 13:30:00,0,0,0,0,False,0,3,0.023142730817198753
528018,21,0.07520779967308044,h,2022,Mainz 05,VfB Stuttgart,Karim Onisiwo,2023-05-21 13:30:00,0,0,0,0,False,0,0,0.0
528021,39,0.07865390181541443,h,2022,Mainz 05,VfB Stuttgart,Karim Onisiwo,2023-05-21 13:30:00,0,0,0,0,False,1,0,0.07520779967308044
528878,23,0.36017072200775146,a,2022,Borussia Dortmund,Mainz 05,Karim Onisiwo,2023-05-27 13:30:00,0,0,0,0,True,1,0,0.0
528891,56,0.08567269891500473,a,2022,Borussia Dortmund,Mainz 05,Karim Onisiwo,2023-05-27 13:30:00,1,0,0,0,False,2,0,0.36017072200775146
528907,90,0.5774252414703369,a,2022,Borussia Dortmund,Mainz 05,Karim Onisiwo,2023-05-27 13:30:00,1,0,0,0,False,2,1,0.4458434209227562
483533,9,0.09763679653406143,h,2022,Mainz 05,Bayer Leverkusen,Jonathan Burkardt,2022-08-27 13:30:00,0,0,0,0,False,0,0,0.0
486704,5,0.07033610343933105,a,2022,Borussia M.Gladbach,Mainz 05,Jonathan Burkardt,2022-09-04 15:30:00,0,0,0,0,False,0,0,0.0
486709,11,0.06069890037178993,a,2022,Borussia M.Gladbach,Mainz 05,Jonathan Burkardt,2022-09-04 15:30:00,0,0,0,0,False,0,0,0.07033610343933105
487434,3,0.39848700165748596,a,2022,Hoffenheim,Mainz 05,Jonathan Burkardt,2022-09-10 13:30:00,0,0,0,0,False,0,0,0.0
487435,6,0.33397799730300903,a,2022,Hoffenheim,Mainz 05,Jonathan Burkardt,2022-09-10 13:30:00,0,0,0,0,False,0,0,0.39848700165748596
490020,4,0.30645298957824707,a,2022,Freiburg,Mainz 05,Jonathan Burkardt,2022-10-01 13:30:00,0,0,0,0,False,0,1,0.0
490036,63,0.05020260065793991,a,2022,Freiburg,Mainz 05,Jonathan Burkardt,2022-10-01 13:30:00,0,0,0,0,False,1,2,0.30645298957824707
490037,64,0.06646130234003067,a,2022,Freiburg,Mainz 05,Jonathan Burkardt,2022-10-01 13:30:00,0,0,0,0,False,1,2,0.356655590236187
494674,77,0.0822615996003151,h,2022,Mainz 05,FC Cologne,Jonathan Burkardt,2022-10-21 18:30:00,0,0,0,0,False,4,0,0.0
494677,89,0.08911219984292984,h,2022,Mainz 05,FC Cologne,Jonathan Burkardt,2022-10-21 18:30:00,0,0,0,0,False,5,0,0.0822615996003151
496418,21,0.06453509628772736,a,2022,Bayern Munich,Mainz 05,Jonathan Burkardt,2022-10-29 13:30:00,0,0,0,0,False,0,1,0.0
496420,31,0.07790990173816681,a,2022,Bayern Munich,Mainz 05,Jonathan Burkardt,2022-10-29 13:30:00,0,0,0,0,False,0,2,0.06453509628772736
496422,32,0.06311570107936859,a,2022,Bayern Munich,Mainz 05,Jonathan Burkardt,2022-10-29 13:30:00,0,0,0,0,False,0,2,0.14244499802589417
496426,47,0.7577769756317139,a,2022,Bayern Munich,Mainz 05,Jonathan Burkardt,2022-10-29 13:30:00,0,0,0,0,False,0,3,0.20556069910526276
496429,50,0.015544399619102478,a,2022,Bayern Munich,Mainz 05,Jonathan Burkardt,2022-10-29 13:30:00,0,0,0,0,False,1,3,0.9633376747369766
499437,80,0.09994660317897797,a,2022,Schalke 04,Mainz 05,Jonathan Burkardt,2022-11-09 19:30:00,0,0,0,0,False,0,1,0.0
499438,81,0.0464152991771698,a,2022,Schalke 04,Mainz 05,Jonathan Burkardt,2022-11-09 19:30:00,0,0,0,0,False,0,1,0.09994660317897797
500712,8,0.09605260193347931,h,2022,Mainz 05,Eintracht Frankfurt,Jonathan Burkardt,2022-11-13 14:30:00,0,0,1,0,False,0,0,0.0
500723,39,0.9457820057868958,h,2022,Mainz 05,Eintracht Frankfurt,Jonathan Burkardt,2022-11-13 14:30:00,0,0,0,0,True,0,0,0.09605260193347931
500721,39,0.0324506014585495,h,2022,Mainz 05,Eintracht Frankfurt,Jonathan Burkardt,2022-11-13 14:30:00,1,0,0,0,False,0,0,1.041834607720375
500725,46,0.06566379964351654,h,2022,Mainz 05,Eintracht Frankfurt,Jonathan Burkardt,2022-11-13 14:30:00,1,0,0,0,False,1,0,1.0742852091789246
500050,18,0.016925400123000145,h,2022,Hoffenheim,Wolfsburg,Angelo Stiller,2022-11-12 14:30:00,0,0,0,0,False,0,0,0.0
500062,54,0.02461490035057068,h,2022,Hoffenheim,Wolfsburg,Angelo Stiller,2022-11-12 14:30:00,0,0,0,0,False,1,0,0.016925400123000145
505363,31,0.014766800217330456,h,2022,Hoffenheim,VfB Stuttgart,Angelo Stiller,2023-01-24 19:30:00,0,0,0,0,False,1,0,0.0
514131,47,0.06873039901256561,a,2022,Freiburg,Hoffenheim,Angelo Stiller,2023-03-12 14:30:00,0,0,0,0,True,0,1,0.0
514138,83,0.08658459782600403,a,2022,Freiburg,Hoffenheim,Angelo Stiller,2023-03-12 14:30:00,1,0,0,0,False,1,1,0.06873039901256561
514930,62,0.015423299744725227,h,2022,Hoffenheim,Hertha Berlin,Angelo Stiller,2023-03-18 14:30:00,0,0,0,0,False,3,0,0.0
519367,55,0.017775099724531174,a,2022,Bayern Munich,Hoffenheim,Angelo Stiller,2023-04-15 13:30:00,0,0,0,0,False,0,1,0.0
505555,8,0.05336049944162369,a,2022,RasenBallsport Leipzig,VfB Stuttgart,Thomas Kastanaras,2023-01-27 19:30:00,0,0,0,0,False,0,0,0.0
507679,92,0.12302999943494797,h,2022,VfB Stuttgart,Werder Bremen,Thomas Kastanaras,2023-02-05 14:30:00,0,0,0,0,False,0,2,0.0
480196,76,0.11635900288820267,a,2022,Hertha Berlin,Eintracht Frankfurt,Santos Borré,2022-08-13 13:30:00,0,0,0,0,False,1,1,0.0
482423,5,0.08901140093803406,h,2022,Eintracht Frankfurt,FC Cologne,Santos Borré,2022-08-21 13:30:00,0,0,0,0,False,0,0,0.0
486196,83,0.7577769756317139,h,2022,Eintracht Frankfurt,RasenBallsport Leipzig,Santos Borré,2022-09-03 16:30:00,0,0,0,0,True,3,0,0.0
486197,87,0.4223720133304596,h,2022,Eintracht Frankfurt,RasenBallsport Leipzig,Santos Borré,2022-09-03 16:30:00,1,0,0,0,False,4,0,0.7577769756317139
487470,35,0.0516958013176918,h,2022,Eintracht Frankfurt,Wolfsburg,Santos Borré,2022-09-10 13:30:00,0,0,0,0,False,0,0,0.0
488686,75,0.10075999796390533,a,2022,VfB Stuttgart,Eintracht Frankfurt,Santos Borré,2022-09-17 13:30:00,0,0,0,0,False,2,0,0.0
488688,77,0.4066619873046875,a,2022,VfB Stuttgart,Eintracht Frankfurt,Santos Borré,2022-09-17 13:30:00,0,0,0,0,False,2,0,0.10075999796390533
488692,90,0.030308399349451065,a,2022,VfB Stuttgart,Eintracht Frankfurt,Santos Borré,2022-09-17 13:30:00,0,0,0,0,False,3,1,0.5074219852685928
491441,62,0.09416960179805756,a,2022,Bochum,Eintracht Frankfurt,Santos Borré,2022-10-08 13:30:00,0,0,0,0,False,0,0,0.0
493069,83,0.09445010125637054,h,2022,Eintracht Frankfurt,Bayer Leverkusen,Santos Borré,2022-10-15 13:30:00,0,0,0,0,False,4,1,0.0
504608,83,0.403346985578537,h,2022,Eintracht Frankfurt,Schalke 04,Santos Borré,2023-01-21 14:30:00,0,0,0,0,True,1,0,0.0
505951,92,0.02949189953505993,a,2022,Bayern Munich,Eintracht Frankfurt,Santos Borré,2023-01-28 17:30:00,0,0,0,0,False,1,1,0.0
509059,74,0.07144980132579803,a,2022,FC Cologne,Eintracht Frankfurt,Santos Borré,2023-02-12 16:30:00,0,0,0,0,False,0,2,0.0
512868,95,0.03495129942893982,a,2022,Wolfsburg,Eintracht Frankfurt,Santos Borré,2023-03-05 16:30:00,0,0,0,0,False,2,2,0.0
515643,3,0.10956499725580215,a,2022,Union Berlin,Eintracht Frankfurt,Santos Borré,2023-03-19 14:30:00,0,0,0,0,False,0,0,0.0
515658,43,0.10538300126791,a,2022,Union Berlin,Eintracht Frankfurt,Santos Borré,2023-03-19 14:30:00,0,0,0,0,False,0,0,0.10956499725580215
515966,7,0.5910230278968811,h,2022,Eintracht Frankfurt,Bochum,Santos Borré,2023-03-31 19:30:00,0,0,0,0,False,0,0,0.0
515968,9,0.0986965000629425,h,2022,Eintracht Frankfurt,Bochum,Santos Borré,2023-03-31 19:30:00,0,0,0,0,False,0,0,0.5910230278968811
515976,32,0.04266120120882988,h,2022,Eintracht Frankfurt,Bochum,Santos Borré,2023-03-31 19:30:00,0,0,0,0,False,1,1,0.6897195279598236
515977,33,0.08117319643497467,h,2022,Eintracht Frankfurt,Bochum,Santos Borré,2023-03-31 19:30:00,0,0,0,0,False,1,1,0.7323807291686535
515979,39,0.08497949689626694,h,2022,Eintracht Frankfurt,Bochum,Santos Borré,2023-03-31 19:30:00,0,0,0,0,False,1,1,0.8135539256036282
515986,65,0.11074099689722061,h,2022,Eintracht Frankfurt,Bochum,Santos Borré,2023-03-31 19:30:00,0,0,0,0,False,1,1,0.8985334224998951
515991,88,0.11242300271987915,h,2022,Eintracht Frankfurt,Bochum,Santos Borré,2023-03-31 19:30:00,0,0,0,0,False,1,1,1.0092744193971157
524599,64,0.0392298549413681,a,2022,Hoffenheim,Eintracht Frankfurt,Santos Borré,2023-05-06 13:30:00,0,0,0,0,False,1,3,0.0
524605,95,0.5342674851417542,a,2022,Hoffenheim,Eintracht Frankfurt,Santos Borré,2023-05-06 13:30:00,0,0,0,0,False,1,3,0.0392298549413681
479233,60,0.06906139850616455,a,2022,Augsburg,Freiburg,Matthias Ginter,2022-08-06 13:30:00,0,0,0,0,True,2,0,0.0
481723,12,0.013975200243294239,a,2022,VfB Stuttgart,Freiburg,Matthias Ginter,2022-08-20 13:30:00,0,0,0,0,False,1,0,0.0
483277,23,0.015622000209987164,h,2022,Freiburg,Bochum,Matthias Ginter,2022-08-26 18:30:00,0,0,0,0,False,0,0,0.0
485850,47,0.49900099635124207,a,2022,Bayer Leverkusen,Freiburg,Matthias Ginter,2022-09-03 13:30:00,0,0,0,0,True,0,1,0.0
489602,37,0.03846209868788719,a,2022,Hoffenheim,Freiburg,Matthias Ginter,2022-09-18 17:30:00,0,0,0,0,False,0,0,0.0
493959,15,0.07098300009965897,a,2022,Bayern Munich,Freiburg,Matthias Ginter,2022-10-16 17:30:00,0,0,0,0,False,0,1,0.0
493969,68,0.032562799751758575,a,2022,Bayern Munich,Freiburg,Matthias Ginter,2022-10-16 17:30:00,0,0,0,0,False,0,4,0.07098300009965897
497402,29,0.09691700339317322,a,2022,Schalke 04,Freiburg,Matthias Ginter,2022-10-30 16:30:00,0,0,0,0,False,0,0,0.0
497410,53,0.012022599577903748,a,2022,Schalke 04,Freiburg,Matthias Ginter,2022-10-30 16:30:00,0,0,0,0,False,1,0,0.09691700339317322
505486,46,0.34656399488449097,h,2022,Freiburg,Eintracht Frankfurt,Matthias Ginter,2023-01-25 19:30:00,0,0,0,0,True,0,1,0.0
511387,70,0.13223299384117126,h,2022,Freiburg,Bayer Leverkusen,Matthias Ginter,2023-02-26 14:30:00,0,0,0,0,False,1,1,0.0
512010,55,0.03109849989414215,a,2022,Borussia M.Gladbach,Freiburg,Matthias Ginter,2023-03-04 14:30:00,0,0,0,0,False,0,0,0.0
517925,87,0.017779499292373657,h,2022,Freiburg,Bayern Munich,Matthias Ginter,2023-04-08 13:30:00,0,0,0,0,False,0,1,0.0
517929,94,0.052424099296331406,h,2022,Freiburg,Bayern Munich,Matthias Ginter,2023-04-08 13:30:00,0,0,0,0,False,0,1,0.017779499292373657
521527,44,0.048021964728832245,h,2022,Freiburg,Schalke 04,Matthias Ginter,2023-04-23 13:30:00,0,0,1,0,False,2,0,0.0
521532,55,0.03662160038948059,h,2022,Freiburg,Schalke 04,Matthias Ginter,2023-04-23 13:30:00,0,0,1,0,False,3,0,0.048021964728832245
521541,81,0.22893115878105164,h,2022,Freiburg,Schalke 04,Matthias Ginter,2023-04-23 13:30:00,0,0,0,0,True,3,0,0.08464356511831284
525955,83,0.1455831527709961,a,2022,Union Berlin,Freiburg,Matthias Ginter,2023-05-13 13:30:00,0,0,0,0,False,2,4,0.0
525954,83,0.4739936888217926,a,2022,Union Berlin,Freiburg,Matthias Ginter,2023-05-13 13:30:00,0,0,0,0,False,2,4,0.1455831527709961
529135,37,0.01420994009822607,a,2022,Eintracht Frankfurt,Freiburg,Matthias Ginter,2023-05-27 13:30:00,0,0,0,0,False,0,0,0.0
529137,42,0.05446959659457207,a,2022,Eintracht Frankfurt,Freiburg,Matthias Ginter,2023-05-27 13:30:00,0,0,0,0,False,0,0,0.01420994009822607
480195,75,0.02390659973025322,h,2022,Hertha Berlin,Eintracht Frankfurt,Jean-Paul Boëtius,2022-08-13 13:30:00,0,0,0,0,False,1,1,0.0
486593,65,0.011589800007641315,a,2022,Augsburg,Hertha Berlin,Jean-Paul Boëtius,2022-09-04 13:30:00,0,0,0,0,False,1,0,0.0
487504,81,0.11239299923181534,h,2022,Hertha Berlin,Bayer Leverkusen,Jean-Paul Boëtius,2022-09-10 13:30:00,0,0,0,0,False,2,2,0.0
487505,81,0.13980799913406372,h,2022,Hertha Berlin,Bayer Leverkusen,Jean-Paul Boëtius,2022-09-10 13:30:00,0,0,0,0,False,2,2,0.11239299923181534
504537,47,0.05241750180721283,a,2022,Bochum,Hertha Berlin,Jean-Paul Boëtius,2023-01-21 14:30:00,0,0,0,0,False,0,2,0.0
479119,0,0.05455100163817406,h,2022,Union Berlin,Hertha Berlin,Rani Khedira,2022-08-06 13:30:00,0,0,0,0,False,0,0,0.0
479118,0,0.09806250035762787,h,2022,Union Berlin,Hertha Berlin,Rani Khedira,2022-08-06 13:30:00,0,0,0,0,False,0,0,0.05455100163817406
479142,83,0.022027399390935898,h,2022,Union Berlin,Hertha Berlin,Rani Khedira,2022-08-06 13:30:00,0,0,0,0,False,3,0,0.15261350199580193
480901,14,0.02794319950044155,a,2022,Mainz 05,Union Berlin,Rani Khedira,2022-08-14 13:30:00,0,0,0,0,False,0,0,0.0
480912,58,0.03372399881482124,a,2022,Mainz 05,Union Berlin,Rani Khedira,2022-08-14 13:30:00,0,0,0,0,False,0,0,0.02794319950044155
482057,30,0.05069210007786751,h,2022,Union Berlin,RasenBallsport Leipzig,Rani Khedira,2022-08-20 16:30:00,0,0,0,0,False,0,0,0.0
483444,22,0.049732599407434464,a,2022,Schalke 04,Union Berlin,Rani Khedira,2022-08-27 13:30:00,0,0,0,0,False,1,0,0.0
485813,0,0.009445910342037678,h,2022,Union Berlin,Bayern Munich,Rani Khedira,2022-09-03 13:30:00,0,0,0,0,False,0,0,0.0
489401,71,0.02309590019285679,h,2022,Union Berlin,Wolfsburg,Rani Khedira,2022-09-18 13:30:00,0,0,0,0,False,1,0,0.0
493823,67,0.0754363015294075,h,2022,Union Berlin,Borussia Dortmund,Rani Khedira,2022-10-16 15:30:00,0,0,0,0,False,2,0,0.0
497265,28,0.01109249982982874,h,2022,Union Berlin,Borussia M.Gladbach,Rani Khedira,2022-10-30 14:30:00,0,0,0,0,False,0,0,0.0
499478,34,0.020171500742435455,h,2022,Union Berlin,Augsburg,Rani Khedira,2022-11-09 19:30:00,0,0,0,0,False,2,1,0.0
504572,60,0.022974900901317596,h,2022,Union Berlin,Hoffenheim,Rani Khedira,2023-01-21 14:30:00,0,0,0,0,False,0,1,0.0
505511,11,0.02128640003502369,a,2022,Werder Bremen,Union Berlin,Rani Khedira,2023-01-25 19:30:00,0,0,0,0,False,0,0,0.0
507002,10,0.04245639964938164,h,2022,Union Berlin,Mainz 05,Rani Khedira,2023-02-04 14:30:00,0,0,0,0,False,0,0,0.0
510260,38,0.019355999305844307,h,2022,Union Berlin,Schalke 04,Rani Khedira,2023-02-19 14:30:00,0,0,0,0,False,0,0,0.0
515645,5,0.017259100452065468,h,2022,Union Berlin,Eintracht Frankfurt,Rani Khedira,2023-03-19 14:30:00,0,0,1,0,False,0,0,0.0
515663,52,0.7006850242614746,h,2022,Union Berlin,Eintracht Frankfurt,Rani Khedira,2023-03-19 14:30:00,0,0,0,0,True,0,0,0.017259100452065468
515665,63,0.09439309686422348,h,2022,Union Berlin,Eintracht Frankfurt,Rani Khedira,2023-03-19 14:30:00,1,0,0,0,False,1,0,0.7179441247135401
516254,54,0.11956900358200073,h,2022,Union Berlin,VfB Stuttgart,Rani Khedira,2023-04-01 13:30:00,0,0,0,0,False,1,0,0.0
517954,10,0.013283600099384785,a,2022,Borussia Dortmund,Union Berlin,Rani Khedira,2023-04-08 13:30:00,0,0,0,0,False,0,0,0.0
521718,4,0.018542183563113213,a,2022,Borussia M.Gladbach,Union Berlin,Rani Khedira,2023-04-23 17:30:00,0,0,0,0,False,0,0,0.0
527393,29,0.01686020940542221,a,2022,Hoffenheim,Union Berlin,Rani Khedira,2023-05-20 13:30:00,0,0,0,0,False,0,1,0.0
529122,80,0.09793823212385178,h,2022,Union Berlin,Werder Bremen,Rani Khedira,2023-05-27 13:30:00,0,0,0,0,True,0,0,0.0
479241,81,0.059269800782203674,h,2022,Augsburg,Freiburg,Ricardo Pepi,2022-08-06 13:30:00,0,0,0,0,False,0,4,0.0
479151,45,0.050092898309230804,h,2022,Borussia M.Gladbach,Hoffenheim,Florian Neuhaus,2022-08-06 13:30:00,0,0,0,0,False,1,1,0.0
479152,47,0.018406299874186516,h,2022,Borussia M.Gladbach,Hoffenheim,Florian Neuhaus,2022-08-06 13:30:00,0,0,0,0,False,1,1,0.050092898309230804
479162,89,0.04094810038805008,h,2022,Borussia M.Gladbach,Hoffenheim,Florian Neuhaus,2022-08-06 13:30:00,0,0,0,0,False,3,1,0.06849919818341732
479163,91,0.13617999851703644,h,2022,Borussia M.Gladbach,Hoffenheim,Florian Neuhaus,2022-08-06 13:30:00,0,0,0,0,False,3,1,0.1094472985714674
480568,20,0.028289299458265305,a,2022,Schalke 04,Borussia M.Gladbach,Florian Neuhaus,2022-08-13 16:30:00,0,0,0,0,False,0,0,0.0
480578,48,0.09919910132884979,a,2022,Schalke 04,Borussia M.Gladbach,Florian Neuhaus,2022-08-13 16:30:00,0,0,0,0,False,0,1,0.028289299458265305
481524,4,0.10074599832296371,h,2022,Borussia M.Gladbach,Hertha Berlin,Florian Neuhaus,2022-08-19 18:30:00,0,0,0,0,False,0,0,0.0
483912,65,0.021881600841879845,a,2022,Bayern Munich,Borussia M.Gladbach,Florian Neuhaus,2022-08-27 16:30:00,0,0,0,0,False,1,0,0.0
488108,4,0.2957189977169037,a,2022,Freiburg,Borussia M.Gladbach,Florian Neuhaus,2022-09-11 15:30:00,0,0,0,0,False,0,0,0.0
513409,5,0.10774599760770798,a,2022,RasenBallsport Leipzig,Borussia M.Gladbach,Florian Neuhaus,2023-03-11 14:30:00,0,0,0,0,False,0,0,0.0
514585,36,0.024348000064492226,h,2022,Borussia M.Gladbach,Werder Bremen,Florian Neuhaus,2023-03-17 19:30:00,0,0,1,0,False,0,0,0.0
514595,54,0.030896900221705437,h,2022,Borussia M.Gladbach,Werder Bremen,Florian Neuhaus,2023-03-17 19:30:00,0,0,1,0,False,1,0,0.024348000064492226
514600,61,0.04070670157670975,h,2022,Borussia M.Gladbach,Werder Bremen,Florian Neuhaus,2023-03-17 19:30:00,0,0,1,0,False,1,0,0.05524490028619766
514599,61,0.02935970015823841,h,2022,Borussia M.Gladbach,Werder Bremen,Florian Neuhaus,2023-03-17 19:30:00,0,0,1,0,False,1,0,0.09595160186290741
514605,72,0.0480692982673645,h,2022,Borussia M.Gladbach,Werder Bremen,Florian Neuhaus,2023-03-17 19:30:00,0,0,0,0,True,1,1,0.12531130202114582
516996,53,0.11969099938869476,a,2022,FC Cologne,Borussia M.Gladbach,Florian Neuhaus,2023-04-02 13:30:00,0,0,0,0,False,0,0,0.0
516998,61,0.04155629873275757,a,2022,FC Cologne,Borussia M.Gladbach,Florian Neuhaus,2023-04-02 13:30:00,0,0,0,0,False,0,0,0.11969099938869476
517002,79,0.10395000129938126,a,2022,FC Cologne,Borussia M.Gladbach,Florian Neuhaus,2023-04-02 13:30:00,0,0,0,0,False,0,0,0.16124729812145233
518667,66,0.11019899696111679,h,2022,Borussia M.Gladbach,Wolfsburg,Florian Neuhaus,2023-04-09 13:30:00,0,0,0,0,False,2,0,0.0
519694,8,0.046634599566459656,a,2022,Eintracht Frankfurt,Borussia M.Gladbach,Florian Neuhaus,2023-04-15 16:30:00,0,0,0,0,False,0,0,0.0
522707,31,0.02068960852921009,a,2022,VfB Stuttgart,Borussia M.Gladbach,Florian Neuhaus,2023-04-29 13:30:00,0,0,0,0,False,0,1,0.0
524464,18,0.06640145182609558,h,2022,Borussia M.Gladbach,Bochum,Florian Neuhaus,2023-05-06 13:30:00,0,0,0,0,False,0,0,0.0
524468,28,0.019464511424303055,h,2022,Borussia M.Gladbach,Bochum,Florian Neuhaus,2023-05-06 13:30:00,0,0,0,0,False,0,0,0.06640145182609558
524474,40,0.02026614360511303,h,2022,Borussia M.Gladbach,Bochum,Florian Neuhaus,2023-05-06 13:30:00,0,0,0,0,False,1,0,0.08586596325039864
524488,68,0.02093941532075405,h,2022,Borussia M.Gladbach,Bochum,Florian Neuhaus,2023-05-06 13:30:00,0,0,0,0,False,1,0,0.10613210685551167
526206,35,0.009192905388772488,a,2022,Borussia Dortmund,Borussia M.Gladbach,Florian Neuhaus,2023-05-13 16:30:00,0,0,0,0,False,0,4,0.0
526212,47,0.02001352049410343,a,2022,Borussia Dortmund,Borussia M.Gladbach,Florian Neuhaus,2023-05-13 16:30:00,0,0,0,0,False,0,4,0.009192905388772488
529079,4,0.08853071182966232,h,2022,Borussia M.Gladbach,Augsburg,Florian Neuhaus,2023-05-27 13:30:00,0,0,0,0,False,1,0,0.0
479772,74,0.015125200152397156,a,2022,VfB Stuttgart,RasenBallsport Leipzig,David Raum,2022-08-07 13:30:00,0,0,0,0,False,1,1,0.0
487417,24,0.055225301533937454,h,2022,RasenBallsport Leipzig,Borussia Dortmund,David Raum,2022-09-10 13:30:00,0,0,0,0,False,1,0,0.0
487418,34,0.025314800441265106,h,2022,RasenBallsport Leipzig,Borussia Dortmund,David Raum,2022-09-10 13:30:00,0,0,0,0,False,1,0,0.055225301533937454
487431,78,0.02392989955842495,h,2022,RasenBallsport Leipzig,Borussia Dortmund,David Raum,2022-09-10 13:30:00,0,0,0,0,False,2,0,0.08054010197520256
488896,53,0.014408299699425697,a,2022,Borussia M.Gladbach,RasenBallsport Leipzig,David Raum,2022-09-17 16:30:00,0,0,0,0,False,0,3,0.0
493224,29,0.12126100063323975,h,2022,RasenBallsport Leipzig,Hertha Berlin,David Raum,2022-10-15 16:30:00,0,0,0,0,True,1,0,0.0
496332,47,0.015581600368022919,h,2022,RasenBallsport Leipzig,Bayer Leverkusen,David Raum,2022-10-29 13:30:00,0,0,0,0,False,1,0,0.0
497997,80,0.07312530279159546,a,2022,Hoffenheim,RasenBallsport Leipzig,David Raum,2022-11-05 14:30:00,0,0,0,0,False,3,1,0.0
507031,38,0.04326159879565239,a,2022,FC Cologne,RasenBallsport Leipzig,David Raum,2023-02-04 14:30:00,0,0,0,0,False,0,0,0.0
509533,38,0.0786043033003807,a,2022,Wolfsburg,RasenBallsport Leipzig,David Raum,2023-02-18 14:30:00,0,0,0,0,False,1,0,0.0
513421,53,0.019778799265623093,h,2022,RasenBallsport Leipzig,Borussia M.Gladbach,David Raum,2023-03-11 14:30:00,0,0,0,0,False,0,0,0.0
518316,68,0.0670304000377655,a,2022,Hertha Berlin,RasenBallsport Leipzig,David Raum,2023-04-08 16:30:00,0,0,0,0,False,1,0,0.0
522594,25,0.0733739361166954,h,2022,RasenBallsport Leipzig,Hoffenheim,David Raum,2023-04-29 13:30:00,0,0,0,0,False,0,0,0.0
528931,66,0.01886747032403946,h,2022,RasenBallsport Leipzig,Schalke 04,David Raum,2023-05-27 13:30:00,0,0,0,0,False,2,1,0.0
479129,44,0.027987899258732796,h,2022,Union Berlin,Hertha Berlin,Diogo Leite,2022-08-06 13:30:00,0,0,0,0,False,1,0,0.0
488026,57,0.071595199406147,a,2022,FC Cologne,Union Berlin,Diogo Leite,2022-09-11 13:30:00,0,0,0,0,False,0,0,0.0
489389,17,0.10892199724912643,h,2022,Union Berlin,Wolfsburg,Diogo Leite,2022-09-18 13:30:00,0,0,0,0,False,0,0,0.0
497280,92,0.06920070201158524,h,2022,Union Berlin,Borussia M.Gladbach,Diogo Leite,2022-10-30 14:30:00,0,0,0,0,False,1,1,0.0
498732,39,0.011442500166594982,a,2022,Bayer Leverkusen,Union Berlin,Diogo Leite,2022-11-06 14:30:00,0,0,0,0,False,0,0,0.0
498741,65,0.01641079969704151,a,2022,Bayer Leverkusen,Union Berlin,Diogo Leite,2022-11-06 14:30:00,0,0,0,0,False,0,3,0.011442500166594982
514374,91,0.017637399956583977,a,2022,Wolfsburg,Union Berlin,Diogo Leite,2023-03-12 18:30:00,0,0,0,0,False,1,1,0.0
516244,32,0.011301400139927864,h,2022,Union Berlin,VfB Stuttgart,Diogo Leite,2023-04-01 13:30:00,0,0,0,0,False,0,0,0.0
522617,39,0.06522414088249207,h,2022,Union Berlin,Bayer Leverkusen,Diogo Leite,2023-04-29 13:30:00,0,0,0,0,False,0,0,0.0
525937,9,0.04453568533062935,h,2022,Union Berlin,Freiburg,Diogo Leite,2023-05-13 13:30:00,0,0,0,0,False,1,0,0.0
529106,8,0.09905529767274857,h,2022,Union Berlin,Werder Bremen,Diogo Leite,2023-05-27 13:30:00,0,0,0,0,False,0,0,0.0
506981,50,0.357463002204895,h,2022,Borussia Dortmund,Freiburg,Sébastien Haller,2023-02-04 14:30:00,0,0,0,0,True,2,1,0.0
506984,53,0.1051580011844635,h,2022,Borussia Dortmund,Freiburg,Sébastien Haller,2023-02-04 14:30:00,1,0,0,0,False,3,1,0.357463002204895
506985,54,0.05998289957642555,h,2022,Borussia Dortmund,Freiburg,Sébastien Haller,2023-02-04 14:30:00,1,0,0,0,False,3,1,0.4626210033893585
508278,86,0.35268598794937134,a,2022,Werder Bremen,Borussia Dortmund,Sébastien Haller,2023-02-11 14:30:00,0,0,0,0,False,2,0,0.0
510729,32,0.07747829705476761,a,2022,Hoffenheim,Borussia Dortmund,Sébastien Haller,2023-02-25 14:30:00,0,0,0,0,False,0,0,0.0
510731,33,0.5926290154457092,a,2022,Hoffenheim,Borussia Dortmund,Sébastien Haller,2023-02-25 14:30:00,0,0,0,0,False,0,0,0.07747829705476761
510736,40,0.08179879933595657,a,2022,Hoffenheim,Borussia Dortmund,Sébastien Haller,2023-02-25 14:30:00,0,0,0,0,False,0,0,0.6701073125004768
513714,17,0.12832799553871155,a,2022,Schalke 04,Borussia Dortmund,Sébastien Haller,2023-03-11 17:30:00,0,0,0,0,False,0,0,0.0
515236,16,0.4768249988555908,h,2022,Borussia Dortmund,FC Cologne,Sébastien Haller,2023-03-18 17:30:00,0,0,1,0,True,1,0,0.0
515250,68,0.8481559753417969,h,2022,Borussia Dortmund,FC Cologne,Sébastien Haller,2023-03-18 17:30:00,1,0,0,0,True,4,1,0.4768249988555908
516614,49,0.3605549931526184,a,2022,Bayern Munich,Borussia Dortmund,Sébastien Haller,2023-04-01 16:30:00,0,0,0,0,False,0,2,0.0
517958,35,0.04195670038461685,h,2022,Borussia Dortmund,Union Berlin,Sébastien Haller,2023-04-08 13:30:00,0,0,0,0,False,1,0,0.0
517961,42,0.5133619904518127,h,2022,Borussia Dortmund,Union Berlin,Sébastien Haller,2023-04-08 13:30:00,0,0,0,0,False,1,0,0.04195670038461685
517971,72,0.11313799768686295,h,2022,Borussia Dortmund,Union Berlin,Sébastien Haller,2023-04-08 13:30:00,0,0,0,0,False,1,1,0.5553186908364296
519314,9,0.09756039828062057,a,2022,VfB Stuttgart,Borussia Dortmund,Sébastien Haller,2023-04-15 13:30:00,0,0,1,0,False,0,0,0.0
519318,25,0.33612000942230225,a,2022,VfB Stuttgart,Borussia Dortmund,Sébastien Haller,2023-04-15 13:30:00,0,0,0,0,True,0,0,0.09756039828062057
521055,56,0.030048413202166557,h,2022,Borussia Dortmund,Eintracht Frankfurt,Sébastien Haller,2023-04-22 16:30:00,0,0,0,0,False,3,0,0.0
522459,6,0.5363259315490723,a,2022,Bochum,Borussia Dortmund,Sébastien Haller,2023-04-28 18:30:00,0,0,0,0,False,0,1,0.0
525177,27,0.7282813787460327,h,2022,Borussia Dortmund,Wolfsburg,Sébastien Haller,2023-05-07 15:30:00,0,0,0,0,True,1,0,0.0
525184,52,0.1572870910167694,h,2022,Borussia Dortmund,Wolfsburg,Sébastien Haller,2023-05-07 15:30:00,1,0,0,0,False,3,0,0.7282813787460327
526190,4,0.11234566569328308,h,2022,Borussia Dortmund,Borussia M.Gladbach,Sébastien Haller,2023-05-13 16:30:00,0,0,1,0,False,0,0,0.0
526193,10,0.027948416769504547,h,2022,Borussia Dortmund,Borussia M.Gladbach,Sébastien Haller,2023-05-13 16:30:00,0,0,1,0,False,1,0,0.11234566569328308
526197,15,0.56406569480896,h,2022,Borussia Dortmund,Borussia M.Gladbach,Sébastien Haller,2023-05-13 16:30:00,0,0,1,0,False,1,0,0.14029408246278763
526199,19,0.6070721745491028,h,2022,Borussia Dortmund,Borussia M.Gladbach,Sébastien Haller,2023-05-13 16:30:00,0,0,1,0,True,2,0,0.7043597772717476
526203,31,0.12613555788993835,h,2022,Borussia Dortmund,Borussia M.Gladbach,Sébastien Haller,2023-05-13 16:30:00,1,0,0,0,True,3,0,1.3114319518208504
528146,10,0.06693793088197708,a,2022,Augsburg,Borussia Dortmund,Sébastien Haller,2023-05-21 15:30:00,0,0,1,0,False,0,0,0.0
528148,19,0.11436130851507187,a,2022,Augsburg,Borussia Dortmund,Sébastien Haller,2023-05-21 15:30:00,0,0,1,0,False,0,0,0.06693793088197708
528166,57,0.31487083435058594,a,2022,Augsburg,Borussia Dortmund,Sébastien Haller,2023-05-21 15:30:00,0,0,1,0,True,0,0,0.18129923939704895
528170,81,0.05973000451922417,a,2022,Augsburg,Borussia Dortmund,Sébastien Haller,2023-05-21 15:30:00,1,0,1,0,False,1,0,0.4961700737476349
528173,83,0.6021305918693542,a,2022,Augsburg,Borussia Dortmund,Sébastien Haller,2023-05-21 15:30:00,1,0,0,0,True,1,0,0.555900078266859
528873,6,0.04843161627650261,h,2022,Borussia Dortmund,Mainz 05,Sébastien Haller,2023-05-27 13:30:00,0,0,0,0,False,0,0,0.0
528877,18,0.75777667760849,h,2022,Borussia Dortmund,Mainz 05,Sébastien Haller,2023-05-27 13:30:00,0,0,0,0,False,0,1,0.04843161627650261
528892,58,0.36625006794929504,h,2022,Borussia Dortmund,Mainz 05,Sébastien Haller,2023-05-27 13:30:00,0,0,0,0,False,0,2,0.8062082938849926
528901,75,0.0484430268406868,h,2022,Borussia Dortmund,Mainz 05,Sébastien Haller,2023-05-27 13:30:00,0,0,0,0,False,1,2,1.1724583618342876
480237,21,0.011328699998557568,a,2022,RasenBallsport Leipzig,FC Cologne,Kingsley Ehizibue,2022-08-13 13:30:00,0,0,0,0,False,0,0,0.0
479164,2,0.07066330313682556,a,2022,Wolfsburg,Werder Bremen,Mitchell Weiser,2022-08-06 13:30:00,0,0,0,0,False,0,0,0.0
484510,37,0.03224660083651543,h,2022,Werder Bremen,Eintracht Frankfurt,Mitchell Weiser,2022-08-28 15:30:00,0,0,0,0,False,2,2,0.0
484518,74,0.022450299933552742,h,2022,Werder Bremen,Eintracht Frankfurt,Mitchell Weiser,2022-08-28 15:30:00,0,0,0,0,False,2,4,0.03224660083651543
485728,19,0.061303701251745224,a,2022,Bochum,Werder Bremen,Mitchell Weiser,2022-09-03 13:30:00,0,0,0,0,False,0,0,0.0
487224,19,0.021670600399374962,h,2022,Werder Bremen,Augsburg,Mitchell Weiser,2022-09-09 18:30:00,0,0,0,0,False,0,0,0.0
487233,58,0.023113099858164787,h,2022,Werder Bremen,Augsburg,Mitchell Weiser,2022-09-09 18:30:00,0,0,0,0,False,0,0,0.021670600399374962
490327,34,0.02534390054643154,h,2022,Werder Bremen,Borussia M.Gladbach,Mitchell Weiser,2022-10-01 16:30:00,0,0,1,0,False,3,0,0.0
490335,58,0.5401660203933716,h,2022,Werder Bremen,Borussia M.Gladbach,Mitchell Weiser,2022-10-01 16:30:00,0,0,1,0,False,3,0,0.02534390054643154
490338,72,0.5270429849624634,h,2022,Werder Bremen,Borussia M.Gladbach,Mitchell Weiser,2022-10-01 16:30:00,0,0,0,0,True,3,1,0.5655099209398031
491292,68,0.0936330035328865,a,2022,Hoffenheim,Werder Bremen,Mitchell Weiser,2022-10-07 18:30:00,0,0,0,0,False,1,1,0.0
491294,79,0.04016619920730591,a,2022,Hoffenheim,Werder Bremen,Mitchell Weiser,2022-10-07 18:30:00,0,0,0,0,False,1,1,0.0936330035328865
496161,40,0.07987180352210999,h,2022,Werder Bremen,Hertha Berlin,Mitchell Weiser,2022-10-28 18:30:00,0,0,0,0,False,0,0,0.0
496167,60,0.08571670204401016,h,2022,Werder Bremen,Hertha Berlin,Mitchell Weiser,2022-10-28 18:30:00,0,0,0,0,False,0,0,0.07987180352210999
496173,81,0.4950540065765381,h,2022,Werder Bremen,Hertha Berlin,Mitchell Weiser,2022-10-28 18:30:00,0,0,0,0,False,0,0,0.16558850556612015
504803,36,0.06840310245752335,a,2022,FC Cologne,Werder Bremen,Mitchell Weiser,2023-01-21 17:30:00,0,0,0,0,False,0,5,0.0
504805,40,0.022767499089241028,a,2022,FC Cologne,Werder Bremen,Mitchell Weiser,2023-01-21 17:30:00,0,0,0,0,False,1,5,0.06840310245752335
505741,32,0.06905189901590347,h,2022,Werder Bremen,Wolfsburg,Mitchell Weiser,2023-01-28 14:30:00,0,0,0,0,False,1,0,0.0
508260,22,0.05141130089759827,h,2022,Werder Bremen,Borussia Dortmund,Mitchell Weiser,2023-02-11 14:30:00,0,0,0,0,False,0,0,0.0
508265,40,0.027567999437451363,h,2022,Werder Bremen,Borussia Dortmund,Mitchell Weiser,2023-02-11 14:30:00,0,0,0,0,False,0,0,0.05141130089759827
514253,54,0.023201899603009224,h,2022,Werder Bremen,Bayer Leverkusen,Mitchell Weiser,2023-03-12 16:30:00,0,0,0,0,False,1,1,0.0
514586,39,0.13098500669002533,a,2022,Borussia M.Gladbach,Werder Bremen,Mitchell Weiser,2023-03-17 19:30:00,0,0,0,0,False,0,0,0.0
517134,73,0.023411400616168976,h,2022,Werder Bremen,Hoffenheim,Mitchell Weiser,2023-04-02 15:30:00,0,0,0,0,False,0,2,0.0
517877,20,0.06210140138864517,a,2022,Mainz 05,Werder Bremen,Mitchell Weiser,2023-04-08 13:30:00,0,0,0,0,False,0,0,0.0
520101,68,0.04300260171294212,h,2022,Werder Bremen,Freiburg,Mitchell Weiser,2023-04-16 13:30:00,0,0,0,0,False,1,1,0.0
520728,19,0.02481745555996895,a,2022,Hertha Berlin,Werder Bremen,Mitchell Weiser,2023-04-22 13:30:00,0,0,1,0,False,1,0,0.0
520743,62,0.44709938764572144,a,2022,Hertha Berlin,Werder Bremen,Mitchell Weiser,2023-04-22 13:30:00,0,0,0,0,True,3,0,0.02481745555996895
522908,47,0.009606038220226765,a,2022,Schalke 04,Werder Bremen,Mitchell Weiser,2023-04-29 16:30:00,0,0,0,0,False,1,0,0.0
524803,57,0.12568937242031097,h,2022,Werder Bremen,Bayern Munich,Mitchell Weiser,2023-05-06 16:30:00,0,0,0,0,False,0,0,0.0
524806,68,0.07174918800592422,h,2022,Werder Bremen,Bayern Munich,Mitchell Weiser,2023-05-06 16:30:00,0,0,0,0,False,0,1,0.12568937242031097
504597,33,0.10802800208330154,a,2022,Eintracht Frankfurt,Schalke 04,Henning Matriciani,2023-01-21 14:30:00,0,0,0,0,False,0,1,0.0
516194,36,0.015551899559795856,h,2022,Schalke 04,Bayer Leverkusen,Henning Matriciani,2023-04-01 13:30:00,0,0,0,0,False,0,0,0.0
528923,46,0.03737521171569824,a,2022,RasenBallsport Leipzig,Schalke 04,Henning Matriciani,2023-05-27 13:30:00,0,0,0,0,False,1,2,0.0
512105,72,0.10239599645137787,a,2022,Mainz 05,Hoffenheim,Finn Becker,2023-03-04 14:30:00,0,0,0,0,False,0,1,0.0
514125,9,0.01975869946181774,a,2022,Freiburg,Hoffenheim,Finn Becker,2023-03-12 14:30:00,0,0,0,0,False,0,1,0.0
518879,7,0.007606499828398228,h,2022,Hoffenheim,Schalke 04,Finn Becker,2023-04-09 17:30:00,0,0,0,0,False,0,0,0.0
518880,19,0.12220200151205063,h,2022,Hoffenheim,Schalke 04,Finn Becker,2023-04-09 17:30:00,0,0,0,0,False,0,0,0.007606499828398228
518886,33,0.052344001829624176,h,2022,Hoffenheim,Schalke 04,Finn Becker,2023-04-09 17:30:00,0,0,0,0,False,0,0,0.12980850134044886
527407,79,0.03662486374378204,h,2022,Hoffenheim,Union Berlin,Finn Becker,2023-05-20 13:30:00,0,0,0,0,False,2,1,0.0
480193,65,0.01806280016899109,a,2022,Hertha Berlin,Eintracht Frankfurt,Christopher Lenz,2022-08-13 13:30:00,0,0,0,0,False,1,1,0.0
486183,40,0.054087501019239426,h,2022,Eintracht Frankfurt,RasenBallsport Leipzig,Christopher Lenz,2022-09-03 16:30:00,0,0,0,0,False,2,0,0.0
493061,61,0.02519039995968342,h,2022,Eintracht Frankfurt,Bayer Leverkusen,Christopher Lenz,2022-10-15 13:30:00,0,0,0,0,False,2,1,0.0
495194,26,0.056491900235414505,a,2022,Borussia M.Gladbach,Eintracht Frankfurt,Christopher Lenz,2022-10-22 16:30:00,0,0,0,0,False,1,0,0.0
495205,89,0.03824469819664955,a,2022,Borussia M.Gladbach,Eintracht Frankfurt,Christopher Lenz,2022-10-22 16:30:00,0,0,0,0,False,3,1,0.056491900235414505
495206,98,0.016016999259591103,a,2022,Borussia M.Gladbach,Eintracht Frankfurt,Christopher Lenz,2022-10-22 16:30:00,0,0,0,0,False,3,1,0.09473659843206406
507058,84,0.04065860062837601,h,2022,Eintracht Frankfurt,Hertha Berlin,Christopher Lenz,2023-02-04 14:30:00,0,0,0,0,False,2,0,0.0
515644,3,0.02728169970214367,a,2022,Union Berlin,Eintracht Frankfurt,Christopher Lenz,2023-03-19 14:30:00,0,0,0,0,False,0,0,0.0
515649,17,0.07080979645252228,a,2022,Union Berlin,Eintracht Frankfurt,Christopher Lenz,2023-03-19 14:30:00,0,0,0,0,False,0,0,0.02728169970214367
519707,67,0.014679599553346634,h,2022,Eintracht Frankfurt,Borussia M.Gladbach,Christopher Lenz,2023-04-15 16:30:00,0,0,0,0,False,0,1,0.0
519710,77,0.057345200330019,h,2022,Eintracht Frankfurt,Borussia M.Gladbach,Christopher Lenz,2023-04-15 16:30:00,0,0,0,0,False,0,1,0.014679599553346634
524595,55,0.0295607540756464,a,2022,Hoffenheim,Eintracht Frankfurt,Christopher Lenz,2023-05-06 13:30:00,0,0,0,0,False,1,3,0.0
479184,93,0.09135960042476654,a,2022,Wolfsburg,Werder Bremen,Nicolai Rapp,2022-08-06 13:30:00,0,0,0,0,False,2,2,0.0
508320,52,0.03516799956560135,a,2022,Bayern Munich,Bochum,Saidy Janko,2023-02-11 14:30:00,0,0,0,0,False,0,1,0.0
478999,15,0.11977999657392502,a,2022,Eintracht Frankfurt,Bayern Munich,Marcel Sabitzer,2022-08-05 18:30:00,0,0,0,0,False,2,0,0.0
481029,30,0.01316170021891594,h,2022,Bayern Munich,Wolfsburg,Marcel Sabitzer,2022-08-14 15:30:00,0,0,0,0,False,0,0,0.0
481037,42,0.05738700181245804,h,2022,Bayern Munich,Wolfsburg,Marcel Sabitzer,2022-08-14 15:30:00,0,0,0,0,False,1,0,0.01316170021891594
481047,63,0.020704399794340134,h,2022,Bayern Munich,Wolfsburg,Marcel Sabitzer,2022-08-14 15:30:00,0,0,0,0,False,2,0,0.07054870203137398
483897,24,0.01373289991170168,h,2022,Bayern Munich,Borussia M.Gladbach,Marcel Sabitzer,2022-08-27 16:30:00,0,0,0,0,False,0,0,0.0
485815,2,0.027358099818229675,a,2022,Union Berlin,Bayern Munich,Marcel Sabitzer,2022-09-03 13:30:00,0,0,0,0,False,0,0,0.0
485836,91,0.0355755016207695,a,2022,Union Berlin,Bayern Munich,Marcel Sabitzer,2022-09-03 13:30:00,0,0,0,0,False,1,1,0.027358099818229675
488637,88,0.020975399762392044,a,2022,Augsburg,Bayern Munich,Marcel Sabitzer,2022-09-17 13:30:00,0,0,0,0,False,0,1,0.0
489720,32,0.042471300810575485,h,2022,Bayern Munich,Bayer Leverkusen,Marcel Sabitzer,2022-09-30 18:30:00,0,0,0,0,False,2,0,0.0
489730,44,0.01684189960360527,h,2022,Bayern Munich,Bayer Leverkusen,Marcel Sabitzer,2022-09-30 18:30:00,0,0,0,0,False,3,0,0.042471300810575485
493970,79,0.44452598690986633,h,2022,Bayern Munich,Freiburg,Marcel Sabitzer,2022-10-16 17:30:00,0,0,0,0,True,4,0,0.0
494891,70,0.11785999685525894,a,2022,Hoffenheim,Bayern Munich,Marcel Sabitzer,2022-10-22 13:30:00,0,0,0,0,False,2,0,0.0
494892,73,0.03313690051436424,a,2022,Hoffenheim,Bayern Munich,Marcel Sabitzer,2022-10-22 13:30:00,0,0,0,0,False,2,0,0.11785999685525894
496446,82,0.05307289958000183,h,2022,Bayern Munich,Mainz 05,Marcel Sabitzer,2022-10-29 13:30:00,0,0,0,0,False,5,2,0.0
499186,79,0.014775900170207024,h,2022,Bayern Munich,Werder Bremen,Marcel Sabitzer,2022-11-08 19:30:00,0,0,0,0,False,4,1,0.0
491550,89,0.5448769927024841,h,2022,Bayer Leverkusen,Schalke 04,Paulinho,2022-10-08 13:30:00,0,0,0,0,True,3,0,0.0
493054,46,0.05206599831581116,a,2022,Eintracht Frankfurt,Bayer Leverkusen,Paulinho,2022-10-15 13:30:00,0,0,0,0,False,0,0,0.0
481054,87,0.029157700017094612,a,2022,Bayern Munich,Wolfsburg,Gian-Luca Waldschmidt,2022-08-14 15:30:00,0,0,0,0,False,0,2,0.0
485771,47,0.042761098593473434,h,2022,Wolfsburg,FC Cologne,Gian-Luca Waldschmidt,2022-09-03 13:30:00,0,0,0,0,False,1,2,0.0
504498,87,0.07528209686279297,h,2022,Wolfsburg,Freiburg,Gian-Luca Waldschmidt,2023-01-21 14:30:00,0,0,1,0,False,5,0,0.0
504499,93,0.7577769756317139,h,2022,Wolfsburg,Freiburg,Gian-Luca Waldschmidt,2023-01-21 14:30:00,0,0,0,0,True,5,0,0.07528209686279297
505356,84,0.14914299547672272,a,2022,Hertha Berlin,Wolfsburg,Gian-Luca Waldschmidt,2023-01-24 19:30:00,0,0,0,0,False,4,0,0.0
516233,79,0.07292880117893219,h,2022,Wolfsburg,Augsburg,Gian-Luca Waldschmidt,2023-04-01 13:30:00,0,0,1,0,False,0,1,0.0
516235,82,0.5363900065422058,h,2022,Wolfsburg,Augsburg,Gian-Luca Waldschmidt,2023-04-01 13:30:00,0,0,0,0,True,0,1,0.07292880117893219
520781,76,0.29426494240760803,a,2022,Bochum,Wolfsburg,Gian-Luca Waldschmidt,2023-04-22 13:30:00,0,0,0,0,True,4,1,0.0
525845,74,0.31359103322029114,h,2022,Wolfsburg,Hoffenheim,Gian-Luca Waldschmidt,2023-05-13 13:30:00,0,0,0,0,True,1,0,0.0
525847,81,0.05646514892578125,h,2022,Wolfsburg,Hoffenheim,Gian-Luca Waldschmidt,2023-05-13 13:30:00,1,0,0,0,False,2,0,0.31359103322029114
527063,93,0.057119954377412796,a,2022,Freiburg,Wolfsburg,Gian-Luca Waldschmidt,2023-05-19 18:30:00,0,0,0,0,False,0,2,0.0
480269,73,0.009424000047147274,a,2022,Werder Bremen,VfB Stuttgart,Pascal Stenzel,2022-08-13 13:30:00,0,0,0,0,False,1,1,0.0
487412,85,0.01677059940993786,a,2022,Bayern Munich,VfB Stuttgart,Pascal Stenzel,2022-09-10 13:30:00,0,0,0,0,False,1,2,0.0
507055,82,0.042789898812770844,a,2022,Eintracht Frankfurt,Hertha Berlin,Tolga Cigerci,2023-02-04 14:30:00,0,0,0,0,False,0,2,0.0
510338,38,0.01054569985717535,a,2022,Borussia Dortmund,Hertha Berlin,Tolga Cigerci,2023-02-19 16:30:00,0,0,0,0,False,0,2,0.0
510706,17,0.010922599583864212,h,2022,Hertha Berlin,Augsburg,Tolga Cigerci,2023-02-25 14:30:00,0,0,0,0,False,0,0,0.0
510711,56,0.017179200425744057,h,2022,Hertha Berlin,Augsburg,Tolga Cigerci,2023-02-25 14:30:00,0,0,0,0,False,0,0,0.010922599583864212
512744,7,0.012241899967193604,a,2022,Bayer Leverkusen,Hertha Berlin,Tolga Cigerci,2023-03-05 14:30:00,0,0,0,0,False,0,0,0.0
513398,37,0.013506700284779072,h,2022,Hertha Berlin,Mainz 05,Tolga Cigerci,2023-03-11 14:30:00,0,0,0,0,False,1,0,0.0
518302,12,0.040384501218795776,h,2022,Hertha Berlin,RasenBallsport Leipzig,Tolga Cigerci,2023-04-08 16:30:00,0,0,0,0,False,0,0,0.0
518309,47,0.015093600377440453,h,2022,Hertha Berlin,RasenBallsport Leipzig,Tolga Cigerci,2023-04-08 16:30:00,0,0,0,0,False,0,1,0.040384501218795776
520733,32,0.030064690858125687,h,2022,Hertha Berlin,Werder Bremen,Tolga Cigerci,2023-04-22 13:30:00,0,0,0,0,False,0,2,0.0
479137,70,0.03227809816598892,a,2022,Union Berlin,Hertha Berlin,Chidera Ejuke,2022-08-06 13:30:00,0,0,0,0,False,0,3,0.0
479139,75,0.01609569974243641,a,2022,Union Berlin,Hertha Berlin,Chidera Ejuke,2022-08-06 13:30:00,0,0,0,0,False,0,3,0.03227809816598892
480177,15,0.08630920201539993,h,2022,Hertha Berlin,Eintracht Frankfurt,Chidera Ejuke,2022-08-13 13:30:00,0,0,0,0,False,1,0,0.0
480181,29,0.03560579940676689,h,2022,Hertha Berlin,Eintracht Frankfurt,Chidera Ejuke,2022-08-13 13:30:00,0,0,0,0,False,1,0,0.08630920201539993
481525,5,0.03940960019826889,a,2022,Borussia M.Gladbach,Hertha Berlin,Chidera Ejuke,2022-08-19 18:30:00,0,0,0,0,False,0,0,0.0
481532,20,0.14597100019454956,a,2022,Borussia M.Gladbach,Hertha Berlin,Chidera Ejuke,2022-08-19 18:30:00,0,0,0,0,False,0,0,0.03940960019826889
483480,59,0.032135799527168274,h,2022,Hertha Berlin,Borussia Dortmund,Chidera Ejuke,2022-08-27 13:30:00,0,0,0,0,False,0,1,0.0
483487,72,0.020692700520157814,h,2022,Hertha Berlin,Borussia Dortmund,Chidera Ejuke,2022-08-27 13:30:00,0,0,0,0,False,0,1,0.032135799527168274
486585,34,0.03864169865846634,a,2022,Augsburg,Hertha Berlin,Chidera Ejuke,2022-09-04 13:30:00,0,0,0,0,False,0,0,0.0
487485,18,0.03456269949674606,h,2022,Hertha Berlin,Bayer Leverkusen,Chidera Ejuke,2022-09-10 13:30:00,0,0,0,0,False,0,0,0.0
487493,46,0.06284429877996445,h,2022,Hertha Berlin,Bayer Leverkusen,Chidera Ejuke,2022-09-10 13:30:00,0,0,0,0,False,0,0,0.03456269949674606
488355,27,0.017495200037956238,a,2022,Mainz 05,Hertha Berlin,Chidera Ejuke,2022-09-16 18:30:00,0,0,0,0,False,0,0,0.0
488357,40,0.08496390283107758,a,2022,Mainz 05,Hertha Berlin,Chidera Ejuke,2022-09-16 18:30:00,0,0,0,0,False,1,0,0.017495200037956238
490841,47,0.022401100024580956,h,2022,Hertha Berlin,Hoffenheim,Chidera Ejuke,2022-10-02 13:30:00,0,0,0,0,False,1,1,0.0
492596,37,0.05781979858875275,h,2022,Hertha Berlin,Freiburg,Chidera Ejuke,2022-10-09 15:30:00,0,0,0,0,False,1,1,0.0
493241,80,0.490788996219635,a,2022,RasenBallsport Leipzig,Hertha Berlin,Chidera Ejuke,2022-10-15 16:30:00,0,0,0,0,False,2,3,0.0
496169,75,0.028707899153232574,a,2022,Werder Bremen,Hertha Berlin,Chidera Ejuke,2022-10-28 18:30:00,0,0,0,0,False,0,0,0.0
496172,78,0.029133299365639687,a,2022,Werder Bremen,Hertha Berlin,Chidera Ejuke,2022-10-28 18:30:00,0,0,0,0,False,0,0,0.028707899153232574
499213,66,0.05364369973540306,a,2022,VfB Stuttgart,Hertha Berlin,Chidera Ejuke,2022-11-08 19:30:00,0,0,0,0,False,1,1,0.0
499216,83,0.08353179693222046,a,2022,VfB Stuttgart,Hertha Berlin,Chidera Ejuke,2022-11-08 19:30:00,0,0,0,0,False,1,1,0.05364369973540306
500016,88,0.04960070177912712,h,2022,Hertha Berlin,FC Cologne,Chidera Ejuke,2022-11-12 14:30:00,0,0,0,0,False,2,0,0.0
520752,87,0.011103522032499313,h,2022,Hertha Berlin,Werder Bremen,Chidera Ejuke,2023-04-22 13:30:00,0,0,0,0,False,2,4,0.0
527383,73,0.014652295038104057,h,2022,Hertha Berlin,Bochum,Chidera Ejuke,2023-05-20 13:30:00,0,0,0,0,False,1,0,0.0
527387,89,0.0208867359906435,h,2022,Hertha Berlin,Bochum,Chidera Ejuke,2023-05-20 13:30:00,0,0,0,0,False,1,0,0.014652295038104057
480059,76,0.017895899713039398,a,2022,Freiburg,Borussia Dortmund,Jamie Bynoe-Gittens,2022-08-12 18:30:00,0,0,0,0,True,0,1,0.0
480061,82,0.11824099719524384,a,2022,Freiburg,Borussia Dortmund,Jamie Bynoe-Gittens,2022-08-12 18:30:00,1,0,0,0,False,1,1,0.017895899713039398
483496,85,0.10202900320291519,a,2022,Hertha Berlin,Borussia Dortmund,Jamie Bynoe-Gittens,2022-08-27 13:30:00,0,0,0,0,False,1,0,0.0
485547,21,0.5569909811019897,h,2022,Borussia Dortmund,Hoffenheim,Jamie Bynoe-Gittens,2022-09-02 18:30:00,0,0,0,0,False,1,0,0.0
505007,74,0.026379000395536423,h,2022,Borussia Dortmund,Augsburg,Jamie Bynoe-Gittens,2023-01-22 14:30:00,0,0,0,0,True,2,2,0.0
505012,86,0.08781850337982178,h,2022,Borussia Dortmund,Augsburg,Jamie Bynoe-Gittens,2023-01-22 14:30:00,1,0,0,0,False,4,3,0.026379000395536423
505443,67,0.08694980293512344,a,2022,Mainz 05,Borussia Dortmund,Jamie Bynoe-Gittens,2023-01-25 17:30:00,0,0,0,0,False,1,1,0.0
506988,62,0.015285800211131573,h,2022,Borussia Dortmund,Freiburg,Jamie Bynoe-Gittens,2023-02-04 14:30:00,0,0,0,0,False,3,1,0.0
506994,73,0.03186609968543053,h,2022,Borussia Dortmund,Freiburg,Jamie Bynoe-Gittens,2023-02-04 14:30:00,0,0,0,0,False,4,1,0.015285800211131573
506993,73,0.06700090318918228,h,2022,Borussia Dortmund,Freiburg,Jamie Bynoe-Gittens,2023-02-04 14:30:00,0,0,0,0,False,4,1,0.0471518998965621
506997,81,0.23726700246334076,h,2022,Borussia Dortmund,Freiburg,Jamie Bynoe-Gittens,2023-02-04 14:30:00,0,0,0,0,False,4,1,0.11415280308574438
508271,66,0.0765015035867691,a,2022,Werder Bremen,Borussia Dortmund,Jamie Bynoe-Gittens,2023-02-11 14:30:00,0,0,0,0,True,0,0,0.0
508280,88,0.04252440109848976,a,2022,Werder Bremen,Borussia Dortmund,Jamie Bynoe-Gittens,2023-02-11 14:30:00,1,0,0,0,False,2,0,0.0765015035867691
508281,94,0.06756950169801712,a,2022,Werder Bremen,Borussia Dortmund,Jamie Bynoe-Gittens,2023-02-11 14:30:00,1,0,0,0,False,2,0,0.11902590468525887
510340,47,0.03441710025072098,h,2022,Borussia Dortmund,Hertha Berlin,Jamie Bynoe-Gittens,2023-02-19 16:30:00,0,0,0,0,False,2,1,0.0
510343,64,0.0924983024597168,h,2022,Borussia Dortmund,Hertha Berlin,Jamie Bynoe-Gittens,2023-02-19 16:30:00,0,0,0,0,False,2,1,0.03441710025072098
510723,3,0.10448099672794342,a,2022,Hoffenheim,Borussia Dortmund,Jamie Bynoe-Gittens,2023-02-25 14:30:00,0,0,0,0,False,0,0,0.0
510740,47,0.05576629936695099,a,2022,Hoffenheim,Borussia Dortmund,Jamie Bynoe-Gittens,2023-02-25 14:30:00,0,0,0,0,False,1,0,0.10448099672794342
513713,10,0.028232000768184662,a,2022,Schalke 04,Borussia Dortmund,Jamie Bynoe-Gittens,2023-03-11 17:30:00,0,0,0,0,False,0,0,0.0
513725,47,0.010489500127732754,a,2022,Schalke 04,Borussia Dortmund,Jamie Bynoe-Gittens,2023-03-11 17:30:00,0,0,0,0,False,1,0,0.028232000768184662
513729,64,0.3288710117340088,a,2022,Schalke 04,Borussia Dortmund,Jamie Bynoe-Gittens,2023-03-11 17:30:00,0,0,0,0,False,2,1,0.038721500895917416
517974,89,0.12457499653100967,h,2022,Borussia Dortmund,Union Berlin,Jamie Bynoe-Gittens,2023-04-08 13:30:00,0,0,0,0,False,2,1,0.0
519331,72,0.19957099854946136,a,2022,VfB Stuttgart,Borussia Dortmund,Jamie Bynoe-Gittens,2023-04-15 13:30:00,0,0,0,0,False,2,0,0.0
519337,91,0.06814820319414139,a,2022,VfB Stuttgart,Borussia Dortmund,Jamie Bynoe-Gittens,2023-04-15 13:30:00,0,0,0,0,False,2,2,0.19957099854946136
481049,69,0.033502399921417236,a,2022,Bayern Munich,Wolfsburg,Max Kruse,2022-08-14 15:30:00,0,0,0,0,False,0,2,0.0
481781,61,0.07009000331163406,h,2022,Wolfsburg,Schalke 04,Max Kruse,2022-08-20 13:30:00,0,0,0,0,False,0,0,0.0
481790,88,0.04737960174679756,h,2022,Wolfsburg,Schalke 04,Max Kruse,2022-08-20 13:30:00,0,0,0,0,False,0,0,0.07009000331163406
483571,57,0.03450949862599373,a,2022,RasenBallsport Leipzig,Wolfsburg,Max Kruse,2022-08-27 13:30:00,0,0,0,0,False,0,1,0.0
483579,83,0.12849800288677216,a,2022,RasenBallsport Leipzig,Wolfsburg,Max Kruse,2022-08-27 13:30:00,0,0,0,0,False,0,1,0.03450949862599373
483580,83,0.1070370003581047,a,2022,RasenBallsport Leipzig,Wolfsburg,Max Kruse,2022-08-27 13:30:00,0,0,0,0,False,0,1,0.16300750151276588
485763,10,0.11276400089263916,h,2022,Wolfsburg,FC Cologne,Max Kruse,2022-09-03 13:30:00,0,0,0,0,False,1,0,0.0
485766,26,0.03910300135612488,h,2022,Wolfsburg,FC Cologne,Max Kruse,2022-09-03 13:30:00,0,0,0,0,False,1,1,0.11276400089263916
485784,77,0.02894889935851097,h,2022,Wolfsburg,FC Cologne,Max Kruse,2022-09-03 13:30:00,0,0,0,0,False,1,2,0.15186700224876404
507047,42,0.02157769910991192,h,2022,Eintracht Frankfurt,Hertha Berlin,Philipp Max,2023-02-04 14:30:00,0,0,0,0,False,2,0,0.0
509058,73,0.019918400794267654,a,2022,FC Cologne,Eintracht Frankfurt,Philipp Max,2023-02-12 16:30:00,0,0,0,0,False,0,2,0.0
510763,34,0.15085799992084503,a,2022,RasenBallsport Leipzig,Eintracht Frankfurt,Philipp Max,2023-02-25 14:30:00,0,0,0,0,False,0,1,0.0
513377,45,0.02007089927792549,h,2022,Eintracht Frankfurt,VfB Stuttgart,Philipp Max,2023-03-11 14:30:00,0,0,0,0,False,0,0,0.0
513381,60,0.06664679944515228,h,2022,Eintracht Frankfurt,VfB Stuttgart,Philipp Max,2023-03-11 14:30:00,0,0,0,0,False,1,0,0.02007089927792549
515975,23,0.06742209941148758,h,2022,Eintracht Frankfurt,Bochum,Philipp Max,2023-03-31 19:30:00,0,0,0,0,False,1,1,0.0
515983,61,0.06560230255126953,h,2022,Eintracht Frankfurt,Bochum,Philipp Max,2023-03-31 19:30:00,0,0,0,0,False,1,1,0.06742209941148758
517931,12,0.06830230355262756,a,2022,Bayer Leverkusen,Eintracht Frankfurt,Philipp Max,2023-04-08 13:30:00,0,0,0,0,False,0,1,0.0
517934,20,0.044601500034332275,a,2022,Bayer Leverkusen,Eintracht Frankfurt,Philipp Max,2023-04-08 13:30:00,0,0,0,0,False,0,1,0.06830230355262756
489473,14,0.09307540208101273,a,2022,Bochum,FC Cologne,Nikola Soldo,2022-09-18 15:30:00,0,0,0,0,False,0,0,0.0
489493,93,0.37784698605537415,a,2022,Bochum,FC Cologne,Nikola Soldo,2022-09-18 15:30:00,0,0,0,0,False,1,0,0.09307540208101273
497473,15,0.08941169828176498,h,2022,FC Cologne,Hoffenheim,Nikola Soldo,2022-10-30 18:30:00,0,0,0,0,False,1,0,0.0
499282,49,0.025285400450229645,h,2022,FC Cologne,Bayer Leverkusen,Nikola Soldo,2022-11-09 17:30:00,0,0,0,0,False,1,0,0.0
499292,76,0.01137479953467846,h,2022,FC Cologne,Bayer Leverkusen,Nikola Soldo,2022-11-09 17:30:00,0,0,0,0,False,1,2,0.025285400450229645
499294,93,0.08503740280866623,h,2022,FC Cologne,Bayer Leverkusen,Nikola Soldo,2022-11-09 17:30:00,0,0,0,0,False,1,2,0.036660199984908104
518901,86,0.054873500019311905,a,2022,Hoffenheim,Schalke 04,Keke Maximilian Topp,2023-04-09 17:30:00,0,0,0,0,False,0,1,0.0
479223,38,0.0812515988945961,h,2022,Augsburg,Freiburg,Arne Maier,2022-08-06 13:30:00,0,0,0,0,False,0,0,0.0
479224,46,0.05057999864220619,h,2022,Augsburg,Freiburg,Arne Maier,2022-08-06 13:30:00,0,0,0,0,False,0,1,0.0812515988945961
479236,67,0.0510420985519886,h,2022,Augsburg,Freiburg,Arne Maier,2022-08-06 13:30:00,0,0,0,0,False,0,3,0.1318315975368023
481748,18,0.04641849920153618,h,2022,Augsburg,Mainz 05,Arne Maier,2022-08-20 13:30:00,0,0,0,0,False,0,0,0.0
481751,37,0.020001700147986412,h,2022,Augsburg,Mainz 05,Arne Maier,2022-08-20 13:30:00,0,0,0,0,False,1,1,0.04641849920153618
483516,44,0.01612119935452938,a,2022,Hoffenheim,Augsburg,Arne Maier,2022-08-27 13:30:00,0,0,0,0,False,0,1,0.0
483519,55,0.03525979816913605,a,2022,Hoffenheim,Augsburg,Arne Maier,2022-08-27 13:30:00,0,0,0,0,False,0,1,0.01612119935452938
486587,42,0.01303580030798912,h,2022,Augsburg,Hertha Berlin,Arne Maier,2022-09-04 13:30:00,0,0,0,0,False,0,0,0.0
499490,88,0.03987260162830353,a,2022,Union Berlin,Augsburg,Arne Maier,2022-11-09 19:30:00,0,0,0,0,False,2,2,0.0
504994,39,0.2368219941854477,a,2022,Borussia Dortmund,Augsburg,Arne Maier,2023-01-22 14:30:00,0,0,0,0,True,0,1,0.0
505490,5,0.08133289963006973,h,2022,Augsburg,Borussia M.Gladbach,Arne Maier,2023-01-25 19:30:00,0,0,0,0,False,0,0,0.0
505505,50,0.06213440001010895,h,2022,Augsburg,Borussia M.Gladbach,Arne Maier,2023-01-25 19:30:00,0,0,0,0,False,0,0,0.08133289963006973
506821,64,0.09969320148229599,h,2022,Augsburg,Bayer Leverkusen,Arne Maier,2023-02-03 19:30:00,0,0,0,0,False,1,0,0.0
508241,44,0.04270410165190697,a,2022,Mainz 05,Augsburg,Arne Maier,2023-02-11 14:30:00,0,0,0,0,False,1,2,0.0
510710,47,0.023183299228549004,a,2022,Hertha Berlin,Augsburg,Arne Maier,2023-02-25 14:30:00,0,0,0,0,False,0,0,0.0
512032,45,0.06643790006637573,h,2022,Augsburg,Werder Bremen,Arne Maier,2023-03-04 14:30:00,0,0,0,0,True,1,1,0.0
513440,31,0.0591357983648777,a,2022,Bayern Munich,Augsburg,Arne Maier,2023-03-11 14:30:00,0,0,0,0,False,1,2,0.0
513453,57,0.015877699479460716,a,2022,Bayern Munich,Augsburg,Arne Maier,2023-03-11 14:30:00,0,0,0,0,False,1,4,0.0591357983648777
514870,50,0.23191499710083008,h,2022,Augsburg,Schalke 04,Arne Maier,2023-03-18 14:30:00,0,0,0,0,True,0,0,0.0
517856,28,0.02587530016899109,h,2022,Augsburg,FC Cologne,Arne Maier,2023-04-08 13:30:00,0,0,0,0,False,0,2,0.0
517861,36,0.019656600430607796,h,2022,Augsburg,FC Cologne,Arne Maier,2023-04-08 13:30:00,0,0,0,0,False,1,2,0.02587530016899109
519264,4,0.3091279864311218,a,2022,RasenBallsport Leipzig,Augsburg,Arne Maier,2023-04-15 13:30:00,0,0,0,0,True,0,0,0.0
520472,45,0.05024996027350426,h,2022,Augsburg,VfB Stuttgart,Arne Maier,2023-04-21 18:30:00,0,0,0,0,False,1,0,0.0
522629,9,0.05272098630666733,a,2022,Eintracht Frankfurt,Augsburg,Arne Maier,2023-04-29 13:30:00,0,0,0,0,False,0,0,0.0
524554,3,0.019740357995033264,h,2022,Augsburg,Union Berlin,Arne Maier,2023-05-06 13:30:00,0,0,0,0,False,0,0,0.0
524570,68,0.05399511754512787,h,2022,Augsburg,Union Berlin,Arne Maier,2023-05-06 13:30:00,0,0,0,0,False,1,0,0.019740357995033264
525811,13,0.023895755410194397,a,2022,Bochum,Augsburg,Arne Maier,2023-05-13 13:30:00,0,0,1,0,False,0,1,0.0
525813,28,0.07941395789384842,a,2022,Bochum,Augsburg,Arne Maier,2023-05-13 13:30:00,0,0,0,0,True,0,1,0.023895755410194397
481693,57,0.05358549952507019,h,2022,Bayer Leverkusen,Hoffenheim,Kerem Demirbay,2022-08-20 13:30:00,0,0,0,0,False,0,2,0.0
481697,84,0.051888901740312576,h,2022,Bayer Leverkusen,Hoffenheim,Kerem Demirbay,2022-08-20 13:30:00,0,0,0,0,False,0,3,0.05358549952507019
481699,90,0.021723700687289238,h,2022,Bayer Leverkusen,Hoffenheim,Kerem Demirbay,2022-08-20 13:30:00,0,0,0,0,False,0,3,0.10547440126538277
483544,49,0.04263250157237053,a,2022,Mainz 05,Bayer Leverkusen,Kerem Demirbay,2022-08-27 13:30:00,0,0,0,0,False,3,0,0.0
485841,15,0.6160849928855896,h,2022,Bayer Leverkusen,Freiburg,Kerem Demirbay,2022-09-03 13:30:00,0,0,0,0,True,0,0,0.0
487487,22,0.02085370011627674,a,2022,Hertha Berlin,Bayer Leverkusen,Kerem Demirbay,2022-09-10 13:30:00,0,0,1,0,False,0,0,0.0
487492,40,0.3037460148334503,a,2022,Hertha Berlin,Bayer Leverkusen,Kerem Demirbay,2022-09-10 13:30:00,0,0,1,0,False,0,0,0.02085370011627674
487494,48,0.06963670253753662,a,2022,Hertha Berlin,Bayer Leverkusen,Kerem Demirbay,2022-09-10 13:30:00,0,0,0,0,True,0,0,0.32459971494972706
488714,56,0.04873960092663765,h,2022,Bayer Leverkusen,Werder Bremen,Kerem Demirbay,2022-09-17 13:30:00,0,0,0,0,True,0,0,0.0
494968,12,0.023624200373888016,h,2022,Bayer Leverkusen,Wolfsburg,Kerem Demirbay,2022-10-22 13:30:00,0,0,0,0,False,0,0,0.0
494966,12,0.01843539997935295,h,2022,Bayer Leverkusen,Wolfsburg,Kerem Demirbay,2022-10-22 13:30:00,0,0,0,0,False,0,0,0.023624200373888016
498730,32,0.015500499866902828,h,2022,Bayer Leverkusen,Union Berlin,Kerem Demirbay,2022-11-06 14:30:00,0,0,0,0,False,0,0,0.0
500077,22,0.026796599850058556,h,2022,Bayer Leverkusen,VfB Stuttgart,Kerem Demirbay,2022-11-12 14:30:00,0,0,0,0,False,0,0,0.0
500083,43,0.06582929939031601,h,2022,Bayer Leverkusen,VfB Stuttgart,Kerem Demirbay,2022-11-12 14:30:00,0,0,0,0,False,1,0,0.026796599850058556
506310,81,0.007405969779938459,h,2022,Bayer Leverkusen,Borussia Dortmund,Kerem Demirbay,2023-01-29 16:30:00,0,0,0,0,False,0,1,0.0
506825,90,0.02721099928021431,a,2022,Augsburg,Bayer Leverkusen,Kerem Demirbay,2023-02-03 19:30:00,0,0,0,0,False,0,1,0.0
508296,61,0.017952200025320053,a,2022,Hoffenheim,Bayer Leverkusen,Kerem Demirbay,2023-02-11 14:30:00,0,0,0,0,False,3,0,0.0
510435,19,0.0634021982550621,h,2022,Bayer Leverkusen,Mainz 05,Kerem Demirbay,2023-02-19 18:30:00,0,0,0,0,False,0,0,0.0
510444,43,0.023273099213838577,h,2022,Bayer Leverkusen,Mainz 05,Kerem Demirbay,2023-02-19 18:30:00,0,0,0,0,False,1,1,0.0634021982550621
510449,56,0.1055079996585846,h,2022,Bayer Leverkusen,Mainz 05,Kerem Demirbay,2023-02-19 18:30:00,0,0,0,0,False,1,2,0.08667529746890068
510447,56,0.01596199907362461,h,2022,Bayer Leverkusen,Mainz 05,Kerem Demirbay,2023-02-19 18:30:00,0,0,0,0,False,1,2,0.19218329712748528
511372,19,0.015705900266766548,a,2022,Freiburg,Bayer Leverkusen,Kerem Demirbay,2023-02-26 14:30:00,0,0,0,0,False,0,0,0.0
511375,38,0.012715999968349934,a,2022,Freiburg,Bayer Leverkusen,Kerem Demirbay,2023-02-26 14:30:00,0,0,0,0,False,0,1,0.015705900266766548
511378,46,0.0336638018488884,a,2022,Freiburg,Bayer Leverkusen,Kerem Demirbay,2023-02-26 14:30:00,0,0,0,0,False,0,1,0.028421900235116482
511379,48,0.04960929974913597,a,2022,Freiburg,Bayer Leverkusen,Kerem Demirbay,2023-02-26 14:30:00,0,0,0,0,False,0,1,0.06208570208400488
511394,91,0.04775010049343109,a,2022,Freiburg,Bayer Leverkusen,Kerem Demirbay,2023-02-26 14:30:00,0,0,0,0,False,1,1,0.11169500183314085
515751,34,0.01628890074789524,h,2022,Bayer Leverkusen,Bayern Munich,Kerem Demirbay,2023-03-19 16:30:00,0,0,0,0,False,0,1,0.0
515756,64,0.0392117016017437,h,2022,Bayer Leverkusen,Bayern Munich,Kerem Demirbay,2023-03-19 16:30:00,0,0,0,0,False,1,1,0.01628890074789524
520304,40,0.015294600278139114,a,2022,Wolfsburg,Bayer Leverkusen,Kerem Demirbay,2023-04-16 17:30:00,0,0,0,0,False,0,0,0.0
520314,68,0.025601200759410858,a,2022,Wolfsburg,Bayer Leverkusen,Kerem Demirbay,2023-04-16 17:30:00,0,0,0,0,False,0,0,0.015294600278139114
528250,19,0.5922426581382751,h,2022,Bayer Leverkusen,Borussia M.Gladbach,Kerem Demirbay,2023-05-21 17:30:00,0,0,0,0,True,1,0,0.0
479222,37,0.06045079976320267,h,2022,Augsburg,Freiburg,Ermedin Demirovic,2022-08-06 13:30:00,0,0,0,0,False,0,0,0.0
480280,29,0.07100380212068558,a,2022,Bayer Leverkusen,Augsburg,Ermedin Demirovic,2022-08-13 13:30:00,0,0,0,0,False,1,0,0.0
480290,50,0.03821190074086189,a,2022,Bayer Leverkusen,Augsburg,Ermedin Demirovic,2022-08-13 13:30:00,0,0,0,0,False,1,1,0.07100380212068558
481750,34,0.11441300064325333,h,2022,Augsburg,Mainz 05,Ermedin Demirovic,2022-08-20 13:30:00,0,0,0,0,True,0,1,0.0
483502,10,0.07332310080528259,a,2022,Hoffenheim,Augsburg,Ermedin Demirovic,2022-08-27 13:30:00,0,0,0,0,False,0,0,0.0
483503,12,0.06913179904222488,a,2022,Hoffenheim,Augsburg,Ermedin Demirovic,2022-08-27 13:30:00,0,0,0,0,False,0,0,0.07332310080528259
487219,0,0.01199019979685545,a,2022,Werder Bremen,Augsburg,Ermedin Demirovic,2022-09-09 18:30:00,0,0,1,0,False,0,0,0.0
487229,43,0.04431530088186264,a,2022,Werder Bremen,Augsburg,Ermedin Demirovic,2022-09-09 18:30:00,0,0,1,0,False,0,0,0.01199019979685545
487236,62,0.6069309711456299,a,2022,Werder Bremen,Augsburg,Ermedin Demirovic,2022-09-09 18:30:00,0,0,0,0,True,0,0,0.05630550067871809
490893,8,0.052803799510002136,a,2022,Schalke 04,Augsburg,Ermedin Demirovic,2022-10-02 15:30:00,0,0,1,0,True,0,0,0.0
490898,20,0.3589569926261902,a,2022,Schalke 04,Augsburg,Ermedin Demirovic,2022-10-02 15:30:00,1,0,0,0,True,1,0,0.052803799510002136
490910,66,0.05050240084528923,a,2022,Schalke 04,Augsburg,Ermedin Demirovic,2022-10-02 15:30:00,1,0,0,0,False,2,2,0.4117607921361923
491488,12,0.7044849991798401,h,2022,Augsburg,Wolfsburg,Ermedin Demirovic,2022-10-08 13:30:00,0,0,0,0,False,0,0,0.0
491489,13,0.014378899708390236,h,2022,Augsburg,Wolfsburg,Ermedin Demirovic,2022-10-08 13:30:00,0,0,0,0,False,0,0,0.7044849991798401
491490,15,0.01930209994316101,h,2022,Augsburg,Wolfsburg,Ermedin Demirovic,2022-10-08 13:30:00,0,0,0,0,False,0,0,0.7188638988882303
491511,82,0.05219719931483269,h,2022,Augsburg,Wolfsburg,Ermedin Demirovic,2022-10-08 13:30:00,0,0,0,0,False,1,1,0.7381659988313913
494843,9,0.027907200157642365,h,2022,Augsburg,RasenBallsport Leipzig,Ermedin Demirovic,2022-10-22 13:30:00,0,0,1,0,False,0,0,0.0
494846,29,0.012707100249826908,h,2022,Augsburg,RasenBallsport Leipzig,Ermedin Demirovic,2022-10-22 13:30:00,0,0,1,0,False,0,0,0.027907200157642365
494848,40,0.5255740284919739,h,2022,Augsburg,RasenBallsport Leipzig,Ermedin Demirovic,2022-10-22 13:30:00,0,0,1,0,False,1,0,0.04061430040746927
494850,50,0.3856489956378937,h,2022,Augsburg,RasenBallsport Leipzig,Ermedin Demirovic,2022-10-22 13:30:00,0,0,0,0,True,1,0,0.5661883288994431
494851,51,0.0916806012392044,h,2022,Augsburg,RasenBallsport Leipzig,Ermedin Demirovic,2022-10-22 13:30:00,1,0,0,0,False,2,0,0.9518373245373368
496389,58,0.014907999895513058,a,2022,VfB Stuttgart,Augsburg,Ermedin Demirovic,2022-10-29 13:30:00,0,0,0,0,False,1,1,0.0
496392,67,0.07956530153751373,a,2022,VfB Stuttgart,Augsburg,Ermedin Demirovic,2022-10-29 13:30:00,0,0,0,0,False,1,1,0.014907999895513058
497959,41,0.5418310165405273,h,2022,Augsburg,Eintracht Frankfurt,Ermedin Demirovic,2022-11-05 14:30:00,0,0,0,0,False,1,1,0.0
497966,74,0.129394993185997,h,2022,Augsburg,Eintracht Frankfurt,Ermedin Demirovic,2022-11-05 14:30:00,0,0,0,0,False,1,2,0.5418310165405273
497970,80,0.054162099957466125,h,2022,Augsburg,Eintracht Frankfurt,Ermedin Demirovic,2022-11-05 14:30:00,0,0,0,0,False,1,2,0.6712260097265244
497972,86,0.05534780025482178,h,2022,Augsburg,Eintracht Frankfurt,Ermedin Demirovic,2022-11-05 14:30:00,0,0,0,0,False,1,2,0.7253881096839905
499479,37,0.01781650073826313,a,2022,Union Berlin,Augsburg,Ermedin Demirovic,2022-11-09 19:30:00,0,0,0,0,False,1,2,0.0
500018,2,0.05783339962363243,h,2022,Augsburg,Bochum,Ermedin Demirovic,2022-11-12 14:30:00,0,0,0,0,False,0,0,0.0
500021,14,0.09746669977903366,h,2022,Augsburg,Bochum,Ermedin Demirovic,2022-11-12 14:30:00,0,0,0,0,False,0,0,0.05783339962363243
500023,33,0.09501119703054428,h,2022,Augsburg,Bochum,Ermedin Demirovic,2022-11-12 14:30:00,0,0,0,0,False,0,0,0.1553000994026661
500037,73,0.07660800218582153,h,2022,Augsburg,Bochum,Ermedin Demirovic,2022-11-12 14:30:00,0,0,0,0,False,0,1,0.2503112964332104
504982,12,0.02954700030386448,a,2022,Borussia Dortmund,Augsburg,Ermedin Demirovic,2023-01-22 14:30:00,0,0,1,0,False,0,0,0.0
504998,45,0.3789669871330261,a,2022,Borussia Dortmund,Augsburg,Ermedin Demirovic,2023-01-22 14:30:00,0,0,0,0,True,1,2,0.02954700030386448
505001,47,0.1042570024728775,a,2022,Borussia Dortmund,Augsburg,Ermedin Demirovic,2023-01-22 14:30:00,1,0,0,0,False,2,2,0.4085139874368906
505002,48,0.015738600865006447,a,2022,Borussia Dortmund,Augsburg,Ermedin Demirovic,2023-01-22 14:30:00,1,0,0,0,False,2,2,0.5127709899097681
505006,67,0.10621000081300735,a,2022,Borussia Dortmund,Augsburg,Ermedin Demirovic,2023-01-22 14:30:00,1,0,0,0,False,2,2,0.5285095907747746
505015,88,0.36291998624801636,a,2022,Borussia Dortmund,Augsburg,Ermedin Demirovic,2023-01-22 14:30:00,1,0,0,0,False,3,4,0.6347195915877819
505502,43,0.03181539848446846,h,2022,Augsburg,Borussia M.Gladbach,Ermedin Demirovic,2023-01-25 19:30:00,0,0,0,0,False,0,0,0.0
505789,11,0.01027039997279644,a,2022,Freiburg,Augsburg,Ermedin Demirovic,2023-01-28 14:30:00,0,0,0,0,False,0,0,0.0
505810,79,0.45597800612449646,a,2022,Freiburg,Augsburg,Ermedin Demirovic,2023-01-28 14:30:00,0,0,0,0,False,1,2,0.01027039997279644
508233,24,0.01665239967405796,a,2022,Mainz 05,Augsburg,Ermedin Demirovic,2023-02-11 14:30:00,0,0,1,0,False,0,2,0.0
508234,25,0.009369329549372196,a,2022,Mainz 05,Augsburg,Ermedin Demirovic,2023-02-11 14:30:00,0,0,1,0,False,0,2,0.01665239967405796
508235,27,0.7577769756317139,a,2022,Mainz 05,Augsburg,Ermedin Demirovic,2023-02-11 14:30:00,0,0,0,0,True,0,2,0.026021729223430157
509330,40,0.05883580073714256,h,2022,Augsburg,Hoffenheim,Ermedin Demirovic,2023-02-17 19:30:00,0,0,0,0,False,0,0,0.0
509335,52,0.06892749667167664,h,2022,Augsburg,Hoffenheim,Ermedin Demirovic,2023-02-17 19:30:00,0,0,0,0,False,0,0,0.05883580073714256
512026,37,0.06036140024662018,h,2022,Augsburg,Werder Bremen,Ermedin Demirovic,2023-03-04 14:30:00,0,0,0,0,False,1,1,0.0
522636,46,0.07794133573770523,a,2022,Eintracht Frankfurt,Augsburg,Ermedin Demirovic,2023-04-29 13:30:00,0,0,1,0,False,0,0,0.0
522638,57,0.08659613132476807,a,2022,Eintracht Frankfurt,Augsburg,Ermedin Demirovic,2023-04-29 13:30:00,0,0,0,0,True,0,0,0.07794133573770523
524555,7,0.019277362152934074,h,2022,Augsburg,Union Berlin,Ermedin Demirovic,2023-05-06 13:30:00,0,0,0,0,False,0,0,0.0
524566,55,0.13206139206886292,h,2022,Augsburg,Union Berlin,Ermedin Demirovic,2023-05-06 13:30:00,0,0,0,0,False,1,0,0.019277362152934074
524568,58,0.10631715506315231,h,2022,Augsburg,Union Berlin,Ermedin Demirovic,2023-05-06 13:30:00,0,0,0,0,False,1,0,0.151338754221797
524569,63,0.04273676872253418,h,2022,Augsburg,Union Berlin,Ermedin Demirovic,2023-05-06 13:30:00,0,0,0,0,False,1,0,0.2576559092849493
524571,70,0.14587955176830292,h,2022,Augsburg,Union Berlin,Ermedin Demirovic,2023-05-06 13:30:00,0,0,0,0,False,1,0,0.3003926780074835
525806,5,0.08110401779413223,a,2022,Bochum,Augsburg,Ermedin Demirovic,2023-05-13 13:30:00,0,0,0,0,False,0,1,0.0
525815,39,0.08393223583698273,a,2022,Bochum,Augsburg,Ermedin Demirovic,2023-05-13 13:30:00,0,0,0,0,False,1,1,0.08110401779413223
525821,68,0.03564830496907234,a,2022,Bochum,Augsburg,Ermedin Demirovic,2023-05-13 13:30:00,0,0,0,0,False,1,2,0.16503625363111496
528151,21,0.017269747331738472,h,2022,Augsburg,Borussia Dortmund,Ermedin Demirovic,2023-05-21 15:30:00,0,0,0,0,False,0,0,0.0
529088,36,0.04671593755483627,a,2022,Borussia M.Gladbach,Augsburg,Ermedin Demirovic,2023-05-27 13:30:00,0,0,0,0,False,0,1,0.0
529096,65,0.044494252651929855,a,2022,Borussia M.Gladbach,Augsburg,Ermedin Demirovic,2023-05-27 13:30:00,0,0,0,0,False,0,2,0.04671593755483627
529099,77,0.07073000818490982,a,2022,Borussia M.Gladbach,Augsburg,Ermedin Demirovic,2023-05-27 13:30:00,0,0,0,0,False,0,2,0.09121019020676613
529105,93,0.012319773435592651,a,2022,Borussia M.Gladbach,Augsburg,Ermedin Demirovic,2023-05-27 13:30:00,0,0,0,0,False,0,2,0.16194019839167595
497404,34,0.018863100558519363,h,2022,Schalke 04,Freiburg,Kerim Çalhanoglu,2022-10-30 16:30:00,0,0,0,0,False,0,0,0.0
516133,49,0.06119539961218834,a,2022,Freiburg,Hertha Berlin,Kevin-Prince Boateng,2023-04-01 13:30:00,0,0,0,0,False,0,0,0.0
516138,58,0.03689949959516525,a,2022,Freiburg,Hertha Berlin,Kevin-Prince Boateng,2023-04-01 13:30:00,0,0,0,0,False,0,1,0.06119539961218834
518312,60,0.10062800347805023,h,2022,Hertha Berlin,RasenBallsport Leipzig,Kevin-Prince Boateng,2023-04-08 16:30:00,0,0,0,0,False,0,1,0.0
520740,53,0.044862691313028336,h,2022,Hertha Berlin,Werder Bremen,Kevin-Prince Boateng,2023-04-22 13:30:00,0,0,0,0,False,0,3,0.0
520744,64,0.03304354473948479,h,2022,Hertha Berlin,Werder Bremen,Kevin-Prince Boateng,2023-04-22 13:30:00,0,0,0,0,False,0,4,0.044862691313028336
520745,66,0.016401775181293488,h,2022,Hertha Berlin,Werder Bremen,Kevin-Prince Boateng,2023-04-22 13:30:00,0,0,0,0,False,0,4,0.07790623605251312
479418,27,0.03925300016999245,h,2022,Borussia Dortmund,Bayer Leverkusen,Thorgan Hazard,2022-08-06 16:30:00,0,0,0,0,False,1,0,0.0
479421,49,0.5925679802894592,h,2022,Borussia Dortmund,Bayer Leverkusen,Thorgan Hazard,2022-08-06 16:30:00,0,0,0,0,False,1,0,0.03925300016999245
481714,79,0.030797699466347694,h,2022,Borussia Dortmund,Werder Bremen,Thorgan Hazard,2022-08-20 13:30:00,0,0,0,0,False,2,0,0.0
485559,60,0.0684543028473854,h,2022,Borussia Dortmund,Hoffenheim,Thorgan Hazard,2022-09-02 18:30:00,0,0,0,0,False,1,0,0.0
485561,66,0.48704200983047485,h,2022,Borussia Dortmund,Hoffenheim,Thorgan Hazard,2022-09-02 18:30:00,0,0,0,0,False,1,0,0.0684543028473854
489950,75,0.4059000015258789,a,2022,FC Cologne,Borussia Dortmund,Thorgan Hazard,2022-10-01 13:30:00,0,0,0,0,False,1,3,0.0
491762,93,0.020274000242352486,h,2022,Borussia Dortmund,Bayern Munich,Thorgan Hazard,2022-10-08 16:30:00,0,0,0,0,False,1,2,0.0
499764,56,0.013328099623322487,a,2022,Borussia M.Gladbach,Borussia Dortmund,Thorgan Hazard,2022-11-11 19:30:00,0,0,0,0,False,2,4,0.0
481788,82,0.05334850028157234,h,2022,Wolfsburg,Schalke 04,Maximilian Philipp,2022-08-20 13:30:00,0,0,0,0,False,0,0,0.0
509894,81,0.010144899599254131,a,2022,Eintracht Frankfurt,Werder Bremen,Maximilian Philipp,2023-02-18 17:30:00,0,0,0,0,False,0,1,0.0
512040,84,0.023788999766111374,a,2022,Augsburg,Werder Bremen,Maximilian Philipp,2023-03-04 14:30:00,0,0,0,0,False,1,2,0.0
517138,84,0.02796280011534691,h,2022,Werder Bremen,Hoffenheim,Maximilian Philipp,2023-04-02 15:30:00,0,0,0,0,False,1,2,0.0
517139,91,0.13192500174045563,h,2022,Werder Bremen,Hoffenheim,Maximilian Philipp,2023-04-02 15:30:00,0,0,0,0,False,1,2,0.02796280011534691
520089,1,0.10037100315093994,h,2022,Werder Bremen,Freiburg,Maximilian Philipp,2023-04-16 13:30:00,0,0,1,0,False,0,0,0.0
520097,45,0.7041079998016357,h,2022,Werder Bremen,Freiburg,Maximilian Philipp,2023-04-16 13:30:00,0,0,0,0,True,0,0,0.10037100315093994
520099,60,0.3354859948158264,h,2022,Werder Bremen,Freiburg,Maximilian Philipp,2023-04-16 13:30:00,1,0,0,0,False,1,0,0.8044790029525757
520730,29,0.09718767553567886,a,2022,Hertha Berlin,Werder Bremen,Maximilian Philipp,2023-04-22 13:30:00,0,0,0,0,False,2,0,0.0
522906,44,0.31639450788497925,a,2022,Schalke 04,Werder Bremen,Maximilian Philipp,2023-04-29 16:30:00,0,0,0,0,False,1,0,0.0
529109,25,0.06437133252620697,a,2022,Union Berlin,Werder Bremen,Maximilian Philipp,2023-05-27 13:30:00,0,0,0,0,False,0,0,0.0
529114,43,0.05568590387701988,a,2022,Union Berlin,Werder Bremen,Maximilian Philipp,2023-05-27 13:30:00,0,0,0,0,False,0,0,0.06437133252620697
480212,29,0.017364200204610825,a,2022,Hoffenheim,Bochum,Jordi Osei-Tutu,2022-08-13 13:30:00,0,0,0,0,False,2,2,0.0
485731,21,0.00928077008575201,h,2022,Bochum,Werder Bremen,Jordi Osei-Tutu,2022-09-03 13:30:00,0,0,0,0,False,0,0,0.0
485754,79,0.015883000567555428,h,2022,Bochum,Werder Bremen,Jordi Osei-Tutu,2022-09-03 13:30:00,0,0,0,0,False,0,0,0.00928077008575201
487634,92,0.03024910017848015,a,2022,Schalke 04,Bochum,Jordi Osei-Tutu,2022-09-10 16:30:00,0,0,0,0,False,1,1,0.0
491452,93,0.05240840092301369,h,2022,Bochum,Eintracht Frankfurt,Jordi Osei-Tutu,2022-10-08 13:30:00,0,0,0,0,False,2,0,0.0
495683,42,0.07313720136880875,h,2022,Bochum,Union Berlin,Jordi Osei-Tutu,2022-10-23 13:30:00,0,0,0,0,False,0,0,0.0
495687,47,0.07886289805173874,h,2022,Bochum,Union Berlin,Jordi Osei-Tutu,2022-10-23 13:30:00,0,0,0,0,False,1,0,0.07313720136880875
495689,61,0.09638310223817825,h,2022,Bochum,Union Berlin,Jordi Osei-Tutu,2022-10-23 13:30:00,0,0,0,0,False,1,0,0.15200009942054749
497944,46,0.25688400864601135,a,2022,Borussia Dortmund,Bochum,Jordi Osei-Tutu,2022-11-05 14:30:00,0,0,0,0,False,0,2,0.0
505469,83,0.019086400046944618,a,2022,Bayer Leverkusen,Bochum,Jordi Osei-Tutu,2023-01-25 19:30:00,0,0,0,0,False,0,2,0.0
509491,71,0.04835529997944832,h,2022,Bochum,Freiburg,Jordi Osei-Tutu,2023-02-18 14:30:00,0,0,0,0,False,0,2,0.0
510797,24,0.04701419919729233,a,2022,Werder Bremen,Bochum,Jordi Osei-Tutu,2023-02-25 14:30:00,0,0,0,0,False,0,0,0.0
479165,10,0.31834301352500916,h,2022,Wolfsburg,Werder Bremen,Lukas Nmecha,2022-08-06 13:30:00,0,0,0,0,True,0,0,0.0
479180,83,0.036441899836063385,h,2022,Wolfsburg,Werder Bremen,Lukas Nmecha,2022-08-06 13:30:00,1,0,0,0,False,1,2,0.31834301352500916
481026,3,0.09333120286464691,a,2022,Bayern Munich,Wolfsburg,Lukas Nmecha,2022-08-14 15:30:00,0,0,0,0,False,0,0,0.0
481041,48,0.12812499701976776,a,2022,Bayern Munich,Wolfsburg,Lukas Nmecha,2022-08-14 15:30:00,0,0,0,0,False,0,2,0.09333120286464691
481046,62,0.050912901759147644,a,2022,Bayern Munich,Wolfsburg,Lukas Nmecha,2022-08-14 15:30:00,0,0,0,0,False,0,2,0.22145619988441467
483570,56,0.07861009985208511,a,2022,RasenBallsport Leipzig,Wolfsburg,Lukas Nmecha,2022-08-27 13:30:00,0,0,0,0,False,0,1,0.0
485760,1,0.2685379981994629,h,2022,Wolfsburg,FC Cologne,Lukas Nmecha,2022-09-03 13:30:00,0,0,1,0,True,0,0,0.0
485785,78,0.3384209871292114,h,2022,Wolfsburg,FC Cologne,Lukas Nmecha,2022-09-03 13:30:00,1,0,0,0,True,1,2,0.2685379981994629
487471,36,0.03785720095038414,a,2022,Eintracht Frankfurt,Wolfsburg,Lukas Nmecha,2022-09-10 13:30:00,0,0,0,0,False,0,0,0.0
487474,41,0.30073899030685425,a,2022,Eintracht Frankfurt,Wolfsburg,Lukas Nmecha,2022-09-10 13:30:00,0,0,0,0,False,0,0,0.03785720095038414
487475,52,0.05510919913649559,a,2022,Eintracht Frankfurt,Wolfsburg,Lukas Nmecha,2022-09-10 13:30:00,0,0,0,0,False,0,0,0.3385961912572384
489397,50,0.04364730045199394,a,2022,Union Berlin,Wolfsburg,Lukas Nmecha,2022-09-18 13:30:00,0,0,0,0,False,0,0,0.0
493000,14,0.03317809849977493,h,2022,Wolfsburg,Borussia M.Gladbach,Lukas Nmecha,2022-10-15 13:30:00,0,0,0,0,False,0,1,0.0
493010,52,0.029968200251460075,h,2022,Wolfsburg,Borussia M.Gladbach,Lukas Nmecha,2022-10-15 13:30:00,0,0,0,0,False,1,2,0.03317809849977493
496342,11,0.10940500348806381,h,2022,Wolfsburg,Bochum,Lukas Nmecha,2022-10-29 13:30:00,0,0,0,0,False,0,0,0.0
496348,28,0.4498090147972107,h,2022,Wolfsburg,Bochum,Lukas Nmecha,2022-10-29 13:30:00,0,0,0,0,False,1,0,0.10940500348806381
496361,59,0.35630398988723755,h,2022,Wolfsburg,Bochum,Lukas Nmecha,2022-10-29 13:30:00,0,0,0,0,False,3,0,0.5592140182852745
496363,67,0.058512598276138306,h,2022,Wolfsburg,Bochum,Lukas Nmecha,2022-10-29 13:30:00,0,0,0,0,False,3,0,0.915518008172512
498015,45,0.06388159841299057,a,2022,Mainz 05,Wolfsburg,Lukas Nmecha,2022-11-05 14:30:00,0,0,0,0,False,1,0,0.0
498014,45,0.021995099261403084,a,2022,Mainz 05,Wolfsburg,Lukas Nmecha,2022-11-05 14:30:00,0,0,0,0,False,1,0,0.06388159841299057
499027,90,0.6577230095863342,h,2022,Wolfsburg,Borussia Dortmund,Lukas Nmecha,2022-11-08 17:30:00,0,0,0,0,True,1,0,0.0
512867,92,0.022816399112343788,h,2022,Wolfsburg,Eintracht Frankfurt,Lukas Nmecha,2023-03-05 16:30:00,0,0,0,0,False,2,2,0.0
492606,77,0.05612890049815178,a,2022,Hertha Berlin,Freiburg,Kevin Schade,2022-10-09 15:30:00,0,0,0,0,True,1,2,0.0
493952,3,0.07390119880437851,a,2022,Bayern Munich,Freiburg,Kevin Schade,2022-10-16 17:30:00,0,0,0,0,False,0,0,0.0
493965,45,0.0383898988366127,a,2022,Bayern Munich,Freiburg,Kevin Schade,2022-10-16 17:30:00,0,0,0,0,False,0,2,0.07390119880437851
499509,72,0.019414400681853294,a,2022,RasenBallsport Leipzig,Freiburg,Kevin Schade,2022-11-09 19:30:00,0,0,0,0,False,1,2,0.0
480583,70,0.36484500765800476,h,2022,Schalke 04,Borussia M.Gladbach,Jordan Larsson,2022-08-13 16:30:00,0,0,0,0,False,1,0,0.0
481793,92,0.019564500078558922,a,2022,Wolfsburg,Schalke 04,Jordan Larsson,2022-08-20 13:30:00,0,0,0,0,False,0,0,0.0
485788,3,0.014112100005149841,a,2022,VfB Stuttgart,Schalke 04,Jordan Larsson,2022-09-03 13:30:00,0,0,0,0,False,0,0,0.0
485792,15,0.1258929967880249,a,2022,VfB Stuttgart,Schalke 04,Jordan Larsson,2022-09-03 13:30:00,0,0,0,0,False,0,0,0.014112100005149841
485801,40,0.0673518031835556,a,2022,VfB Stuttgart,Schalke 04,Jordan Larsson,2022-09-03 13:30:00,0,0,0,0,False,1,1,0.14000509679317474
487607,8,0.02346549928188324,h,2022,Schalke 04,Bochum,Jordan Larsson,2022-09-10 16:30:00,0,0,0,0,False,0,0,0.0
487619,41,0.10658100247383118,h,2022,Schalke 04,Bochum,Jordan Larsson,2022-09-10 16:30:00,0,0,0,0,False,1,0,0.02346549928188324
498225,65,0.04279119893908501,a,2022,Werder Bremen,Schalke 04,Jordan Larsson,2022-11-05 17:30:00,0,0,0,0,False,0,1,0.0
498226,71,0.08956939727067947,a,2022,Werder Bremen,Schalke 04,Jordan Larsson,2022-11-05 17:30:00,0,0,0,0,False,0,1,0.04279119893908501
504605,52,0.06375130265951157,a,2022,Eintracht Frankfurt,Schalke 04,Jordan Larsson,2023-01-21 14:30:00,0,0,0,0,False,0,1,0.0
481786,72,0.049876898527145386,a,2022,Wolfsburg,Schalke 04,Sebastian Polter,2022-08-20 13:30:00,0,0,0,0,False,0,0,0.0
483461,81,0.059922199696302414,h,2022,Schalke 04,Union Berlin,Sebastian Polter,2022-08-27 13:30:00,0,0,0,0,False,1,4,0.0
483464,89,0.0759195014834404,h,2022,Schalke 04,Union Berlin,Sebastian Polter,2022-08-27 13:30:00,0,0,0,0,False,1,6,0.059922199696302414
487635,95,0.20901499688625336,h,2022,Schalke 04,Bochum,Sebastian Polter,2022-09-10 16:30:00,0,0,0,0,True,1,1,0.0
490896,17,0.0938664972782135,h,2022,Schalke 04,Augsburg,Sebastian Polter,2022-10-02 15:30:00,0,0,0,0,False,0,1,0.0
495761,82,0.1022619977593422,a,2022,Hertha Berlin,Schalke 04,Sebastian Polter,2022-10-23 15:30:00,0,0,0,0,False,0,1,0.0
522919,77,0.045879002660512924,h,2022,Schalke 04,Werder Bremen,Sebastian Polter,2023-04-29 16:30:00,0,0,0,0,False,0,1,0.0
524419,82,0.7598204612731934,a,2022,Mainz 05,Schalke 04,Sebastian Polter,2023-05-05 18:30:00,0,0,0,0,False,2,2,0.0
525927,70,0.057382982224226,a,2022,Bayern Munich,Schalke 04,Sebastian Polter,2023-05-13 13:30:00,0,0,0,0,False,0,4,0.0
527354,78,0.05923044681549072,h,2022,Schalke 04,Eintracht Frankfurt,Sebastian Polter,2023-05-20 13:30:00,0,0,1,0,False,1,2,0.0
527357,84,0.5733136534690857,h,2022,Schalke 04,Eintracht Frankfurt,Sebastian Polter,2023-05-20 13:30:00,0,0,0,0,True,1,2,0.05923044681549072
528929,60,0.09117349237203598,a,2022,RasenBallsport Leipzig,Schalke 04,Sebastian Polter,2023-05-27 13:30:00,0,0,0,0,False,1,2,0.0
481792,90,0.03465550020337105,a,2022,Wolfsburg,Schalke 04,Florian Flick,2022-08-20 13:30:00,0,0,0,0,False,0,0,0.0
487632,83,0.012480899691581726,h,2022,Schalke 04,Bochum,Florian Flick,2022-09-10 16:30:00,0,0,0,0,False,1,1,0.0
483492,78,0.021173600107431412,h,2022,Hertha Berlin,Borussia Dortmund,Marco Richter,2022-08-27 13:30:00,0,0,0,0,False,0,1,0.0
486599,92,0.9180920124053955,a,2022,Augsburg,Hertha Berlin,Marco Richter,2022-09-04 13:30:00,0,0,0,0,True,1,0,0.0
487500,72,0.04589739814400673,h,2022,Hertha Berlin,Bayer Leverkusen,Marco Richter,2022-09-10 13:30:00,0,0,1,0,False,1,1,0.0
487501,73,0.014906800352036953,h,2022,Hertha Berlin,Bayer Leverkusen,Marco Richter,2022-09-10 13:30:00,0,0,0,0,True,1,1,0.04589739814400673
487507,89,0.04466810077428818,h,2022,Hertha Berlin,Bayer Leverkusen,Marco Richter,2022-09-10 13:30:00,1,0,0,0,False,2,2,0.06080419849604368
490852,79,0.0337802991271019,h,2022,Hertha Berlin,Hoffenheim,Marco Richter,2022-10-02 13:30:00,0,0,0,0,False,1,1,0.0
490853,92,0.010784699581563473,h,2022,Hertha Berlin,Hoffenheim,Marco Richter,2022-10-02 13:30:00,0,0,0,0,False,1,1,0.0337802991271019
492604,64,0.01622769981622696,h,2022,Hertha Berlin,Freiburg,Marco Richter,2022-10-09 15:30:00,0,0,0,0,False,2,1,0.0
492607,79,0.012792999856173992,h,2022,Hertha Berlin,Freiburg,Marco Richter,2022-10-09 15:30:00,0,0,0,0,False,2,2,0.01622769981622696
492608,85,0.02881849929690361,h,2022,Hertha Berlin,Freiburg,Marco Richter,2022-10-09 15:30:00,0,0,0,0,False,2,2,0.02902069967240095
493219,1,0.011814399622380733,a,2022,RasenBallsport Leipzig,Hertha Berlin,Marco Richter,2022-10-15 16:30:00,0,0,0,0,False,0,0,0.0
495757,62,0.020585300400853157,h,2022,Hertha Berlin,Schalke 04,Marco Richter,2022-10-23 15:30:00,0,0,0,0,False,1,0,0.0
495759,69,0.07965259999036789,h,2022,Hertha Berlin,Schalke 04,Marco Richter,2022-10-23 15:30:00,0,0,0,0,False,1,0,0.020585300400853157
496152,1,0.3144559860229492,a,2022,Werder Bremen,Hertha Berlin,Marco Richter,2022-10-28 18:30:00,0,0,0,0,False,0,0,0.0
496156,22,0.06137539818882942,a,2022,Werder Bremen,Hertha Berlin,Marco Richter,2022-10-28 18:30:00,0,0,0,0,False,0,0,0.3144559860229492
497922,26,0.034467000514268875,h,2022,Hertha Berlin,Bayern Munich,Marco Richter,2022-11-05 14:30:00,0,0,0,0,False,0,1,0.0
499991,0,0.033168401569128036,h,2022,Hertha Berlin,FC Cologne,Marco Richter,2022-11-12 14:30:00,0,0,1,0,False,0,0,0.0
499996,13,0.058856301009655,h,2022,Hertha Berlin,FC Cologne,Marco Richter,2022-11-12 14:30:00,0,0,1,0,False,1,0,0.033168401569128036
500010,53,0.4122140109539032,h,2022,Hertha Berlin,FC Cologne,Marco Richter,2022-11-12 14:30:00,0,0,0,0,True,1,0,0.09202470257878304
500009,53,0.07755579799413681,h,2022,Hertha Berlin,FC Cologne,Marco Richter,2022-11-12 14:30:00,1,0,0,0,False,1,0,0.5042387135326862
504533,28,0.016555199399590492,a,2022,Bochum,Hertha Berlin,Marco Richter,2023-01-21 14:30:00,0,0,0,0,False,0,1,0.0
504538,53,0.09302350133657455,a,2022,Bochum,Hertha Berlin,Marco Richter,2023-01-21 14:30:00,0,0,0,0,False,0,2,0.016555199399590492
505698,32,0.07745350152254105,h,2022,Hertha Berlin,Union Berlin,Marco Richter,2023-01-28 14:30:00,0,0,0,0,False,0,0,0.0
505703,55,0.007085919845849276,h,2022,Hertha Berlin,Union Berlin,Marco Richter,2023-01-28 14:30:00,0,0,0,0,False,0,1,0.07745350152254105
505709,77,0.054804399609565735,h,2022,Hertha Berlin,Union Berlin,Marco Richter,2023-01-28 14:30:00,0,0,0,0,False,0,2,0.08453942136839032
505710,82,0.011630799621343613,h,2022,Hertha Berlin,Union Berlin,Marco Richter,2023-01-28 14:30:00,0,0,0,0,False,0,2,0.13934382097795606
507038,1,0.05637409910559654,a,2022,Eintracht Frankfurt,Hertha Berlin,Marco Richter,2023-02-04 14:30:00,0,0,0,0,False,0,0,0.0
507041,18,0.01896670088171959,a,2022,Eintracht Frankfurt,Hertha Berlin,Marco Richter,2023-02-04 14:30:00,0,0,0,0,False,0,0,0.05637409910559654
507044,23,0.0572344996035099,a,2022,Eintracht Frankfurt,Hertha Berlin,Marco Richter,2023-02-04 14:30:00,0,0,0,0,False,0,1,0.07534079998731613
508956,18,0.017627399414777756,h,2022,Hertha Berlin,Borussia M.Gladbach,Marco Richter,2023-02-12 14:30:00,0,0,0,0,False,0,1,0.0
508961,36,0.041295599192380905,h,2022,Hertha Berlin,Borussia M.Gladbach,Marco Richter,2023-02-12 14:30:00,0,0,0,0,False,1,1,0.017627399414777756
510327,20,0.0401603989303112,a,2022,Borussia Dortmund,Hertha Berlin,Marco Richter,2023-02-19 16:30:00,0,0,0,0,False,0,0,0.0
510336,36,0.01991330087184906,a,2022,Borussia Dortmund,Hertha Berlin,Marco Richter,2023-02-19 16:30:00,0,0,0,0,False,0,2,0.0401603989303112
510337,37,0.01595130003988743,a,2022,Borussia Dortmund,Hertha Berlin,Marco Richter,2023-02-19 16:30:00,0,0,0,0,False,0,2,0.06007369980216026
510348,83,0.02390269935131073,a,2022,Borussia Dortmund,Hertha Berlin,Marco Richter,2023-02-19 16:30:00,0,0,0,0,False,1,3,0.07602499984204769
510352,94,0.03504069894552231,a,2022,Borussia Dortmund,Hertha Berlin,Marco Richter,2023-02-19 16:30:00,0,0,0,0,False,1,4,0.09992769919335842
510705,17,0.017076099291443825,h,2022,Hertha Berlin,Augsburg,Marco Richter,2023-02-25 14:30:00,0,0,1,0,False,0,0,0.0
510713,60,0.013034500181674957,h,2022,Hertha Berlin,Augsburg,Marco Richter,2023-02-25 14:30:00,0,0,0,0,True,0,0,0.017076099291443825
512748,13,0.03160040080547333,a,2022,Bayer Leverkusen,Hertha Berlin,Marco Richter,2023-03-05 14:30:00,0,0,0,0,False,0,1,0.0
513396,29,0.05562970042228699,h,2022,Hertha Berlin,Mainz 05,Marco Richter,2023-03-11 14:30:00,0,0,0,0,False,1,0,0.0
513397,37,0.03794720023870468,h,2022,Hertha Berlin,Mainz 05,Marco Richter,2023-03-11 14:30:00,0,0,0,0,False,1,0,0.05562970042228699
518323,88,0.015370099805295467,h,2022,Hertha Berlin,RasenBallsport Leipzig,Marco Richter,2023-04-08 16:30:00,0,0,0,0,False,0,1,0.0
518325,90,0.055206600576639175,h,2022,Hertha Berlin,RasenBallsport Leipzig,Marco Richter,2023-04-08 16:30:00,0,0,0,0,False,0,1,0.015370099805295467
519055,83,0.6500239968299866,a,2022,Schalke 04,Hertha Berlin,Marco Richter,2023-04-14 18:30:00,0,0,0,0,True,1,4,0.0
527367,35,0.012727862223982811,h,2022,Hertha Berlin,Bochum,Marco Richter,2023-05-20 13:30:00,0,0,0,0,False,0,0,0.0
527371,47,0.02092522382736206,h,2022,Hertha Berlin,Bochum,Marco Richter,2023-05-20 13:30:00,0,0,0,0,False,0,0,0.012727862223982811
527374,58,0.021427258849143982,h,2022,Hertha Berlin,Bochum,Marco Richter,2023-05-20 13:30:00,0,0,0,0,False,0,0,0.03365308605134487
529057,23,0.04642825201153755,a,2022,Wolfsburg,Hertha Berlin,Marco Richter,2023-05-27 13:30:00,0,0,1,0,False,0,1,0.0
529063,46,0.0336763858795166,a,2022,Wolfsburg,Hertha Berlin,Marco Richter,2023-05-27 13:30:00,0,0,1,0,False,0,1,0.04642825201153755
529069,67,0.035500433295965195,a,2022,Wolfsburg,Hertha Berlin,Marco Richter,2023-05-27 13:30:00,0,0,0,0,True,1,1,0.08010463789105415
481055,89,0.039111699908971786,h,2022,Bayern Munich,Wolfsburg,Mathys Tel,2022-08-14 15:30:00,0,0,0,0,False,2,0,0.0
487390,29,0.5762969851493835,h,2022,Bayern Munich,VfB Stuttgart,Mathys Tel,2022-09-10 13:30:00,0,0,1,0,False,0,0,0.0
487394,35,0.10558699816465378,h,2022,Bayern Munich,VfB Stuttgart,Mathys Tel,2022-09-10 13:30:00,0,0,0,0,True,0,0,0.5762969851493835
487398,53,0.10183600336313248,h,2022,Bayern Munich,VfB Stuttgart,Mathys Tel,2022-09-10 13:30:00,1,0,0,0,False,1,0,0.6818839833140373
493971,87,0.08394359797239304,h,2022,Bayern Munich,Freiburg,Mathys Tel,2022-10-16 17:30:00,0,0,0,0,False,5,0,0.0
496443,76,0.0825147032737732,h,2022,Bayern Munich,Mainz 05,Mathys Tel,2022-10-29 13:30:00,0,0,1,0,False,4,1,0.0
496444,78,0.0178615003824234,h,2022,Bayern Munich,Mainz 05,Mathys Tel,2022-10-29 13:30:00,0,0,0,0,True,4,1,0.0825147032737732
499185,75,0.11724799871444702,h,2022,Bayern Munich,Werder Bremen,Mathys Tel,2022-11-08 19:30:00,0,0,1,0,False,4,1,0.0
499190,83,0.12199100106954575,h,2022,Bayern Munich,Werder Bremen,Mathys Tel,2022-11-08 19:30:00,0,0,0,0,True,5,1,0.11724799871444702
499191,89,0.07274310290813446,h,2022,Bayern Munich,Werder Bremen,Mathys Tel,2022-11-08 19:30:00,1,0,0,0,False,6,1,0.23923899978399277
505404,83,0.045945800840854645,h,2022,Bayern Munich,FC Cologne,Mathys Tel,2023-01-24 19:30:00,0,0,0,0,False,0,1,0.0
507794,63,0.12168800085783005,a,2022,Wolfsburg,Bayern Munich,Mathys Tel,2023-02-05 16:30:00,0,0,0,0,False,3,1,0.0
508336,89,0.46342799067497253,h,2022,Bayern Munich,Bochum,Mathys Tel,2023-02-11 14:30:00,0,0,0,0,False,3,0,0.0
509607,92,0.12423499673604965,a,2022,Borussia M.Gladbach,Bayern Munich,Mathys Tel,2023-02-18 14:30:00,0,0,0,0,True,1,3,0.0
513461,82,0.12209799885749817,h,2022,Bayern Munich,Augsburg,Mathys Tel,2023-03-11 14:30:00,0,0,0,0,False,5,2,0.0
519373,80,0.07059050351381302,h,2022,Bayern Munich,Hoffenheim,Mathys Tel,2023-04-15 13:30:00,0,0,0,0,False,1,1,0.0
519375,83,0.25380200147628784,h,2022,Bayern Munich,Hoffenheim,Mathys Tel,2023-04-15 13:30:00,0,0,0,0,False,1,1,0.07059050351381302
520723,92,0.34111887216567993,a,2022,Mainz 05,Bayern Munich,Mathys Tel,2023-04-22 13:30:00,0,0,0,0,False,1,3,0.0
525930,79,0.5097789168357849,h,2022,Bayern Munich,Schalke 04,Mathys Tel,2023-05-13 13:30:00,0,0,0,0,True,4,0,0.0
527680,80,0.08083999902009964,h,2022,Bayern Munich,RasenBallsport Leipzig,Mathys Tel,2023-05-20 16:30:00,0,0,0,0,False,1,2,0.0
480178,18,0.07932689785957336,a,2022,Hertha Berlin,Eintracht Frankfurt,Daichi Kamada,2022-08-13 13:30:00,0,0,1,0,False,0,1,0.0
480183,41,0.06210939958691597,a,2022,Hertha Berlin,Eintracht Frankfurt,Daichi Kamada,2022-08-13 13:30:00,0,0,1,0,False,0,1,0.07932689785957336
480185,47,0.3555870056152344,a,2022,Hertha Berlin,Eintracht Frankfurt,Daichi Kamada,2022-08-13 13:30:00,0,0,0,0,True,0,1,0.14143629744648933
480190,62,0.3202719986438751,a,2022,Hertha Berlin,Eintracht Frankfurt,Daichi Kamada,2022-08-13 13:30:00,1,0,0,0,False,1,1,0.4970233030617237
482431,70,0.0703141987323761,h,2022,Eintracht Frankfurt,FC Cologne,Daichi Kamada,2022-08-21 13:30:00,0,0,0,0,True,0,0,0.0
484502,1,0.34061700105667114,a,2022,Werder Bremen,Eintracht Frankfurt,Daichi Kamada,2022-08-28 15:30:00,0,0,0,0,False,0,0,0.0
484515,58,0.04044970124959946,a,2022,Werder Bremen,Eintracht Frankfurt,Daichi Kamada,2022-08-28 15:30:00,0,0,0,0,False,4,2,0.34061700105667114
486180,15,0.6405180096626282,h,2022,Eintracht Frankfurt,RasenBallsport Leipzig,Daichi Kamada,2022-09-03 16:30:00,0,0,0,0,True,0,0,0.0
486191,62,0.10641799867153168,h,2022,Eintracht Frankfurt,RasenBallsport Leipzig,Daichi Kamada,2022-09-03 16:30:00,1,0,0,0,False,2,0,0.6405180096626282
487472,37,0.08168060332536697,h,2022,Eintracht Frankfurt,Wolfsburg,Daichi Kamada,2022-09-10 13:30:00,0,0,0,0,False,0,0,0.0
488668,5,0.08709730207920074,a,2022,VfB Stuttgart,Eintracht Frankfurt,Daichi Kamada,2022-09-17 13:30:00,0,0,1,0,False,0,0,0.0
488679,54,0.0650079995393753,a,2022,VfB Stuttgart,Eintracht Frankfurt,Daichi Kamada,2022-09-17 13:30:00,0,0,0,0,True,1,0,0.08709730207920074
491442,65,0.05691029876470566,a,2022,Bochum,Eintracht Frankfurt,Daichi Kamada,2022-10-08 13:30:00,0,0,0,0,False,0,0,0.0
491446,75,0.04802269861102104,a,2022,Bochum,Eintracht Frankfurt,Daichi Kamada,2022-10-08 13:30:00,0,0,0,0,False,0,1,0.05691029876470566
493055,49,0.7577769756317139,h,2022,Eintracht Frankfurt,Bayer Leverkusen,Daichi Kamada,2022-10-15 13:30:00,0,0,1,0,True,0,0,0.0
493064,71,0.7577769756317139,h,2022,Eintracht Frankfurt,Bayer Leverkusen,Daichi Kamada,2022-10-15 13:30:00,1,0,0,0,True,3,1,0.7577769756317139
493068,81,0.01935560069978237,h,2022,Eintracht Frankfurt,Bayer Leverkusen,Daichi Kamada,2022-10-15 13:30:00,1,0,0,0,False,4,1,1.5155539512634277
496733,25,0.03291270136833191,h,2022,Eintracht Frankfurt,Borussia Dortmund,Daichi Kamada,2022-10-29 16:30:00,0,0,0,0,True,0,1,0.0
499455,57,0.6863489747047424,h,2022,Eintracht Frankfurt,Hoffenheim,Daichi Kamada,2022-11-09 19:30:00,0,0,0,0,False,4,2,0.0
500711,3,0.024271100759506226,a,2022,Mainz 05,Eintracht Frankfurt,Daichi Kamada,2022-11-13 14:30:00,0,0,0,0,False,0,0,0.0
504607,79,0.05447079986333847,h,2022,Eintracht Frankfurt,Schalke 04,Daichi Kamada,2023-01-21 14:30:00,0,0,0,0,False,1,0,0.0
509883,11,0.35010001063346863,h,2022,Eintracht Frankfurt,Werder Bremen,Daichi Kamada,2023-02-18 17:30:00,0,0,0,0,False,0,0,0.0
512847,8,0.06638059765100479,a,2022,Wolfsburg,Eintracht Frankfurt,Daichi Kamada,2023-03-05 16:30:00,0,0,0,0,False,0,0,0.0
512860,54,0.024238599464297295,a,2022,Wolfsburg,Eintracht Frankfurt,Daichi Kamada,2023-03-05 16:30:00,0,0,0,0,False,2,2,0.06638059765100479
515654,33,0.40435299277305603,a,2022,Union Berlin,Eintracht Frankfurt,Daichi Kamada,2023-03-19 14:30:00,0,0,0,0,False,0,0,0.0
515659,44,0.338111013174057,a,2022,Union Berlin,Eintracht Frankfurt,Daichi Kamada,2023-03-19 14:30:00,0,0,0,0,False,0,0,0.40435299277305603
515667,68,0.010452699847519398,a,2022,Union Berlin,Eintracht Frankfurt,Daichi Kamada,2023-03-19 14:30:00,0,0,0,0,False,0,1,0.742464005947113
515672,80,0.30316901206970215,a,2022,Union Berlin,Eintracht Frankfurt,Daichi Kamada,2023-03-19 14:30:00,0,0,0,0,False,0,2,0.7529167057946324
515988,77,0.12386000156402588,h,2022,Eintracht Frankfurt,Bochum,Daichi Kamada,2023-03-31 19:30:00,0,0,0,0,False,1,1,0.0
517948,61,0.09305570274591446,a,2022,Bayer Leverkusen,Eintracht Frankfurt,Daichi Kamada,2023-04-08 13:30:00,0,0,0,0,False,0,2,0.0
521058,65,0.040750131011009216,a,2022,Borussia Dortmund,Eintracht Frankfurt,Daichi Kamada,2023-04-22 16:30:00,0,0,0,0,False,0,3,0.0
522627,3,0.01786746457219124,h,2022,Eintracht Frankfurt,Augsburg,Daichi Kamada,2023-04-29 13:30:00,0,0,0,0,False,0,0,0.0
522631,25,0.21664495766162872,h,2022,Eintracht Frankfurt,Augsburg,Daichi Kamada,2023-04-29 13:30:00,0,0,0,0,False,0,0,0.01786746457219124
524581,19,0.03247429430484772,a,2022,Hoffenheim,Eintracht Frankfurt,Daichi Kamada,2023-05-06 13:30:00,0,0,0,0,False,0,1,0.0
524592,52,0.09184820204973221,a,2022,Hoffenheim,Eintracht Frankfurt,Daichi Kamada,2023-05-06 13:30:00,0,0,0,0,False,0,3,0.03247429430484772
524596,55,0.11592879891395569,a,2022,Hoffenheim,Eintracht Frankfurt,Daichi Kamada,2023-05-06 13:30:00,0,0,0,0,False,1,3,0.12432249635457993
524604,93,0.033771634101867676,a,2022,Hoffenheim,Eintracht Frankfurt,Daichi Kamada,2023-05-06 13:30:00,0,0,0,0,False,1,3,0.24025129526853561
525878,9,0.047048233449459076,h,2022,Eintracht Frankfurt,Mainz 05,Daichi Kamada,2023-05-13 13:30:00,0,0,1,0,False,0,0,0.0
525880,15,0.09955399483442307,h,2022,Eintracht Frankfurt,Mainz 05,Daichi Kamada,2023-05-13 13:30:00,0,0,1,0,False,0,0,0.047048233449459076
525881,17,0.75777667760849,h,2022,Eintracht Frankfurt,Mainz 05,Daichi Kamada,2023-05-13 13:30:00,0,0,0,0,True,0,0,0.14660222828388214
525896,65,0.365868479013443,h,2022,Eintracht Frankfurt,Mainz 05,Daichi Kamada,2023-05-13 13:30:00,1,0,0,0,False,3,0,0.9043789058923721
527346,20,0.03440222144126892,a,2022,Schalke 04,Eintracht Frankfurt,Daichi Kamada,2023-05-20 13:30:00,0,0,0,0,True,0,1,0.0
527348,39,0.6105799078941345,a,2022,Schalke 04,Eintracht Frankfurt,Daichi Kamada,2023-05-20 13:30:00,1,0,0,0,False,1,1,0.03440222144126892
529140,48,0.020245060324668884,h,2022,Eintracht Frankfurt,Freiburg,Daichi Kamada,2023-05-27 13:30:00,0,0,0,0,False,0,1,0.0
504550,2,0.01783280074596405,a,2022,Union Berlin,Hoffenheim,Tom Bischof,2023-01-21 14:30:00,0,0,0,0,False,0,0,0.0
504555,7,0.40056100487709045,a,2022,Union Berlin,Hoffenheim,Tom Bischof,2023-01-21 14:30:00,0,0,0,0,False,0,0,0.01783280074596405
505713,11,0.05816210061311722,h,2022,Hoffenheim,Borussia M.Gladbach,Tom Bischof,2023-01-28 14:30:00,0,0,0,0,False,0,1,0.0
505728,68,0.01863439939916134,h,2022,Hoffenheim,Borussia M.Gladbach,Tom Bischof,2023-01-28 14:30:00,0,0,0,0,False,0,2,0.05816210061311722
508300,75,0.019629500806331635,h,2022,Hoffenheim,Bayer Leverkusen,Tom Bischof,2023-02-11 14:30:00,0,0,0,0,False,0,3,0.0
509341,71,0.019899899140000343,a,2022,Augsburg,Hoffenheim,Tom Bischof,2023-02-17 19:30:00,0,0,0,0,False,0,0,0.0
518899,84,0.4015609920024872,h,2022,Hoffenheim,Schalke 04,Tom Bischof,2023-04-09 17:30:00,0,0,0,0,False,1,0,0.0
499020,68,0.12250100076198578,h,2022,Wolfsburg,Borussia Dortmund,Sebastiaan Bornauw,2022-11-08 17:30:00,0,0,0,0,False,1,0,0.0
500057,48,0.2250950038433075,a,2022,Hoffenheim,Wolfsburg,Sebastiaan Bornauw,2022-11-12 14:30:00,0,0,0,0,False,0,1,0.0
523459,12,0.03336617723107338,h,2022,Wolfsburg,Mainz 05,Sebastiaan Bornauw,2023-04-30 15:30:00,0,0,0,0,True,1,0,0.0
529074,88,0.04825491085648537,h,2022,Wolfsburg,Hertha Berlin,Sebastiaan Bornauw,2023-05-27 13:30:00,0,0,0,0,False,1,2,0.0
481530,14,0.01749180071055889,a,2022,Borussia M.Gladbach,Hertha Berlin,Lucas Tousart,2022-08-19 18:30:00,0,0,0,0,False,0,0,0.0
481540,49,0.02234490029513836,a,2022,Borussia M.Gladbach,Hertha Berlin,Lucas Tousart,2022-08-19 18:30:00,0,0,0,0,False,0,1,0.01749180071055889
483493,79,0.015095099806785583,h,2022,Hertha Berlin,Borussia Dortmund,Lucas Tousart,2022-08-27 13:30:00,0,0,0,0,False,0,1,0.0
486581,22,0.07121539860963821,a,2022,Augsburg,Hertha Berlin,Lucas Tousart,2022-09-04 13:30:00,0,0,0,0,False,0,0,0.0
486590,51,0.03769940137863159,a,2022,Augsburg,Hertha Berlin,Lucas Tousart,2022-09-04 13:30:00,0,0,0,0,False,0,0,0.07121539860963821
486598,80,0.10144300013780594,a,2022,Augsburg,Hertha Berlin,Lucas Tousart,2022-09-04 13:30:00,0,0,0,0,False,1,0,0.1089147999882698
487484,18,0.03506619855761528,h,2022,Hertha Berlin,Bayer Leverkusen,Lucas Tousart,2022-09-10 13:30:00,0,0,0,0,False,0,0,0.0
488356,29,0.29316699504852295,a,2022,Mainz 05,Hertha Berlin,Lucas Tousart,2022-09-16 18:30:00,0,0,0,0,True,0,0,0.0
490827,16,0.08488570153713226,h,2022,Hertha Berlin,Hoffenheim,Lucas Tousart,2022-10-02 13:30:00,0,0,0,0,False,0,0,0.0
490848,68,0.010085999965667725,h,2022,Hertha Berlin,Hoffenheim,Lucas Tousart,2022-10-02 13:30:00,0,0,0,0,False,1,1,0.08488570153713226
492605,66,0.03681749850511551,h,2022,Hertha Berlin,Freiburg,Lucas Tousart,2022-10-09 15:30:00,0,0,0,0,False,2,1,0.0
495748,6,0.014950799755752087,h,2022,Hertha Berlin,Schalke 04,Lucas Tousart,2022-10-23 15:30:00,0,0,1,0,False,0,0,0.0
495756,48,0.01756270043551922,h,2022,Hertha Berlin,Schalke 04,Lucas Tousart,2022-10-23 15:30:00,0,0,0,0,True,0,0,0.014950799755752087
496175,86,0.010554499924182892,a,2022,Werder Bremen,Hertha Berlin,Lucas Tousart,2022-10-28 18:30:00,0,0,0,0,False,0,1,0.0
499193,4,0.0281870998442173,a,2022,VfB Stuttgart,Hertha Berlin,Lucas Tousart,2022-11-08 19:30:00,0,0,0,0,False,0,1,0.0
499201,35,0.02033350057899952,a,2022,VfB Stuttgart,Hertha Berlin,Lucas Tousart,2022-11-08 19:30:00,0,0,0,0,False,1,1,0.0281870998442173
499214,67,0.27084699273109436,a,2022,VfB Stuttgart,Hertha Berlin,Lucas Tousart,2022-11-08 19:30:00,0,0,0,0,False,1,1,0.04852060042321682
500014,85,0.037898801267147064,h,2022,Hertha Berlin,FC Cologne,Lucas Tousart,2022-11-12 14:30:00,0,0,0,0,False,2,0,0.0
505696,7,0.05474470183253288,h,2022,Hertha Berlin,Union Berlin,Lucas Tousart,2023-01-28 14:30:00,0,0,0,0,False,0,0,0.0
505705,73,0.014480900019407272,h,2022,Hertha Berlin,Union Berlin,Lucas Tousart,2023-01-28 14:30:00,0,0,0,0,False,0,2,0.05474470183253288
508962,38,0.09577610343694687,h,2022,Hertha Berlin,Borussia M.Gladbach,Lucas Tousart,2023-02-12 14:30:00,0,0,0,0,False,1,1,0.0
508964,43,0.025604600086808205,h,2022,Hertha Berlin,Borussia M.Gladbach,Lucas Tousart,2023-02-12 14:30:00,0,0,0,0,False,1,1,0.09577610343694687
510339,45,0.3419809937477112,a,2022,Borussia Dortmund,Hertha Berlin,Lucas Tousart,2023-02-19 16:30:00,0,0,0,0,True,0,2,0.0
510347,82,0.061233799904584885,a,2022,Borussia Dortmund,Hertha Berlin,Lucas Tousart,2023-02-19 16:30:00,1,0,0,0,False,1,3,0.3419809937477112
513399,40,0.11036200076341629,h,2022,Hertha Berlin,Mainz 05,Lucas Tousart,2023-03-11 14:30:00,0,0,0,0,False,1,0,0.0
514923,34,0.06033720076084137,a,2022,Hoffenheim,Hertha Berlin,Lucas Tousart,2023-03-18 14:30:00,0,0,0,0,False,0,1,0.0
514937,86,0.059544000774621964,a,2022,Hoffenheim,Hertha Berlin,Lucas Tousart,2023-03-18 14:30:00,0,0,0,0,False,0,3,0.06033720076084137
516137,58,0.3259449899196625,a,2022,Freiburg,Hertha Berlin,Lucas Tousart,2023-04-01 13:30:00,0,0,0,0,False,0,1,0.0
518315,65,0.07529249787330627,h,2022,Hertha Berlin,RasenBallsport Leipzig,Lucas Tousart,2023-04-08 16:30:00,0,0,0,0,False,0,1,0.0
519047,50,0.008528660051524639,a,2022,Schalke 04,Hertha Berlin,Lucas Tousart,2023-04-14 18:30:00,0,0,0,0,False,1,3,0.0
519049,58,0.010897199623286724,a,2022,Schalke 04,Hertha Berlin,Lucas Tousart,2023-04-14 18:30:00,0,0,0,0,False,1,3,0.008528660051524639
520737,46,0.02058464102447033,h,2022,Hertha Berlin,Werder Bremen,Lucas Tousart,2023-04-22 13:30:00,0,0,0,0,False,0,2,0.0
520750,74,0.028264107182621956,h,2022,Hertha Berlin,Werder Bremen,Lucas Tousart,2023-04-22 13:30:00,0,0,0,0,False,1,4,0.02058464102447033
523329,83,0.037832871079444885,a,2022,Bayern Munich,Hertha Berlin,Lucas Tousart,2023-04-30 13:30:00,0,0,0,0,False,0,2,0.0
524534,11,0.015973437577486038,h,2022,Hertha Berlin,VfB Stuttgart,Lucas Tousart,2023-05-06 13:30:00,0,0,0,0,False,0,0,0.0
524538,27,0.09455108642578125,h,2022,Hertha Berlin,VfB Stuttgart,Lucas Tousart,2023-05-06 13:30:00,0,0,0,0,False,0,0,0.015973437577486038
525540,3,0.0636066347360611,a,2022,FC Cologne,Hertha Berlin,Lucas Tousart,2023-05-12 18:30:00,0,0,1,0,False,0,0,0.0
525547,17,0.062541663646698,a,2022,FC Cologne,Hertha Berlin,Lucas Tousart,2023-05-12 18:30:00,0,0,0,0,True,0,1,0.0636066347360611
527360,13,0.06366061419248581,h,2022,Hertha Berlin,Bochum,Lucas Tousart,2023-05-20 13:30:00,0,0,1,0,False,0,0,0.0
527378,62,0.42401114106178284,h,2022,Hertha Berlin,Bochum,Lucas Tousart,2023-05-20 13:30:00,0,0,0,0,True,0,0,0.06366061419248581
529070,75,0.0647486001253128,a,2022,Wolfsburg,Hertha Berlin,Lucas Tousart,2023-05-27 13:30:00,0,0,0,0,False,2,1,0.0
529071,83,0.1364809274673462,a,2022,Wolfsburg,Hertha Berlin,Lucas Tousart,2023-05-27 13:30:00,0,0,0,0,False,2,1,0.0647486001253128
480206,13,0.6572890281677246,h,2022,Hoffenheim,Bochum,Christoph Baumgartner,2022-08-13 13:30:00,0,0,0,0,True,0,2,0.0
480210,25,0.028223499655723572,h,2022,Hoffenheim,Bochum,Christoph Baumgartner,2022-08-13 13:30:00,1,0,0,0,False,2,2,0.6572890281677246
480216,34,0.05034489929676056,h,2022,Hoffenheim,Bochum,Christoph Baumgartner,2022-08-13 13:30:00,1,0,0,0,False,2,2,0.6855125278234482
480230,73,0.07558750361204147,h,2022,Hoffenheim,Bochum,Christoph Baumgartner,2022-08-13 13:30:00,1,0,0,0,False,2,2,0.7358574271202087
481679,8,0.1377280056476593,a,2022,Bayer Leverkusen,Hoffenheim,Christoph Baumgartner,2022-08-20 13:30:00,0,0,0,0,True,0,0,0.0
483508,27,0.0438833013176918,h,2022,Hoffenheim,Augsburg,Christoph Baumgartner,2022-08-27 13:30:00,0,0,0,0,False,0,0,0.0
483509,28,0.07089409977197647,h,2022,Hoffenheim,Augsburg,Christoph Baumgartner,2022-08-27 13:30:00,0,0,0,0,False,0,0,0.0438833013176918
483518,51,0.055194199085235596,h,2022,Hoffenheim,Augsburg,Christoph Baumgartner,2022-08-27 13:30:00,0,0,0,0,False,1,0,0.11477740108966827
487441,27,0.03249900043010712,h,2022,Hoffenheim,Mainz 05,Christoph Baumgartner,2022-09-10 13:30:00,0,0,0,0,False,0,0,0.0
487443,36,0.1436779946088791,h,2022,Hoffenheim,Mainz 05,Christoph Baumgartner,2022-09-10 13:30:00,0,0,0,0,False,0,0,0.03249900043010712
487446,45,0.055175598710775375,h,2022,Hoffenheim,Mainz 05,Christoph Baumgartner,2022-09-10 13:30:00,0,0,0,0,False,0,0,0.1761769950389862
487457,75,0.07294709980487823,h,2022,Hoffenheim,Mainz 05,Christoph Baumgartner,2022-09-10 13:30:00,0,0,0,0,False,2,0,0.23135259374976158
487458,77,0.02229909971356392,h,2022,Hoffenheim,Mainz 05,Christoph Baumgartner,2022-09-10 13:30:00,0,0,0,0,False,2,0,0.3042996935546398
489605,45,0.2870430052280426,h,2022,Hoffenheim,Freiburg,Christoph Baumgartner,2022-09-18 17:30:00,0,0,0,0,False,0,0,0.0
490830,22,0.027123499661684036,a,2022,Hertha Berlin,Hoffenheim,Christoph Baumgartner,2022-10-02 13:30:00,0,0,0,0,False,0,0,0.0
490843,53,0.08136589825153351,a,2022,Hertha Berlin,Hoffenheim,Christoph Baumgartner,2022-10-02 13:30:00,0,0,0,0,False,1,1,0.027123499661684036
490849,73,0.35915499925613403,a,2022,Hertha Berlin,Hoffenheim,Christoph Baumgartner,2022-10-02 13:30:00,0,0,0,0,False,1,1,0.10848939791321754
491275,5,0.04012269899249077,h,2022,Hoffenheim,Werder Bremen,Christoph Baumgartner,2022-10-07 18:30:00,0,0,0,0,False,0,0,0.0
491281,33,0.08053659647703171,h,2022,Hoffenheim,Werder Bremen,Christoph Baumgartner,2022-10-07 18:30:00,0,0,0,0,False,1,1,0.04012269899249077
491286,51,0.11055900156497955,h,2022,Hoffenheim,Werder Bremen,Christoph Baumgartner,2022-10-07 18:30:00,0,0,0,0,False,1,1,0.12065929546952248
491287,54,0.09178479760885239,h,2022,Hoffenheim,Werder Bremen,Christoph Baumgartner,2022-10-07 18:30:00,0,0,0,0,False,1,1,0.23121829703450203
491290,63,0.018393799662590027,h,2022,Hoffenheim,Werder Bremen,Christoph Baumgartner,2022-10-07 18:30:00,0,0,0,0,False,1,1,0.3230030946433544
492697,6,0.12403000146150589,a,2022,Schalke 04,Hoffenheim,Christoph Baumgartner,2022-10-14 18:30:00,0,0,0,0,False,0,0,0.0
492706,26,0.04379269853234291,a,2022,Schalke 04,Hoffenheim,Christoph Baumgartner,2022-10-14 18:30:00,0,0,0,0,False,1,0,0.12403000146150589
492711,40,0.06325370073318481,a,2022,Schalke 04,Hoffenheim,Christoph Baumgartner,2022-10-14 18:30:00,0,0,0,0,False,1,0,0.1678226999938488
492712,43,0.09731809794902802,a,2022,Schalke 04,Hoffenheim,Christoph Baumgartner,2022-10-14 18:30:00,0,0,0,0,False,1,0,0.23107640072703362
497480,33,0.04150170087814331,a,2022,FC Cologne,Hoffenheim,Christoph Baumgartner,2022-10-30 18:30:00,0,0,0,0,False,0,1,0.0
497974,0,0.01779959909617901,h,2022,Hoffenheim,RasenBallsport Leipzig,Christoph Baumgartner,2022-11-05 14:30:00,0,0,0,0,False,0,0,0.0
497995,71,0.03438999876379967,h,2022,Hoffenheim,RasenBallsport Leipzig,Christoph Baumgartner,2022-11-05 14:30:00,0,0,0,0,False,1,3,0.01779959909617901
499440,1,0.09596219658851624,a,2022,Eintracht Frankfurt,Hoffenheim,Christoph Baumgartner,2022-11-09 19:30:00,0,0,1,0,False,0,0,0.0
499448,36,0.7687129974365234,a,2022,Eintracht Frankfurt,Hoffenheim,Christoph Baumgartner,2022-11-09 19:30:00,0,0,0,0,True,0,3,0.09596219658851624
499462,83,0.03470209985971451,a,2022,Eintracht Frankfurt,Hoffenheim,Christoph Baumgartner,2022-11-09 19:30:00,1,0,0,0,False,2,4,0.8646751940250397
499465,88,0.10570699721574783,a,2022,Eintracht Frankfurt,Hoffenheim,Christoph Baumgartner,2022-11-09 19:30:00,1,0,0,0,False,2,4,0.8993772938847542
500046,3,0.05151500180363655,h,2022,Hoffenheim,Wolfsburg,Christoph Baumgartner,2022-11-12 14:30:00,0,0,1,0,False,0,0,0.0
500048,11,0.01893099956214428,h,2022,Hoffenheim,Wolfsburg,Christoph Baumgartner,2022-11-12 14:30:00,0,0,1,0,False,0,0,0.05151500180363655
500051,20,0.022414399310946465,h,2022,Hoffenheim,Wolfsburg,Christoph Baumgartner,2022-11-12 14:30:00,0,0,1,0,False,0,0,0.07044600136578083
500056,41,0.2597559988498688,h,2022,Hoffenheim,Wolfsburg,Christoph Baumgartner,2022-11-12 14:30:00,0,0,0,0,True,0,0,0.0928604006767273
500066,70,0.10116399824619293,h,2022,Hoffenheim,Wolfsburg,Christoph Baumgartner,2022-11-12 14:30:00,1,0,0,0,False,1,1,0.35261639952659607
500074,93,0.06044179946184158,h,2022,Hoffenheim,Wolfsburg,Christoph Baumgartner,2022-11-12 14:30:00,1,0,0,0,False,1,1,0.453780397772789
504582,93,0.024846099317073822,a,2022,Union Berlin,Hoffenheim,Christoph Baumgartner,2023-01-21 14:30:00,0,0,0,0,False,1,2,0.0
505712,7,0.018993500620126724,h,2022,Hoffenheim,Borussia M.Gladbach,Christoph Baumgartner,2023-01-28 14:30:00,0,0,0,0,False,0,0,0.0
505715,12,0.5305740237236023,h,2022,Hoffenheim,Borussia M.Gladbach,Christoph Baumgartner,2023-01-28 14:30:00,0,0,0,0,False,0,1,0.018993500620126724
505731,77,0.10099799931049347,h,2022,Hoffenheim,Borussia M.Gladbach,Christoph Baumgartner,2023-01-28 14:30:00,0,0,0,0,False,0,2,0.549567524343729
506955,32,0.02049349993467331,a,2022,Bochum,Hoffenheim,Christoph Baumgartner,2023-02-04 14:30:00,0,0,1,0,False,0,2,0.0
506959,48,0.04307520017027855,a,2022,Bochum,Hoffenheim,Christoph Baumgartner,2023-02-04 14:30:00,0,0,0,0,True,0,3,0.02049349993467331
509328,35,0.017584599554538727,a,2022,Augsburg,Hoffenheim,Christoph Baumgartner,2023-02-17 19:30:00,0,0,0,0,False,0,0,0.0
510747,66,0.06953970342874527,h,2022,Hoffenheim,Borussia Dortmund,Christoph Baumgartner,2023-02-25 14:30:00,0,0,0,0,False,0,1,0.0
512090,46,0.018412500619888306,a,2022,Mainz 05,Hoffenheim,Christoph Baumgartner,2023-03-04 14:30:00,0,0,0,0,False,0,1,0.0
512104,72,0.07038719952106476,a,2022,Mainz 05,Hoffenheim,Christoph Baumgartner,2023-03-04 14:30:00,0,0,0,0,False,0,1,0.018412500619888306
514926,45,0.016751399263739586,h,2022,Hoffenheim,Hertha Berlin,Christoph Baumgartner,2023-03-18 14:30:00,0,0,0,0,False,2,0,0.0
514927,47,0.024162599816918373,h,2022,Hoffenheim,Hertha Berlin,Christoph Baumgartner,2023-03-18 14:30:00,0,0,0,0,False,2,0,0.016751399263739586
514931,62,0.08742140233516693,h,2022,Hoffenheim,Hertha Berlin,Christoph Baumgartner,2023-03-18 14:30:00,0,0,0,0,False,3,0,0.04091399908065796
517131,51,0.38738900423049927,a,2022,Werder Bremen,Hoffenheim,Christoph Baumgartner,2023-04-02 15:30:00,0,0,0,0,True,1,0,0.0
518878,1,0.4007749855518341,h,2022,Hoffenheim,Schalke 04,Christoph Baumgartner,2023-04-09 17:30:00,0,0,0,0,False,0,0,0.0
518884,25,0.047344498336315155,h,2022,Hoffenheim,Schalke 04,Christoph Baumgartner,2023-04-09 17:30:00,0,0,0,0,False,0,0,0.4007749855518341
518885,28,0.03527729958295822,h,2022,Hoffenheim,Schalke 04,Christoph Baumgartner,2023-04-09 17:30:00,0,0,0,0,False,0,0,0.44811948388814926
518888,34,0.010425399988889694,h,2022,Hoffenheim,Schalke 04,Christoph Baumgartner,2023-04-09 17:30:00,0,0,0,0,False,0,0,0.4833967834711075
518897,79,0.016411500051617622,h,2022,Hoffenheim,Schalke 04,Christoph Baumgartner,2023-04-09 17:30:00,0,0,0,0,False,1,0,0.4938221834599972
520806,60,0.0292881578207016,h,2022,Hoffenheim,FC Cologne,Christoph Baumgartner,2023-04-22 13:30:00,0,0,0,0,False,0,2,0.0
522597,31,0.034094296395778656,a,2022,RasenBallsport Leipzig,Hoffenheim,Christoph Baumgartner,2023-04-29 13:30:00,0,0,0,0,False,0,1,0.0
524580,7,0.3780020773410797,h,2022,Hoffenheim,Eintracht Frankfurt,Christoph Baumgartner,2023-05-06 13:30:00,0,0,0,0,True,0,0,0.0
524586,34,0.14404135942459106,h,2022,Hoffenheim,Eintracht Frankfurt,Christoph Baumgartner,2023-05-06 13:30:00,1,0,0,0,False,1,0,0.3780020773410797
527399,60,0.04503530263900757,h,2022,Hoffenheim,Union Berlin,Christoph Baumgartner,2023-05-20 13:30:00,0,0,0,0,False,2,1,0.0
528983,36,0.016042305156588554,a,2022,VfB Stuttgart,Hoffenheim,Christoph Baumgartner,2023-05-27 13:30:00,0,0,0,0,False,0,0,0.0
528984,38,0.17943400144577026,a,2022,VfB Stuttgart,Hoffenheim,Christoph Baumgartner,2023-05-27 13:30:00,0,0,0,0,False,0,0,0.016042305156588554
479016,81,0.07647909969091415,a,2022,Eintracht Frankfurt,Bayern Munich,Ryan Gravenberch,2022-08-05 18:30:00,0,0,0,0,False,5,1,0.0
482535,82,0.0944857969880104,a,2022,Bochum,Bayern Munich,Ryan Gravenberch,2022-08-21 15:30:00,0,0,0,0,False,6,0,0.0
487410,82,0.14792099595069885,h,2022,Bayern Munich,VfB Stuttgart,Ryan Gravenberch,2022-09-10 13:30:00,0,0,0,0,False,2,1,0.0
489741,87,0.12514999508857727,h,2022,Bayern Munich,Bayer Leverkusen,Ryan Gravenberch,2022-09-30 18:30:00,0,0,0,0,False,4,0,0.0
494893,82,0.04948509857058525,a,2022,Hoffenheim,Bayern Munich,Ryan Gravenberch,2022-10-22 13:30:00,0,0,0,0,False,2,0,0.0
500314,89,0.07661940157413483,a,2022,Schalke 04,Bayern Munich,Ryan Gravenberch,2022-11-12 17:30:00,0,0,0,0,False,2,0,0.0
505396,48,0.019898900762200356,h,2022,Bayern Munich,FC Cologne,Ryan Gravenberch,2023-01-24 19:30:00,0,0,0,0,False,0,1,0.0
509579,2,0.06549510359764099,a,2022,Borussia M.Gladbach,Bayern Munich,Ryan Gravenberch,2023-02-18 14:30:00,0,0,0,0,False,0,0,0.0
517927,92,0.06227409839630127,a,2022,Freiburg,Bayern Munich,Ryan Gravenberch,2023-04-08 13:30:00,0,0,0,0,False,1,0,0.0
523331,91,0.03589431941509247,h,2022,Bayern Munich,Hertha Berlin,Ryan Gravenberch,2023-04-30 13:30:00,0,0,0,0,False,2,0,0.0
527679,78,0.02152732014656067,h,2022,Bayern Munich,RasenBallsport Leipzig,Ryan Gravenberch,2023-05-20 16:30:00,0,0,0,0,False,1,2,0.0
488020,40,0.30140000581741333,h,2022,FC Cologne,Union Berlin,Kristian Pedersen,2022-09-11 13:30:00,0,0,0,0,False,0,0,0.0
479149,41,0.11964599788188934,h,2022,Borussia M.Gladbach,Hoffenheim,Ramy Bensebaini,2022-08-06 13:30:00,0,0,0,0,True,0,1,0.0
481528,11,0.017407899722456932,h,2022,Borussia M.Gladbach,Hertha Berlin,Ramy Bensebaini,2022-08-19 18:30:00,0,0,0,0,False,0,0,0.0
486725,74,0.015045699663460255,h,2022,Borussia M.Gladbach,Mainz 05,Ramy Bensebaini,2022-09-04 15:30:00,0,0,0,0,False,0,1,0.0
486727,89,0.059533800929784775,h,2022,Borussia M.Gladbach,Mainz 05,Ramy Bensebaini,2022-09-04 15:30:00,0,0,0,0,False,0,1,0.015045699663460255
486728,94,0.019803300499916077,h,2022,Borussia M.Gladbach,Mainz 05,Ramy Bensebaini,2022-09-04 15:30:00,0,0,0,0,False,0,1,0.07457950059324503
488116,28,0.10822200030088425,a,2022,Freiburg,Borussia M.Gladbach,Ramy Bensebaini,2022-09-11 15:30:00,0,0,0,0,False,0,0,0.0
488117,45,0.013479899615049362,a,2022,Freiburg,Borussia M.Gladbach,Ramy Bensebaini,2022-09-11 15:30:00,0,0,0,0,False,0,0,0.10822200030088425
488892,50,0.07089880108833313,h,2022,Borussia M.Gladbach,RasenBallsport Leipzig,Ramy Bensebaini,2022-09-17 16:30:00,0,0,1,0,False,2,0,0.0
488894,52,0.37485700845718384,h,2022,Borussia M.Gladbach,RasenBallsport Leipzig,Ramy Bensebaini,2022-09-17 16:30:00,0,0,0,0,True,2,0,0.07089880108833313
490328,36,0,a,2022,Werder Bremen,Borussia M.Gladbach,Ramy Bensebaini,2022-10-01 16:30:00,0,0,0,0,False,0,3,0.0
492213,10,0.0823507010936737,h,2022,Borussia M.Gladbach,FC Cologne,Ramy Bensebaini,2022-10-09 13:30:00,0,0,1,0,False,0,0,0.0
492218,46,0.7577769756317139,h,2022,Borussia M.Gladbach,FC Cologne,Ramy Bensebaini,2022-10-09 13:30:00,0,0,1,0,True,1,1,0.0823507010936737
492224,75,0.7060440182685852,h,2022,Borussia M.Gladbach,FC Cologne,Ramy Bensebaini,2022-10-09 13:30:00,1,0,0,0,True,3,1,0.8401276767253876
493017,81,0.16836099326610565,a,2022,Wolfsburg,Borussia M.Gladbach,Ramy Bensebaini,2022-10-15 13:30:00,0,0,0,0,False,2,2,0.0
493018,83,0.06944649666547775,a,2022,Wolfsburg,Borussia M.Gladbach,Ramy Bensebaini,2022-10-15 13:30:00,0,0,0,0,False,2,2,0.16836099326610565
495201,59,0.06625380367040634,h,2022,Borussia M.Gladbach,Eintracht Frankfurt,Ramy Bensebaini,2022-10-22 16:30:00,0,0,0,0,False,0,3,0.0
497645,9,0.07152319699525833,h,2022,Borussia M.Gladbach,VfB Stuttgart,Ramy Bensebaini,2022-11-04 18:30:00,0,0,0,0,False,1,0,0.0
497657,44,0.01979999989271164,h,2022,Borussia M.Gladbach,VfB Stuttgart,Ramy Bensebaini,2022-11-04 18:30:00,0,0,0,0,False,2,1,0.07152319699525833
497668,88,0.009594409726560116,h,2022,Borussia M.Gladbach,VfB Stuttgart,Ramy Bensebaini,2022-11-04 18:30:00,0,0,0,0,False,2,1,0.09132319688796997
499150,27,0.05992940068244934,a,2022,Bochum,Borussia M.Gladbach,Ramy Bensebaini,2022-11-08 19:30:00,0,0,0,0,False,0,2,0.0
499155,45,0.36088699102401733,a,2022,Bochum,Borussia M.Gladbach,Ramy Bensebaini,2022-11-08 19:30:00,0,0,0,0,False,0,2,0.05992940068244934
499749,25,0.520501971244812,h,2022,Borussia M.Gladbach,Borussia Dortmund,Ramy Bensebaini,2022-11-11 19:30:00,0,0,0,0,True,1,1,0.0
499762,53,0.11524300277233124,h,2022,Borussia M.Gladbach,Borussia Dortmund,Ramy Bensebaini,2022-11-11 19:30:00,1,0,0,0,False,4,2,0.520501971244812
505058,53,0.030639799311757088,h,2022,Borussia M.Gladbach,Bayer Leverkusen,Ramy Bensebaini,2023-01-22 16:30:00,0,0,0,0,False,0,2,0.0
505727,66,0.06993740051984787,a,2022,Hoffenheim,Borussia M.Gladbach,Ramy Bensebaini,2023-01-28 14:30:00,0,0,0,0,False,2,0,0.0
507341,1,0.023251699283719063,h,2022,Borussia M.Gladbach,Schalke 04,Ramy Bensebaini,2023-02-04 17:30:00,0,0,0,0,False,0,0,0.0
509589,33,0.024418700486421585,h,2022,Borussia M.Gladbach,Bayern Munich,Ramy Bensebaini,2023-02-18 14:30:00,0,0,0,0,False,1,0,0.0
509600,56,0.11252699792385101,h,2022,Borussia M.Gladbach,Bayern Munich,Ramy Bensebaini,2023-02-18 14:30:00,0,0,0,0,False,2,1,0.024418700486421585
512004,35,0.04500630125403404,h,2022,Borussia M.Gladbach,Freiburg,Ramy Bensebaini,2023-03-04 14:30:00,0,0,0,0,False,0,0,0.0
516992,33,0.06409689784049988,a,2022,FC Cologne,Borussia M.Gladbach,Ramy Bensebaini,2023-04-02 13:30:00,0,0,0,0,False,0,0,0.0
517003,79,0.01794159971177578,a,2022,FC Cologne,Borussia M.Gladbach,Ramy Bensebaini,2023-04-02 13:30:00,0,0,0,0,False,0,0,0.06409689784049988
518662,52,0.03797709941864014,h,2022,Borussia M.Gladbach,Wolfsburg,Ramy Bensebaini,2023-04-09 13:30:00,0,0,0,0,False,1,0,0.0
521723,33,0.04387276992201805,h,2022,Borussia M.Gladbach,Union Berlin,Ramy Bensebaini,2023-04-23 17:30:00,0,0,0,0,False,0,0,0.0
524471,37,0.11364171653985977,h,2022,Borussia M.Gladbach,Bochum,Ramy Bensebaini,2023-05-06 13:30:00,0,0,0,0,False,1,0,0.0
524493,83,0.023358546197414398,h,2022,Borussia M.Gladbach,Bochum,Ramy Bensebaini,2023-05-06 13:30:00,0,0,0,0,False,1,0,0.11364171653985977
524496,89,0.05390017479658127,h,2022,Borussia M.Gladbach,Bochum,Ramy Bensebaini,2023-05-06 13:30:00,0,0,0,0,False,1,0,0.13700026273727417
526195,11,0.07404273748397827,a,2022,Borussia Dortmund,Borussia M.Gladbach,Ramy Bensebaini,2023-05-13 16:30:00,0,0,1,0,False,0,1,0.0
526224,74,0.75777667760849,a,2022,Borussia Dortmund,Borussia M.Gladbach,Ramy Bensebaini,2023-05-13 16:30:00,0,0,0,0,True,0,4,0.07404273748397827
526230,87,0.07459665089845657,a,2022,Borussia Dortmund,Borussia M.Gladbach,Ramy Bensebaini,2023-05-13 16:30:00,1,0,0,0,False,2,4,0.8318194150924683
529091,45,0.0172874853014946,h,2022,Borussia M.Gladbach,Augsburg,Ramy Bensebaini,2023-05-27 13:30:00,0,0,0,0,False,2,0,0.0
529093,50,0.0744948610663414,h,2022,Borussia M.Gladbach,Augsburg,Ramy Bensebaini,2023-05-27 13:30:00,0,0,0,0,False,2,0,0.0172874853014946
519048,53,0.03889809921383858,h,2022,Schalke 04,Hertha Berlin,Marcin Kaminski,2023-04-14 18:30:00,0,0,1,0,False,3,1,0.0
519057,91,0.08391539752483368,h,2022,Schalke 04,Hertha Berlin,Marcin Kaminski,2023-04-14 18:30:00,0,0,0,0,True,4,2,0.03889809921383858
522901,28,0.04089880362153053,h,2022,Schalke 04,Werder Bremen,Marcin Kaminski,2023-04-29 16:30:00,0,0,0,0,False,0,1,0.0
528915,27,0.1354120820760727,a,2022,RasenBallsport Leipzig,Schalke 04,Marcin Kaminski,2023-05-27 13:30:00,0,0,0,0,True,0,2,0.0
482537,84,0.01395879965275526,h,2022,Bochum,Bayern Munich,Erhan Masovic,2022-08-21 15:30:00,0,0,0,0,False,0,6,0.0
487629,72,0,a,2022,Schalke 04,Bochum,Erhan Masovic,2022-09-10 16:30:00,0,0,0,0,False,1,1,0.0
505781,71,0.2489369958639145,a,2022,Mainz 05,Bochum,Erhan Masovic,2023-01-28 14:30:00,0,0,0,0,True,1,4,0.0
506951,26,0.07354869693517685,h,2022,Bochum,Hoffenheim,Erhan Masovic,2023-02-04 14:30:00,0,0,1,0,False,1,0,0.0
506962,68,0.3742940127849579,h,2022,Bochum,Hoffenheim,Erhan Masovic,2023-02-04 14:30:00,0,0,0,0,True,3,1,0.07354869693517685
510804,45,0.014964399859309196,a,2022,Werder Bremen,Bochum,Erhan Masovic,2023-02-25 14:30:00,0,0,0,0,False,0,2,0.0
510809,75,0.033696498721838,a,2022,Werder Bremen,Bochum,Erhan Masovic,2023-02-25 14:30:00,0,0,0,0,False,0,3,0.014964399859309196
510810,78,0.06881769746541977,a,2022,Werder Bremen,Bochum,Erhan Masovic,2023-02-25 14:30:00,0,0,0,0,False,0,3,0.048660898581147194
513139,62,0.03582879900932312,a,2022,FC Cologne,Bochum,Erhan Masovic,2023-03-10 19:30:00,0,0,1,0,False,1,0,0.0
513141,75,0.4729529917240143,a,2022,FC Cologne,Bochum,Erhan Masovic,2023-03-10 19:30:00,0,0,0,0,True,1,0,0.03582879900932312
514892,47,0.4555479884147644,h,2022,Bochum,RasenBallsport Leipzig,Erhan Masovic,2023-03-18 14:30:00,0,0,0,0,True,0,0,0.0
520226,88,0.017558999359607697,a,2022,Union Berlin,Bochum,Erhan Masovic,2023-04-16 15:30:00,0,0,0,0,False,1,1,0.0
520767,49,0.7322050929069519,h,2022,Bochum,Wolfsburg,Erhan Masovic,2023-04-22 13:30:00,0,0,0,0,False,0,3,0.0
520774,62,0.11866240948438644,h,2022,Bochum,Wolfsburg,Erhan Masovic,2023-04-22 13:30:00,0,0,0,0,False,0,4,0.7322050929069519
520786,85,0.04524416849017143,h,2022,Bochum,Wolfsburg,Erhan Masovic,2023-04-22 13:30:00,0,0,0,0,False,1,5,0.8508675023913383
524475,41,0.04402860999107361,a,2022,Borussia M.Gladbach,Bochum,Erhan Masovic,2023-05-06 13:30:00,0,0,0,0,False,0,1,0.0
527381,70,0.016945108771324158,a,2022,Hertha Berlin,Bochum,Erhan Masovic,2023-05-20 13:30:00,0,0,0,0,False,0,1,0.0
483483,63,0.060238998383283615,a,2022,Hertha Berlin,Borussia Dortmund,Mats Hummels,2022-08-27 13:30:00,0,0,0,0,False,1,0,0.0
485552,45,0.07654470205307007,h,2022,Borussia Dortmund,Hoffenheim,Mats Hummels,2022-09-02 18:30:00,0,0,0,0,False,1,0,0.0
493820,52,0.03622790053486824,a,2022,Union Berlin,Borussia Dortmund,Mats Hummels,2022-10-16 15:30:00,0,0,0,0,False,0,2,0.0
499025,81,0.027824699878692627,a,2022,Wolfsburg,Borussia Dortmund,Mats Hummels,2022-11-08 17:30:00,0,0,0,0,False,0,1,0.0
499767,65,0.07405199855566025,a,2022,Borussia M.Gladbach,Borussia Dortmund,Mats Hummels,2022-11-11 19:30:00,0,0,0,0,False,2,4,0.0
504981,4,0.05229710042476654,h,2022,Borussia Dortmund,Augsburg,Mats Hummels,2023-01-22 14:30:00,0,0,0,0,False,0,0,0.0
504983,14,0.0754351019859314,h,2022,Borussia Dortmund,Augsburg,Mats Hummels,2023-01-22 14:30:00,0,0,0,0,False,0,0,0.05229710042476654
504993,35,0.36097899079322815,h,2022,Borussia Dortmund,Augsburg,Mats Hummels,2023-01-22 14:30:00,0,0,0,0,False,1,0,0.12773220241069794
504997,44,0.08739449828863144,h,2022,Borussia Dortmund,Augsburg,Mats Hummels,2023-01-22 14:30:00,0,0,0,0,False,2,1,0.4887111932039261
504996,44,0.248648002743721,h,2022,Borussia Dortmund,Augsburg,Mats Hummels,2023-01-22 14:30:00,0,0,0,0,False,2,1,0.5761056914925575
505017,90,0.05124650150537491,h,2022,Borussia Dortmund,Augsburg,Mats Hummels,2023-01-22 14:30:00,0,0,0,0,False,4,3,0.8247536942362785
517953,5,0.09124679863452911,h,2022,Borussia Dortmund,Union Berlin,Mats Hummels,2023-04-08 13:30:00,0,0,0,0,False,0,0,0.0
521050,41,0.05496235564351082,h,2022,Borussia Dortmund,Eintracht Frankfurt,Mats Hummels,2023-04-22 16:30:00,0,0,0,0,True,2,0,0.0
528150,20,0.07825306802988052,a,2022,Augsburg,Borussia Dortmund,Mats Hummels,2023-05-21 15:30:00,0,0,0,0,False,0,0,0.0
528149,20,0.08819755166769028,a,2022,Augsburg,Borussia Dortmund,Mats Hummels,2023-05-21 15:30:00,0,0,0,0,False,0,0,0.07825306802988052
528886,46,0.016736531630158424,h,2022,Borussia Dortmund,Mainz 05,Mats Hummels,2023-05-27 13:30:00,0,0,0,0,False,0,2,0.0
528904,83,0.43433597683906555,h,2022,Borussia Dortmund,Mainz 05,Mats Hummels,2023-05-27 13:30:00,0,0,0,0,False,1,2,0.016736531630158424
497422,85,0.238755002617836,a,2022,Schalke 04,Freiburg,Lucas Höler,2022-10-30 16:30:00,0,0,0,0,False,2,0,0.0
504491,58,0.06898599863052368,a,2022,Wolfsburg,Freiburg,Lucas Höler,2023-01-21 14:30:00,0,0,0,0,False,0,4,0.0
505474,11,0.022473199293017387,h,2022,Freiburg,Eintracht Frankfurt,Lucas Höler,2023-01-25 19:30:00,0,0,0,0,False,0,0,0.0
505475,20,0.06291700154542923,h,2022,Freiburg,Eintracht Frankfurt,Lucas Höler,2023-01-25 19:30:00,0,0,0,0,False,0,0,0.022473199293017387
505788,2,0.03526579961180687,h,2022,Freiburg,Augsburg,Lucas Höler,2023-01-28 14:30:00,0,0,1,0,False,0,0,0.0
505793,29,0.6038240194320679,h,2022,Freiburg,Augsburg,Lucas Höler,2023-01-28 14:30:00,0,0,0,0,True,1,1,0.03526579961180687
506978,44,0.06453879922628403,a,2022,Borussia Dortmund,Freiburg,Lucas Höler,2023-02-04 14:30:00,0,0,0,0,True,0,1,0.0
509481,48,0.13534200191497803,a,2022,Bochum,Freiburg,Lucas Höler,2023-02-18 14:30:00,0,0,1,0,False,1,0,0.0
509482,49,0.03920869901776314,a,2022,Bochum,Freiburg,Lucas Höler,2023-02-18 14:30:00,0,0,1,0,False,1,0,0.13534200191497803
509483,50,0.052302200347185135,a,2022,Bochum,Freiburg,Lucas Höler,2023-02-18 14:30:00,0,0,0,0,True,1,0,0.17455070093274117
511388,70,0.7472059726715088,h,2022,Freiburg,Bayer Leverkusen,Lucas Höler,2023-02-26 14:30:00,0,0,0,0,False,1,1,0.0
512003,31,0.012906800024211407,a,2022,Borussia M.Gladbach,Freiburg,Lucas Höler,2023-03-04 14:30:00,0,0,0,0,False,0,0,0.0
512009,50,0.0730573982000351,a,2022,Borussia M.Gladbach,Freiburg,Lucas Höler,2023-03-04 14:30:00,0,0,0,0,False,0,0,0.012906800024211407
514137,70,0.022640399634838104,h,2022,Freiburg,Hoffenheim,Lucas Höler,2023-03-12 14:30:00,0,0,0,0,False,1,1,0.0
515856,87,0.46456798911094666,a,2022,Mainz 05,Freiburg,Lucas Höler,2023-03-19 18:30:00,0,0,0,0,False,1,0,0.0
516124,19,0.10068400204181671,h,2022,Freiburg,Hertha Berlin,Lucas Höler,2023-04-01 13:30:00,0,0,0,0,False,0,0,0.0
516127,26,0.025580599904060364,h,2022,Freiburg,Hertha Berlin,Lucas Höler,2023-04-01 13:30:00,0,0,0,0,False,0,0,0.10068400204181671
516132,45,0.038266900926828384,h,2022,Freiburg,Hertha Berlin,Lucas Höler,2023-04-01 13:30:00,0,0,0,0,False,0,0,0.12626460194587708
516141,73,0.08484269678592682,h,2022,Freiburg,Hertha Berlin,Lucas Höler,2023-04-01 13:30:00,0,0,0,0,False,1,0,0.16453150287270546
517917,65,0.041455600410699844,h,2022,Freiburg,Bayern Munich,Lucas Höler,2023-04-08 13:30:00,0,0,0,0,False,0,1,0.0
520102,70,0.02572540007531643,a,2022,Werder Bremen,Freiburg,Lucas Höler,2023-04-16 13:30:00,0,0,0,0,True,1,1,0.0
521519,17,0.033218637108802795,h,2022,Freiburg,Schalke 04,Lucas Höler,2023-04-23 13:30:00,0,0,1,0,False,1,0,0.0
521530,51,0.1085888147354126,h,2022,Freiburg,Schalke 04,Lucas Höler,2023-04-23 13:30:00,0,0,0,0,True,2,0,0.033218637108802795
522652,29,0.05081040784716606,a,2022,FC Cologne,Freiburg,Lucas Höler,2023-04-29 13:30:00,0,0,0,0,False,0,0,0.0
522658,42,0.020307181403040886,a,2022,FC Cologne,Freiburg,Lucas Höler,2023-04-29 13:30:00,0,0,0,0,False,0,0,0.05081040784716606
522661,52,0.06710505485534668,a,2022,FC Cologne,Freiburg,Lucas Höler,2023-04-29 13:30:00,0,0,0,0,False,0,0,0.07111758925020695
524620,90,0.0648900717496872,h,2022,Freiburg,RasenBallsport Leipzig,Lucas Höler,2023-05-06 13:30:00,0,0,0,0,False,0,1,0.0
525949,65,0.07248643040657043,a,2022,Union Berlin,Freiburg,Lucas Höler,2023-05-13 13:30:00,0,0,0,0,False,1,3,0.0
527046,20,0.05371798574924469,h,2022,Freiburg,Wolfsburg,Lucas Höler,2023-05-19 18:30:00,0,0,0,0,False,0,0,0.0
527059,76,0.17158637940883636,h,2022,Freiburg,Wolfsburg,Lucas Höler,2023-05-19 18:30:00,0,0,0,0,False,2,0,0.05371798574924469
504999,49,0.05529779940843582,a,2022,Borussia Dortmund,Augsburg,Dion Beljo,2023-01-22 14:30:00,0,0,0,0,False,2,2,0.0
505801,57,0.07782670110464096,a,2022,Freiburg,Augsburg,Dion Beljo,2023-01-28 14:30:00,0,0,0,0,False,1,2,0.0
506808,30,0.0275666993111372,h,2022,Augsburg,Bayer Leverkusen,Dion Beljo,2023-02-03 19:30:00,0,0,0,0,False,0,0,0.0
506818,54,0.022353900596499443,h,2022,Augsburg,Bayer Leverkusen,Dion Beljo,2023-02-03 19:30:00,0,0,0,0,False,0,0,0.0275666993111372
512018,4,0.08176259696483612,h,2022,Augsburg,Werder Bremen,Dion Beljo,2023-03-04 14:30:00,0,0,0,0,True,0,0,0.0
517854,17,0.016980299726128578,h,2022,Augsburg,FC Cologne,Dion Beljo,2023-04-08 13:30:00,0,0,0,0,False,0,2,0.0
517867,72,0.02157139964401722,h,2022,Augsburg,FC Cologne,Dion Beljo,2023-04-08 13:30:00,0,0,0,0,False,1,3,0.016980299726128578
520467,7,0.5870513319969177,h,2022,Augsburg,VfB Stuttgart,Dion Beljo,2023-04-21 18:30:00,0,0,0,0,True,0,0,0.0
522635,44,0.08600617945194244,a,2022,Eintracht Frankfurt,Augsburg,Dion Beljo,2023-04-29 13:30:00,0,0,0,0,False,0,0,0.0
524562,42,0.26381078362464905,h,2022,Augsburg,Union Berlin,Dion Beljo,2023-05-06 13:30:00,0,0,1,0,False,0,0,0.0
524564,52,0.11059644818305969,h,2022,Augsburg,Union Berlin,Dion Beljo,2023-05-06 13:30:00,0,0,0,0,True,0,0,0.26381078362464905
525826,84,0.11612945795059204,a,2022,Bochum,Augsburg,Dion Beljo,2023-05-13 13:30:00,0,0,0,0,False,1,2,0.0
521542,86,0.040048934519290924,h,2022,Freiburg,Schalke 04,Robert Wagner,2023-04-23 13:30:00,0,0,0,0,False,4,0,0.0
521547,89,0.46850669384002686,h,2022,Freiburg,Schalke 04,Robert Wagner,2023-04-23 13:30:00,0,0,0,0,False,4,0,0.040048934519290924
483920,85,0.03848490118980408,a,2022,Bayern Munich,Borussia M.Gladbach,Patrick Herrmann,2022-08-27 16:30:00,0,0,0,0,False,1,1,0.0
490340,84,0.01909879967570305,a,2022,Werder Bremen,Borussia M.Gladbach,Patrick Herrmann,2022-10-01 16:30:00,0,0,0,0,False,1,4,0.0
490342,86,0.08571109920740128,a,2022,Werder Bremen,Borussia M.Gladbach,Patrick Herrmann,2022-10-01 16:30:00,0,0,0,0,False,1,4,0.01909879967570305
497670,93,0.08967330306768417,h,2022,Borussia M.Gladbach,VfB Stuttgart,Patrick Herrmann,2022-11-04 18:30:00,0,0,0,0,True,2,1,0.0
499763,53,0.023739900439977646,h,2022,Borussia M.Gladbach,Borussia Dortmund,Patrick Herrmann,2022-11-11 19:30:00,0,0,0,0,False,4,2,0.0
499766,59,0.009425800293684006,h,2022,Borussia M.Gladbach,Borussia Dortmund,Patrick Herrmann,2022-11-11 19:30:00,0,0,0,0,False,4,2,0.023739900439977646
504590,20,0.05073599889874458,a,2022,Eintracht Frankfurt,Schalke 04,Soichiro Kozuki,2023-01-21 14:30:00,0,0,0,0,False,0,0,0.0
504595,31,0.08535029739141464,a,2022,Eintracht Frankfurt,Schalke 04,Soichiro Kozuki,2023-01-21 14:30:00,0,0,0,0,False,0,1,0.05073599889874458
504601,46,0.4592350125312805,a,2022,Eintracht Frankfurt,Schalke 04,Soichiro Kozuki,2023-01-21 14:30:00,0,0,0,0,False,0,1,0.13608629629015923
505316,46,0.012846900150179863,h,2022,Schalke 04,RasenBallsport Leipzig,Soichiro Kozuki,2023-01-24 17:30:00,0,0,1,0,False,0,4,0.0
505319,55,0.27859699726104736,h,2022,Schalke 04,RasenBallsport Leipzig,Soichiro Kozuki,2023-01-24 17:30:00,0,0,0,0,True,0,4,0.012846900150179863
506222,53,0.020887300372123718,h,2022,Schalke 04,FC Cologne,Soichiro Kozuki,2023-01-29 14:30:00,0,0,0,0,False,0,0,0.0
506223,54,0.029183000326156616,h,2022,Schalke 04,FC Cologne,Soichiro Kozuki,2023-01-29 14:30:00,0,0,0,0,False,0,0,0.020887300372123718
506224,57,0.013052799738943577,h,2022,Schalke 04,FC Cologne,Soichiro Kozuki,2023-01-29 14:30:00,0,0,0,0,False,0,0,0.050070300698280334
506228,70,0.1173200011253357,h,2022,Schalke 04,FC Cologne,Soichiro Kozuki,2023-01-29 14:30:00,0,0,0,0,False,0,0,0.06312310043722391
507344,17,0.05127739906311035,a,2022,Borussia M.Gladbach,Schalke 04,Soichiro Kozuki,2023-02-04 17:30:00,0,0,0,0,False,0,0,0.0
507345,23,0.02304919995367527,a,2022,Borussia M.Gladbach,Schalke 04,Soichiro Kozuki,2023-02-04 17:30:00,0,0,0,0,False,0,0,0.05127739906311035
507355,41,0.02089410088956356,a,2022,Borussia M.Gladbach,Schalke 04,Soichiro Kozuki,2023-02-04 17:30:00,0,0,0,0,False,0,0,0.07432659901678562
508089,1,0.05035249888896942,h,2022,Schalke 04,Wolfsburg,Soichiro Kozuki,2023-02-10 19:30:00,0,0,0,0,False,0,0,0.0
508092,14,0.015436099842190742,h,2022,Schalke 04,Wolfsburg,Soichiro Kozuki,2023-02-10 19:30:00,0,0,0,0,False,0,0,0.05035249888896942
489596,11,0.05260220170021057,h,2022,Hoffenheim,Freiburg,Kevin Akpoguma,2022-09-18 17:30:00,0,0,0,0,False,0,0,0.0
499460,72,0.06796339899301529,a,2022,Eintracht Frankfurt,Hoffenheim,Kevin Akpoguma,2022-11-09 19:30:00,0,0,0,0,False,2,4,0.0
500060,48,0.05796710029244423,h,2022,Hoffenheim,Wolfsburg,Kevin Akpoguma,2022-11-12 14:30:00,0,0,0,0,False,1,0,0.0
505362,29,0.047879498451948166,h,2022,Hoffenheim,VfB Stuttgart,Kevin Akpoguma,2023-01-24 19:30:00,0,0,0,0,False,1,0,0.0
505378,85,0.012069299817085266,h,2022,Hoffenheim,VfB Stuttgart,Kevin Akpoguma,2023-01-24 19:30:00,0,0,0,0,False,1,2,0.047879498451948166
508294,52,0.1029760017991066,h,2022,Hoffenheim,Bayer Leverkusen,Kevin Akpoguma,2023-02-11 14:30:00,0,0,0,0,False,0,2,0.0
514142,92,0.051440998911857605,a,2022,Freiburg,Hoffenheim,Kevin Akpoguma,2023-03-12 14:30:00,0,0,0,0,False,1,2,0.0
527389,12,0.021450577303767204,h,2022,Hoffenheim,Union Berlin,Kevin Akpoguma,2023-05-20 13:30:00,0,0,0,0,False,0,0,0.0
479867,20,0.11100400239229202,h,2022,FC Cologne,Schalke 04,Florian Dietz,2022-08-07 15:30:00,0,0,0,0,False,0,0,0.0
479869,24,0.07353659719228745,h,2022,FC Cologne,Schalke 04,Florian Dietz,2022-08-07 15:30:00,0,0,0,0,False,0,0,0.11100400239229202
479868,24,0.4139289855957031,h,2022,FC Cologne,Schalke 04,Florian Dietz,2022-08-07 15:30:00,0,0,0,0,False,0,0,0.18454059958457947
479878,46,0.122809998691082,h,2022,FC Cologne,Schalke 04,Florian Dietz,2022-08-07 15:30:00,0,0,0,0,False,0,0,0.5984695851802826
479889,73,0.11633600294589996,h,2022,FC Cologne,Schalke 04,Florian Dietz,2022-08-07 15:30:00,0,0,0,0,False,2,0,0.7212795838713646
480236,16,0.0782317966222763,a,2022,RasenBallsport Leipzig,FC Cologne,Florian Dietz,2022-08-13 13:30:00,0,0,1,0,False,0,0,0.0
480240,38,0.0502316989004612,a,2022,RasenBallsport Leipzig,FC Cologne,Florian Dietz,2022-08-13 13:30:00,0,0,1,0,False,0,1,0.0782317966222763
480242,39,0.5524489879608154,a,2022,RasenBallsport Leipzig,FC Cologne,Florian Dietz,2022-08-13 13:30:00,0,0,0,0,True,0,1,0.1284634955227375
480247,68,0.13340699672698975,a,2022,RasenBallsport Leipzig,FC Cologne,Florian Dietz,2022-08-13 13:30:00,1,0,0,0,False,1,2,0.6809124834835529
488019,39,0.05622519925236702,h,2022,FC Cologne,Union Berlin,Florian Dietz,2022-09-11 13:30:00,0,0,0,0,False,0,0,0.0
489489,80,0.048763200640678406,a,2022,Bochum,FC Cologne,Florian Dietz,2022-09-18 15:30:00,0,0,0,0,False,0,0,0.0
489490,84,0.10482099652290344,a,2022,Bochum,FC Cologne,Florian Dietz,2022-09-18 15:30:00,0,0,0,0,False,0,0,0.048763200640678406
489492,92,0.05196269974112511,a,2022,Bochum,FC Cologne,Florian Dietz,2022-09-18 15:30:00,0,0,0,0,False,1,0,0.15358419716358185
489941,63,0.0954504981637001,h,2022,FC Cologne,Borussia Dortmund,Florian Dietz,2022-10-01 13:30:00,0,0,0,0,False,2,1,0.0
489945,68,0.21909600496292114,h,2022,FC Cologne,Borussia Dortmund,Florian Dietz,2022-10-01 13:30:00,0,0,0,0,False,2,1,0.0954504981637001
489948,73,0.10251899808645248,h,2022,FC Cologne,Borussia Dortmund,Florian Dietz,2022-10-01 13:30:00,0,0,0,0,False,3,1,0.31454650312662125
489954,84,0.05489249899983406,h,2022,FC Cologne,Borussia Dortmund,Florian Dietz,2022-10-01 13:30:00,0,0,0,0,False,3,1,0.41706550121307373
483572,59,0.015166900120675564,a,2022,RasenBallsport Leipzig,Wolfsburg,Josip Brekalo,2022-08-27 13:30:00,0,0,0,0,False,0,1,0.0
489392,31,0.06977710127830505,a,2022,Union Berlin,Wolfsburg,Josip Brekalo,2022-09-18 13:30:00,0,0,0,0,False,0,0,0.0
487506,84,0.014259099960327148,a,2022,Hertha Berlin,Bayer Leverkusen,Nadiem Amiri,2022-09-10 13:30:00,0,0,0,0,False,2,2,0.0
494979,62,0.013490100391209126,h,2022,Bayer Leverkusen,Wolfsburg,Nadiem Amiri,2022-10-22 13:30:00,0,0,0,0,False,1,1,0.0
494983,77,0.016685200855135918,h,2022,Bayer Leverkusen,Wolfsburg,Nadiem Amiri,2022-10-22 13:30:00,0,0,0,0,False,2,1,0.013490100391209126
498731,38,0.027264399453997612,h,2022,Bayer Leverkusen,Union Berlin,Nadiem Amiri,2022-11-06 14:30:00,0,0,0,0,False,0,0,0.0
498734,51,0.08325640112161636,h,2022,Bayer Leverkusen,Union Berlin,Nadiem Amiri,2022-11-06 14:30:00,0,0,0,0,False,1,0,0.027264399453997612
498744,84,0.0156955998390913,h,2022,Bayer Leverkusen,Union Berlin,Nadiem Amiri,2022-11-06 14:30:00,0,0,0,0,False,5,0,0.11052080057561398
499285,62,0.029617199674248695,a,2022,FC Cologne,Bayer Leverkusen,Nadiem Amiri,2022-11-09 17:30:00,0,0,1,0,False,0,1,0.0
499287,64,0.09300199896097183,a,2022,FC Cologne,Bayer Leverkusen,Nadiem Amiri,2022-11-09 17:30:00,0,0,0,0,True,0,1,0.029617199674248695
505063,66,0.09884539991617203,a,2022,Borussia M.Gladbach,Bayer Leverkusen,Nadiem Amiri,2023-01-22 16:30:00,0,0,0,0,True,2,0,0.0
505461,36,0.036325398832559586,h,2022,Bayer Leverkusen,Bochum,Nadiem Amiri,2023-01-25 19:30:00,0,0,0,0,False,1,0,0.0
506287,4,0.012894599698483944,h,2022,Bayer Leverkusen,Borussia Dortmund,Nadiem Amiri,2023-01-29 16:30:00,0,0,0,0,False,0,0,0.0
506288,10,0.04673970118165016,h,2022,Bayer Leverkusen,Borussia Dortmund,Nadiem Amiri,2023-01-29 16:30:00,0,0,0,0,False,0,0,0.012894599698483944
510433,6,0.014822700060904026,h,2022,Bayer Leverkusen,Mainz 05,Nadiem Amiri,2023-02-19 18:30:00,0,0,1,0,False,0,0,0.0
510439,27,0.053933098912239075,h,2022,Bayer Leverkusen,Mainz 05,Nadiem Amiri,2023-02-19 18:30:00,0,0,1,0,False,0,1,0.014822700060904026
510440,31,0.3726949989795685,h,2022,Bayer Leverkusen,Mainz 05,Nadiem Amiri,2023-02-19 18:30:00,0,0,0,0,True,0,1,0.0687557989731431
514261,78,0.06776010245084763,a,2022,Werder Bremen,Bayer Leverkusen,Nadiem Amiri,2023-03-12 16:30:00,0,0,0,0,False,2,1,0.0
520305,40,0.013551300391554832,a,2022,Wolfsburg,Bayer Leverkusen,Nadiem Amiri,2023-04-16 17:30:00,0,0,0,0,False,0,0,0.0
520311,53,0.03643349930644035,a,2022,Wolfsburg,Bayer Leverkusen,Nadiem Amiri,2023-04-16 17:30:00,0,0,0,0,False,0,0,0.013551300391554832
521652,82,0.025773735716938972,h,2022,Bayer Leverkusen,RasenBallsport Leipzig,Nadiem Amiri,2023-04-23 15:30:00,0,0,1,0,False,1,0,0.0
521653,85,0.75777667760849,h,2022,Bayer Leverkusen,RasenBallsport Leipzig,Nadiem Amiri,2023-04-23 15:30:00,0,0,0,0,True,1,0,0.025773735716938972
524381,4,0.06850726902484894,h,2022,Bayer Leverkusen,FC Cologne,Nadiem Amiri,2023-05-05 18:30:00,0,0,0,0,False,0,0,0.0
526606,95,0.022641008719801903,a,2022,VfB Stuttgart,Bayer Leverkusen,Nadiem Amiri,2023-05-14 13:30:00,0,0,0,0,False,1,1,0.0
529024,60,0.1302661895751953,a,2022,Bochum,Bayer Leverkusen,Nadiem Amiri,2023-05-27 13:30:00,0,0,0,0,False,0,2,0.0
529026,65,0.06539972871541977,a,2022,Bochum,Bayer Leverkusen,Nadiem Amiri,2023-05-27 13:30:00,0,0,0,0,False,0,2,0.1302661895751953
481740,78,0.021849200129508972,h,2022,VfB Stuttgart,Freiburg,Enzo Millot,2022-08-20 13:30:00,0,0,0,0,False,0,1,0.0
481742,86,0.01102139987051487,h,2022,VfB Stuttgart,Freiburg,Enzo Millot,2022-08-20 13:30:00,0,0,0,0,False,0,1,0.021849200129508972
492966,1,0.05135500058531761,h,2022,VfB Stuttgart,Bochum,Enzo Millot,2022-10-15 13:30:00,0,0,0,0,False,0,0,0.0
492970,19,0.1291559934616089,h,2022,VfB Stuttgart,Bochum,Enzo Millot,2022-10-15 13:30:00,0,0,0,0,False,1,0,0.05135500058531761
499217,95,0.11863899976015091,h,2022,VfB Stuttgart,Hertha Berlin,Enzo Millot,2022-11-08 19:30:00,0,0,0,0,False,1,1,0.0
500087,69,0.05685180053114891,a,2022,Bayer Leverkusen,VfB Stuttgart,Enzo Millot,2022-11-12 14:30:00,0,0,0,0,False,0,1,0.0
509525,85,0.5076159834861755,h,2022,VfB Stuttgart,FC Cologne,Enzo Millot,2023-02-18 14:30:00,0,0,0,0,False,3,0,0.0
513387,78,0.04294680058956146,a,2022,Eintracht Frankfurt,VfB Stuttgart,Enzo Millot,2023-03-11 14:30:00,0,0,0,0,False,1,1,0.0
514854,75,0.02183840051293373,h,2022,VfB Stuttgart,Wolfsburg,Enzo Millot,2023-03-18 14:30:00,0,0,0,0,False,0,1,0.0
514856,85,0.0648052990436554,h,2022,VfB Stuttgart,Wolfsburg,Enzo Millot,2023-03-18 14:30:00,0,0,0,0,False,0,1,0.02183840051293373
516260,74,0.3142220079898834,a,2022,Union Berlin,VfB Stuttgart,Enzo Millot,2023-04-01 13:30:00,0,0,0,0,False,0,2,0.0
522704,20,0.022531265392899513,h,2022,VfB Stuttgart,Borussia M.Gladbach,Enzo Millot,2023-04-29 13:30:00,0,0,0,0,False,0,0,0.0
522714,41,0.030470993369817734,h,2022,VfB Stuttgart,Borussia M.Gladbach,Enzo Millot,2023-04-29 13:30:00,0,0,0,0,False,1,0,0.022531265392899513
524540,31,0.0650712326169014,a,2022,Hertha Berlin,VfB Stuttgart,Enzo Millot,2023-05-06 13:30:00,0,0,0,0,False,0,1,0.0
524546,67,0.017244305461645126,a,2022,Hertha Berlin,VfB Stuttgart,Enzo Millot,2023-05-06 13:30:00,0,0,0,0,False,1,2,0.0650712326169014
528993,71,0.029665883630514145,h,2022,VfB Stuttgart,Hoffenheim,Enzo Millot,2023-05-27 13:30:00,0,0,0,0,False,0,0,0.0
528997,76,0.0855788066983223,h,2022,VfB Stuttgart,Hoffenheim,Enzo Millot,2023-05-27 13:30:00,0,0,0,0,False,0,1,0.029665883630514145
479011,63,0.21217100322246552,h,2022,Eintracht Frankfurt,Bayern Munich,Randal Kolo Muani,2022-08-05 18:30:00,0,0,0,0,True,0,5,0.0
479014,76,0.056277498602867126,h,2022,Eintracht Frankfurt,Bayern Munich,Randal Kolo Muani,2022-08-05 18:30:00,1,0,0,0,False,1,5,0.21217100322246552
480187,55,0.04767559841275215,a,2022,Hertha Berlin,Eintracht Frankfurt,Randal Kolo Muani,2022-08-13 13:30:00,0,0,0,0,False,1,1,0.0
480192,64,0.11605899780988693,a,2022,Hertha Berlin,Eintracht Frankfurt,Randal Kolo Muani,2022-08-13 13:30:00,0,0,0,0,False,1,1,0.04767559841275215
484508,31,0.5768550038337708,a,2022,Werder Bremen,Eintracht Frankfurt,Randal Kolo Muani,2022-08-28 15:30:00,0,0,0,0,True,1,2,0.0
484509,35,0.08230459690093994,a,2022,Werder Bremen,Eintracht Frankfurt,Randal Kolo Muani,2022-08-28 15:30:00,1,0,0,0,False,2,2,0.5768550038337708
486189,51,0.17167599499225616,h,2022,Eintracht Frankfurt,RasenBallsport Leipzig,Randal Kolo Muani,2022-09-03 16:30:00,0,0,0,0,False,2,0,0.0
487466,20,0.041589900851249695,h,2022,Eintracht Frankfurt,Wolfsburg,Randal Kolo Muani,2022-09-10 13:30:00,0,0,0,0,False,0,0,0.0
487467,22,0.07552079856395721,h,2022,Eintracht Frankfurt,Wolfsburg,Randal Kolo Muani,2022-09-10 13:30:00,0,0,0,0,False,0,0,0.041589900851249695
488678,49,0.02445030026137829,a,2022,VfB Stuttgart,Eintracht Frankfurt,Randal Kolo Muani,2022-09-17 13:30:00,0,0,0,0,False,1,0,0.0
489965,35,0.06212079897522926,h,2022,Eintracht Frankfurt,Union Berlin,Randal Kolo Muani,2022-10-01 13:30:00,0,0,0,0,False,1,0,0.0
493048,8,0.37918001413345337,h,2022,Eintracht Frankfurt,Bayer Leverkusen,Randal Kolo Muani,2022-10-15 13:30:00,0,0,1,0,False,0,0,0.0
493051,27,0.4072290062904358,h,2022,Eintracht Frankfurt,Bayer Leverkusen,Randal Kolo Muani,2022-10-15 13:30:00,0,0,1,0,False,0,0,0.37918001413345337
493053,40,0.08222509920597076,h,2022,Eintracht Frankfurt,Bayer Leverkusen,Randal Kolo Muani,2022-10-15 13:30:00,0,0,1,0,False,0,0,0.7864090204238892
493057,57,0.4557119905948639,h,2022,Eintracht Frankfurt,Bayer Leverkusen,Randal Kolo Muani,2022-10-15 13:30:00,0,0,0,0,True,1,1,0.8686341196298599
493066,75,0.14430199563503265,h,2022,Eintracht Frankfurt,Bayer Leverkusen,Randal Kolo Muani,2022-10-15 13:30:00,1,0,0,0,False,4,1,1.3243461102247238
495186,7,0.11781500279903412,a,2022,Borussia M.Gladbach,Eintracht Frankfurt,Randal Kolo Muani,2022-10-22 16:30:00,0,0,0,0,False,1,0,0.0
495192,25,0.1473899930715561,a,2022,Borussia M.Gladbach,Eintracht Frankfurt,Randal Kolo Muani,2022-10-22 16:30:00,0,0,0,0,False,1,0,0.11781500279903412
495198,37,0.08823350071907043,a,2022,Borussia M.Gladbach,Eintracht Frankfurt,Randal Kolo Muani,2022-10-22 16:30:00,0,0,0,0,False,2,0,0.2652049958705902
495200,46,0.07916270196437836,a,2022,Borussia M.Gladbach,Eintracht Frankfurt,Randal Kolo Muani,2022-10-22 16:30:00,0,0,0,0,False,3,0,0.35343849658966064
496738,38,0.057347800582647324,h,2022,Eintracht Frankfurt,Borussia Dortmund,Randal Kolo Muani,2022-10-29 16:30:00,0,0,0,0,False,1,1,0.0
496739,41,0.08529520034790039,h,2022,Eintracht Frankfurt,Borussia Dortmund,Randal Kolo Muani,2022-10-29 16:30:00,0,0,0,0,False,1,1,0.057347800582647324
496743,56,0.3582879900932312,h,2022,Eintracht Frankfurt,Borussia Dortmund,Randal Kolo Muani,2022-10-29 16:30:00,0,0,0,0,False,1,2,0.14264300093054771
496746,62,0.17669999599456787,h,2022,Eintracht Frankfurt,Borussia Dortmund,Randal Kolo Muani,2022-10-29 16:30:00,0,0,0,0,False,1,2,0.5009309910237789
497967,75,0.353890985250473,a,2022,Augsburg,Eintracht Frankfurt,Randal Kolo Muani,2022-11-05 14:30:00,0,0,0,0,False,2,1,0.0
499443,7,0.35920900106430054,h,2022,Eintracht Frankfurt,Hoffenheim,Randal Kolo Muani,2022-11-09 19:30:00,0,0,0,0,True,1,0,0.0
500718,23,0.08373309671878815,a,2022,Mainz 05,Eintracht Frankfurt,Randal Kolo Muani,2022-11-13 14:30:00,0,0,1,0,False,0,0,0.0
500730,66,0.9077280163764954,a,2022,Mainz 05,Eintracht Frankfurt,Randal Kolo Muani,2022-11-13 14:30:00,0,0,0,0,True,0,1,0.08373309671878815
504587,4,0.05180960148572922,h,2022,Eintracht Frankfurt,Schalke 04,Randal Kolo Muani,2023-01-21 14:30:00,0,0,0,0,False,0,0,0.0
504589,15,0.046689800918102264,h,2022,Eintracht Frankfurt,Schalke 04,Randal Kolo Muani,2023-01-21 14:30:00,0,0,0,0,False,0,0,0.05180960148572922
505479,39,0.024879999458789825,a,2022,Freiburg,Eintracht Frankfurt,Randal Kolo Muani,2023-01-25 19:30:00,0,0,1,0,False,0,0,0.0
505480,41,0.06831060349941254,a,2022,Freiburg,Eintracht Frankfurt,Randal Kolo Muani,2023-01-25 19:30:00,0,0,0,0,True,0,0,0.024879999458789825
505930,11,0.07906600087881088,a,2022,Bayern Munich,Eintracht Frankfurt,Randal Kolo Muani,2023-01-28 17:30:00,0,0,1,0,False,0,0,0.0
505944,68,0.353534996509552,a,2022,Bayern Munich,Eintracht Frankfurt,Randal Kolo Muani,2023-01-28 17:30:00,0,0,0,0,True,0,1,0.07906600087881088
507040,12,0.06883849948644638,h,2022,Eintracht Frankfurt,Hertha Berlin,Randal Kolo Muani,2023-02-04 14:30:00,0,0,1,0,False,0,0,0.0
507042,20,0.7576149702072144,h,2022,Eintracht Frankfurt,Hertha Berlin,Randal Kolo Muani,2023-02-04 14:30:00,0,0,1,0,True,0,0,0.06883849948644638
507045,27,0.4242810010910034,h,2022,Eintracht Frankfurt,Hertha Berlin,Randal Kolo Muani,2023-02-04 14:30:00,1,0,0,0,True,1,0,0.8264534696936607
507046,33,0.049119800329208374,h,2022,Eintracht Frankfurt,Hertha Berlin,Randal Kolo Muani,2023-02-04 14:30:00,1,0,0,0,False,2,0,1.2507344707846642
509048,15,0.08993150293827057,a,2022,FC Cologne,Eintracht Frankfurt,Randal Kolo Muani,2023-02-12 16:30:00,0,0,0,0,False,0,0,0.0
509891,51,0.6629530191421509,h,2022,Eintracht Frankfurt,Werder Bremen,Randal Kolo Muani,2023-02-18 17:30:00,0,0,0,0,True,0,0,0.0
509890,51,0.36185601353645325,h,2022,Eintracht Frankfurt,Werder Bremen,Randal Kolo Muani,2023-02-18 17:30:00,1,0,0,0,False,0,0,0.6629530191421509
510766,51,0.06816069781780243,a,2022,RasenBallsport Leipzig,Eintracht Frankfurt,Randal Kolo Muani,2023-02-25 14:30:00,0,0,0,0,False,0,2,0.0
510768,60,0.13637199997901917,a,2022,RasenBallsport Leipzig,Eintracht Frankfurt,Randal Kolo Muani,2023-02-25 14:30:00,0,0,0,0,False,0,2,0.06816069781780243
512851,21,0.4760499894618988,a,2022,Wolfsburg,Eintracht Frankfurt,Randal Kolo Muani,2023-03-05 16:30:00,0,0,0,0,True,0,1,0.0
513382,63,0.019198600202798843,h,2022,Eintracht Frankfurt,VfB Stuttgart,Randal Kolo Muani,2023-03-11 14:30:00,0,0,0,0,False,1,0,0.0
513384,70,0.12466199696063995,h,2022,Eintracht Frankfurt,VfB Stuttgart,Randal Kolo Muani,2023-03-11 14:30:00,0,0,0,0,False,1,0,0.019198600202798843
515648,15,0.21425899863243103,a,2022,Union Berlin,Eintracht Frankfurt,Randal Kolo Muani,2023-03-19 14:30:00,0,0,0,0,False,0,0,0.0
515650,19,0.08691909909248352,a,2022,Union Berlin,Eintracht Frankfurt,Randal Kolo Muani,2023-03-19 14:30:00,0,0,0,0,False,0,0,0.21425899863243103
515655,38,0.23615099489688873,a,2022,Union Berlin,Eintracht Frankfurt,Randal Kolo Muani,2023-03-19 14:30:00,0,0,0,0,False,0,0,0.30117809772491455
515660,45,0.020080700516700745,a,2022,Union Berlin,Eintracht Frankfurt,Randal Kolo Muani,2023-03-19 14:30:00,0,0,0,0,False,0,0,0.5373290926218033
515664,61,0.08367930352687836,a,2022,Union Berlin,Eintracht Frankfurt,Randal Kolo Muani,2023-03-19 14:30:00,0,0,0,0,False,0,1,0.557409793138504
515965,7,0.09441280364990234,h,2022,Eintracht Frankfurt,Bochum,Randal Kolo Muani,2023-03-31 19:30:00,0,0,1,0,False,0,0,0.0
515973,21,0.7577769756317139,h,2022,Eintracht Frankfurt,Bochum,Randal Kolo Muani,2023-03-31 19:30:00,0,0,0,0,True,0,1,0.09441280364990234
515978,36,0.07272469997406006,h,2022,Eintracht Frankfurt,Bochum,Randal Kolo Muani,2023-03-31 19:30:00,1,0,0,0,False,1,1,0.8521897792816162
515980,45,0.07307379692792892,h,2022,Eintracht Frankfurt,Bochum,Randal Kolo Muani,2023-03-31 19:30:00,1,0,0,0,False,1,1,0.9249144792556763
515984,62,0.46661999821662903,h,2022,Eintracht Frankfurt,Bochum,Randal Kolo Muani,2023-03-31 19:30:00,1,0,0,0,False,1,1,0.9979882761836052
517932,12,0.018539700657129288,a,2022,Bayer Leverkusen,Eintracht Frankfurt,Randal Kolo Muani,2023-04-08 13:30:00,0,0,0,0,False,0,1,0.0
519699,43,0.46621599793434143,h,2022,Eintracht Frankfurt,Borussia M.Gladbach,Randal Kolo Muani,2023-04-15 16:30:00,0,0,1,0,False,0,1,0.0
519705,65,0.22839400172233582,h,2022,Eintracht Frankfurt,Borussia M.Gladbach,Randal Kolo Muani,2023-04-15 16:30:00,0,0,1,0,False,0,1,0.46621599793434143
519706,66,0.07566600292921066,h,2022,Eintracht Frankfurt,Borussia M.Gladbach,Randal Kolo Muani,2023-04-15 16:30:00,0,0,1,0,False,0,1,0.6946099996566772
519708,74,0.10628800094127655,h,2022,Eintracht Frankfurt,Borussia M.Gladbach,Randal Kolo Muani,2023-04-15 16:30:00,0,0,1,0,False,0,1,0.7702760025858879
519712,82,0.07040009647607803,h,2022,Eintracht Frankfurt,Borussia M.Gladbach,Randal Kolo Muani,2023-04-15 16:30:00,0,0,0,0,True,0,1,0.8765640035271645
519713,93,0.06237800046801567,h,2022,Eintracht Frankfurt,Borussia M.Gladbach,Randal Kolo Muani,2023-04-15 16:30:00,1,0,0,0,False,1,1,0.9469641000032425
521057,65,0.04961152747273445,a,2022,Borussia Dortmund,Eintracht Frankfurt,Randal Kolo Muani,2023-04-22 16:30:00,0,0,0,0,False,0,3,0.0
524597,57,0.02025005780160427,a,2022,Hoffenheim,Eintracht Frankfurt,Randal Kolo Muani,2023-05-06 13:30:00,0,0,0,0,False,1,3,0.0
524602,83,0.03839769586920738,a,2022,Hoffenheim,Eintracht Frankfurt,Randal Kolo Muani,2023-05-06 13:30:00,0,0,0,0,False,1,3,0.02025005780160427
525879,12,0.06689605116844177,h,2022,Eintracht Frankfurt,Mainz 05,Randal Kolo Muani,2023-05-13 13:30:00,0,0,1,0,False,0,0,0.0
525889,42,0.10277126729488373,h,2022,Eintracht Frankfurt,Mainz 05,Randal Kolo Muani,2023-05-13 13:30:00,0,0,1,0,False,2,0,0.06689605116844177
525892,58,0.12240250408649445,h,2022,Eintracht Frankfurt,Mainz 05,Randal Kolo Muani,2023-05-13 13:30:00,0,0,0,0,True,2,0,0.1696673184633255
527352,67,0.08316943049430847,a,2022,Schalke 04,Eintracht Frankfurt,Randal Kolo Muani,2023-05-20 13:30:00,0,0,0,0,False,2,1,0.0
529130,8,0.06531170755624771,h,2022,Eintracht Frankfurt,Freiburg,Randal Kolo Muani,2023-05-27 13:30:00,0,0,1,0,False,0,0,0.0
529133,30,0.08959485590457916,h,2022,Eintracht Frankfurt,Freiburg,Randal Kolo Muani,2023-05-27 13:30:00,0,0,1,0,False,0,0,0.06531170755624771
529147,78,0.37739700078964233,h,2022,Eintracht Frankfurt,Freiburg,Randal Kolo Muani,2023-05-27 13:30:00,0,0,1,0,False,0,1,0.15490656346082687
529146,78,0.5082079172134399,h,2022,Eintracht Frankfurt,Freiburg,Randal Kolo Muani,2023-05-27 13:30:00,0,0,1,0,False,0,1,0.5323035642504692
529148,82,0.06623004376888275,h,2022,Eintracht Frankfurt,Freiburg,Randal Kolo Muani,2023-05-27 13:30:00,0,0,0,0,True,0,1,1.0405114814639091
529149,85,0.05792689323425293,h,2022,Eintracht Frankfurt,Freiburg,Randal Kolo Muani,2023-05-27 13:30:00,1,0,0,0,False,1,1,1.106741525232792
529155,94,0.2459196150302887,h,2022,Eintracht Frankfurt,Freiburg,Randal Kolo Muani,2023-05-27 13:30:00,1,0,0,0,False,2,1,1.1646684184670448
483445,24,0.06682000309228897,h,2022,Schalke 04,Union Berlin,Maya Yoshida,2022-08-27 13:30:00,0,0,0,0,False,0,1,0.0
483459,73,0.03359939903020859,h,2022,Schalke 04,Union Berlin,Maya Yoshida,2022-08-27 13:30:00,0,0,0,0,False,1,4,0.06682000309228897
488749,85,0.015346899628639221,a,2022,Borussia Dortmund,Schalke 04,Maya Yoshida,2022-09-17 13:30:00,0,0,0,0,False,0,1,0.0
499434,56,0.0178529005497694,h,2022,Schalke 04,Mainz 05,Maya Yoshida,2022-11-09 19:30:00,0,0,0,0,False,1,0,0.0
504593,28,0.01757350005209446,a,2022,Eintracht Frankfurt,Schalke 04,Maya Yoshida,2023-01-21 14:30:00,0,0,0,0,False,0,1,0.0
506226,63,0.014474100433290005,h,2022,Schalke 04,FC Cologne,Maya Yoshida,2023-01-29 14:30:00,0,0,0,0,False,0,0,0.0
516203,76,0.5690339803695679,h,2022,Schalke 04,Bayer Leverkusen,Maya Yoshida,2023-04-01 13:30:00,0,0,0,0,False,0,2,0.0
518883,23,0.0361068993806839,a,2022,Hoffenheim,Schalke 04,Maya Yoshida,2023-04-09 17:30:00,0,0,0,0,False,0,0,0.0
518896,72,0.11885999888181686,a,2022,Hoffenheim,Schalke 04,Maya Yoshida,2023-04-09 17:30:00,0,0,0,0,False,0,1,0.0361068993806839
522903,35,0.01556418277323246,h,2022,Schalke 04,Werder Bremen,Maya Yoshida,2023-04-29 16:30:00,0,0,0,0,False,0,1,0.0
522904,38,0.01270523015409708,h,2022,Schalke 04,Werder Bremen,Maya Yoshida,2023-04-29 16:30:00,0,0,0,0,False,0,1,0.01556418277323246
522914,57,0.013079618103802204,h,2022,Schalke 04,Werder Bremen,Maya Yoshida,2023-04-29 16:30:00,0,0,0,0,False,0,1,0.02826941292732954
505009,75,0.43998798727989197,a,2022,Borussia Dortmund,Augsburg,David Colina,2023-01-22 14:30:00,0,0,0,0,True,2,3,0.0
479751,19,0.011081499978899956,h,2022,VfB Stuttgart,RasenBallsport Leipzig,Chris Führich,2022-08-07 13:30:00,0,0,0,0,False,0,1,0.0
479757,41,0.02467609941959381,h,2022,VfB Stuttgart,RasenBallsport Leipzig,Chris Führich,2022-08-07 13:30:00,0,0,0,0,False,1,1,0.011081499978899956
481721,8,0.0329241007566452,h,2022,VfB Stuttgart,Freiburg,Chris Führich,2022-08-20 13:30:00,0,0,0,0,False,0,0,0.0
481728,40,0.04591729864478111,h,2022,VfB Stuttgart,Freiburg,Chris Führich,2022-08-20 13:30:00,0,0,0,0,False,0,1,0.0329241007566452
484393,33,0.046799298375844955,a,2022,FC Cologne,VfB Stuttgart,Chris Führich,2022-08-28 13:30:00,0,0,0,0,False,0,0,0.0
485794,17,0.0971968024969101,h,2022,VfB Stuttgart,Schalke 04,Chris Führich,2022-09-03 13:30:00,0,0,0,0,True,0,0,0.0
487401,56,0.297325998544693,a,2022,Bayern Munich,VfB Stuttgart,Chris Führich,2022-09-10 13:30:00,0,0,0,0,True,0,1,0.0
488671,13,0.046282000839710236,h,2022,VfB Stuttgart,Eintracht Frankfurt,Chris Führich,2022-09-17 13:30:00,0,0,0,0,False,0,1,0.0
488673,35,0.07311180233955383,h,2022,VfB Stuttgart,Eintracht Frankfurt,Chris Führich,2022-09-17 13:30:00,0,0,0,0,False,0,1,0.046282000839710236
492996,92,0.06790509819984436,h,2022,VfB Stuttgart,Bochum,Chris Führich,2022-10-15 13:30:00,0,0,0,0,False,4,1,0.0
495015,87,0.07903259992599487,a,2022,Borussia Dortmund,VfB Stuttgart,Chris Führich,2022-10-22 13:30:00,0,0,0,0,False,0,5,0.0
496383,37,0.12493199855089188,h,2022,VfB Stuttgart,Augsburg,Chris Führich,2022-10-29 13:30:00,0,0,0,0,False,1,1,0.0
496384,40,0.040947798639535904,h,2022,VfB Stuttgart,Augsburg,Chris Führich,2022-10-29 13:30:00,0,0,0,0,False,1,1,0.12493199855089188
497654,33,0.015941699966788292,a,2022,Borussia M.Gladbach,VfB Stuttgart,Chris Führich,2022-11-04 18:30:00,0,0,0,0,False,0,2,0.0
497660,52,0.044244199991226196,a,2022,Borussia M.Gladbach,VfB Stuttgart,Chris Führich,2022-11-04 18:30:00,0,0,0,0,False,1,2,0.015941699966788292
500084,53,0.0482540987432003,a,2022,Bayer Leverkusen,VfB Stuttgart,Chris Führich,2022-11-12 14:30:00,0,0,0,0,False,0,1,0.0
505372,71,0.033264100551605225,a,2022,Hoffenheim,VfB Stuttgart,Chris Führich,2023-01-24 19:30:00,0,0,0,0,False,1,1,0.0
505553,5,0.013613199815154076,a,2022,RasenBallsport Leipzig,VfB Stuttgart,Chris Führich,2023-01-27 19:30:00,0,0,1,0,False,0,0,0.0
505557,17,0.024937499314546585,a,2022,RasenBallsport Leipzig,VfB Stuttgart,Chris Führich,2023-01-27 19:30:00,0,0,1,0,False,0,0,0.013613199815154076
505571,67,0.7577769756317139,a,2022,RasenBallsport Leipzig,VfB Stuttgart,Chris Führich,2023-01-27 19:30:00,0,0,0,0,True,0,2,0.03855069912970066
507655,5,0.05968200042843819,h,2022,VfB Stuttgart,Werder Bremen,Chris Führich,2023-02-05 14:30:00,0,0,0,0,False,0,0,0.0
507657,9,0.03090279921889305,h,2022,VfB Stuttgart,Werder Bremen,Chris Führich,2023-02-05 14:30:00,0,0,0,0,False,0,0,0.05968200042843819
507665,45,0.06256009638309479,h,2022,VfB Stuttgart,Werder Bremen,Chris Führich,2023-02-05 14:30:00,0,0,0,0,False,0,0,0.09058479964733124
507671,66,0.03671810030937195,h,2022,VfB Stuttgart,Werder Bremen,Chris Führich,2023-02-05 14:30:00,0,0,0,0,False,0,1,0.15314489603042603
508342,29,0.015363800339400768,a,2022,Freiburg,VfB Stuttgart,Chris Führich,2023-02-11 14:30:00,0,0,0,0,True,0,0,0.0
508341,29,0.03804270178079605,a,2022,Freiburg,VfB Stuttgart,Chris Führich,2023-02-11 14:30:00,1,0,0,0,False,0,0,0.015363800339400768
508343,33,0.0330996997654438,a,2022,Freiburg,VfB Stuttgart,Chris Führich,2023-02-11 14:30:00,1,0,0,0,False,1,0,0.05340650212019682
508345,43,0.05644579976797104,a,2022,Freiburg,VfB Stuttgart,Chris Führich,2023-02-11 14:30:00,1,0,0,0,False,1,0,0.08650620188564062
508348,54,0.06792700290679932,a,2022,Freiburg,VfB Stuttgart,Chris Führich,2023-02-11 14:30:00,1,0,0,0,False,1,0,0.14295200165361166
508354,69,0.2825450003147125,a,2022,Freiburg,VfB Stuttgart,Chris Führich,2023-02-11 14:30:00,1,0,0,0,False,1,1,0.21087900456041098
508356,75,0.05672780051827431,a,2022,Freiburg,VfB Stuttgart,Chris Führich,2023-02-11 14:30:00,1,0,0,0,False,1,1,0.4934240048751235
508358,87,0.05641980096697807,a,2022,Freiburg,VfB Stuttgart,Chris Führich,2023-02-11 14:30:00,1,0,0,0,False,1,2,0.5501518053933978
510960,14,0.04642460122704506,a,2022,Schalke 04,VfB Stuttgart,Chris Führich,2023-02-25 17:30:00,0,0,0,0,False,0,1,0.0
513389,89,0.015682000666856766,a,2022,Eintracht Frankfurt,VfB Stuttgart,Chris Führich,2023-03-11 14:30:00,0,0,0,0,False,1,1,0.0
513391,93,0.02741359919309616,a,2022,Eintracht Frankfurt,VfB Stuttgart,Chris Führich,2023-03-11 14:30:00,0,0,0,0,False,1,1,0.015682000666856766
514844,32,0.022480599582195282,h,2022,VfB Stuttgart,Wolfsburg,Chris Führich,2023-03-18 14:30:00,0,0,0,0,False,0,0,0.0
518803,72,0.09318599849939346,a,2022,Bochum,VfB Stuttgart,Chris Führich,2023-04-09 15:30:00,0,0,0,0,False,3,1,0.0
520468,11,0.048690181225538254,a,2022,Augsburg,VfB Stuttgart,Chris Führich,2023-04-21 18:30:00,0,0,0,0,False,0,1,0.0
524553,95,0.06069803610444069,a,2022,Hertha Berlin,VfB Stuttgart,Chris Führich,2023-05-06 13:30:00,0,0,0,0,False,1,2,0.0
524552,95,0.05559306964278221,a,2022,Hertha Berlin,VfB Stuttgart,Chris Führich,2023-05-06 13:30:00,0,0,0,0,False,1,2,0.06069803610444069
526605,92,0.05777578055858612,h,2022,VfB Stuttgart,Bayer Leverkusen,Chris Führich,2023-05-14 13:30:00,0,0,0,0,False,1,1,0.0
528031,77,0.093618243932724,a,2022,Mainz 05,VfB Stuttgart,Chris Führich,2023-05-21 13:30:00,0,0,0,0,True,2,1,0.0
528980,25,0.013584664091467857,h,2022,VfB Stuttgart,Hoffenheim,Chris Führich,2023-05-27 13:30:00,0,0,0,0,False,0,0,0.0
528986,61,0.14293956756591797,h,2022,VfB Stuttgart,Hoffenheim,Chris Führich,2023-05-27 13:30:00,0,0,0,0,False,0,0,0.013584664091467857
495013,84,0.04711800068616867,a,2022,Borussia Dortmund,VfB Stuttgart,Nikolas Nartey,2022-10-22 13:30:00,0,0,0,0,False,0,5,0.0
504511,48,0.014383099973201752,h,2022,VfB Stuttgart,Mainz 05,Nikolas Nartey,2023-01-21 14:30:00,0,0,0,0,False,1,1,0.0
505565,45,0.3153179883956909,a,2022,RasenBallsport Leipzig,VfB Stuttgart,Nikolas Nartey,2023-01-27 19:30:00,0,0,0,0,False,0,1,0.0
507672,67,0.03561680018901825,h,2022,VfB Stuttgart,Werder Bremen,Nikolas Nartey,2023-02-05 14:30:00,0,0,0,0,False,0,1,0.0
480215,33,0.013667699880897999,h,2022,Hoffenheim,Bochum,Grischa Prömel,2022-08-13 13:30:00,0,0,0,0,False,2,2,0.0
480221,47,0.06256979703903198,h,2022,Hoffenheim,Bochum,Grischa Prömel,2022-08-13 13:30:00,0,0,0,0,False,2,2,0.013667699880897999
480224,56,0.07546719908714294,h,2022,Hoffenheim,Bochum,Grischa Prömel,2022-08-13 13:30:00,0,0,0,0,False,2,2,0.07623749691992998
483500,6,0.022134900093078613,h,2022,Hoffenheim,Augsburg,Grischa Prömel,2022-08-27 13:30:00,0,0,0,0,False,0,0,0.0
483526,71,0.019185500219464302,h,2022,Hoffenheim,Augsburg,Grischa Prömel,2022-08-27 13:30:00,0,0,0,0,False,1,0,0.022134900093078613
483530,91,0.022297099232673645,h,2022,Hoffenheim,Augsburg,Grischa Prömel,2022-08-27 13:30:00,0,0,0,0,False,1,0,0.041320400312542915
487439,18,0.4857099950313568,h,2022,Hoffenheim,Mainz 05,Grischa Prömel,2022-09-10 13:30:00,0,0,1,0,False,0,0,0.0
487451,60,0.05976039916276932,h,2022,Hoffenheim,Mainz 05,Grischa Prömel,2022-09-10 13:30:00,0,0,1,0,False,1,0,0.4857099950313568
487455,68,0.3131459951400757,h,2022,Hoffenheim,Mainz 05,Grischa Prömel,2022-09-10 13:30:00,0,0,0,0,True,1,0,0.5454703941941261
489595,10,0.06292010098695755,h,2022,Hoffenheim,Freiburg,Grischa Prömel,2022-09-18 17:30:00,0,0,0,0,False,0,0,0.0
489599,19,0.09296999871730804,h,2022,Hoffenheim,Freiburg,Grischa Prömel,2022-09-18 17:30:00,0,0,0,0,False,0,0,0.06292010098695755
489606,52,0.03807330131530762,h,2022,Hoffenheim,Freiburg,Grischa Prömel,2022-09-18 17:30:00,0,0,0,0,False,0,0,0.1558900997042656
490825,9,0.018118800595402718,a,2022,Hertha Berlin,Hoffenheim,Grischa Prömel,2022-10-02 13:30:00,0,0,0,0,False,0,0,0.0
490837,42,0.018979400396347046,a,2022,Hertha Berlin,Hoffenheim,Grischa Prömel,2022-10-02 13:30:00,0,0,0,0,False,1,1,0.018118800595402718
490840,44,0.06306370347738266,a,2022,Hertha Berlin,Hoffenheim,Grischa Prömel,2022-10-02 13:30:00,0,0,0,0,False,1,1,0.037098200991749763
491291,64,0.07526730000972748,h,2022,Hoffenheim,Werder Bremen,Grischa Prömel,2022-10-07 18:30:00,0,0,0,0,False,1,1,0.0
491296,91,0.14572499692440033,h,2022,Hoffenheim,Werder Bremen,Grischa Prömel,2022-10-07 18:30:00,0,0,0,0,False,1,2,0.07526730000972748
492710,35,0.04676400125026703,a,2022,Schalke 04,Hoffenheim,Grischa Prömel,2022-10-14 18:30:00,0,0,0,0,False,1,0,0.0
494885,44,0.04113589972257614,h,2022,Hoffenheim,Bayern Munich,Grischa Prömel,2022-10-22 13:30:00,0,0,0,0,False,0,2,0.0
494886,50,0.4201900064945221,h,2022,Hoffenheim,Bayern Munich,Grischa Prömel,2022-10-22 13:30:00,0,0,0,0,False,0,2,0.04113589972257614
494888,61,0.09438809752464294,h,2022,Hoffenheim,Bayern Munich,Grischa Prömel,2022-10-22 13:30:00,0,0,0,0,False,0,2,0.46132590621709824
497477,25,0.05900770053267479,a,2022,FC Cologne,Hoffenheim,Grischa Prömel,2022-10-30 18:30:00,0,0,0,0,False,0,1,0.0
524579,2,0.0218549445271492,h,2022,Hoffenheim,Eintracht Frankfurt,Grischa Prömel,2023-05-06 13:30:00,0,0,0,0,False,0,0,0.0
525834,18,0.0551183819770813,a,2022,Wolfsburg,Hoffenheim,Grischa Prömel,2023-05-13 13:30:00,0,0,0,0,False,0,1,0.0
481744,92,0.0323094017803669,h,2022,VfB Stuttgart,Freiburg,Luca Pfeiffer,2022-08-20 13:30:00,0,0,0,0,False,0,1,0.0
484398,48,0.06441059708595276,a,2022,FC Cologne,VfB Stuttgart,Luca Pfeiffer,2022-08-28 13:30:00,0,0,0,0,False,0,0,0.0
495012,83,0.02386160008609295,a,2022,Borussia Dortmund,VfB Stuttgart,Luca Pfeiffer,2022-10-22 13:30:00,0,0,0,0,False,0,5,0.0
495014,85,0.5799679756164551,a,2022,Borussia Dortmund,VfB Stuttgart,Luca Pfeiffer,2022-10-22 13:30:00,0,0,0,0,False,0,5,0.02386160008609295
496378,20,0.04152959957718849,h,2022,VfB Stuttgart,Augsburg,Luca Pfeiffer,2022-10-29 13:30:00,0,0,0,0,False,1,1,0.0
496382,32,0.027233600616455078,h,2022,VfB Stuttgart,Augsburg,Luca Pfeiffer,2022-10-29 13:30:00,0,0,0,0,False,1,1,0.04152959957718849
496405,85,0.05824679881334305,h,2022,VfB Stuttgart,Augsburg,Luca Pfeiffer,2022-10-29 13:30:00,0,0,0,0,False,1,1,0.06876320019364357
496408,89,0.6035280227661133,h,2022,VfB Stuttgart,Augsburg,Luca Pfeiffer,2022-10-29 13:30:00,0,0,0,0,False,1,1,0.12700999900698662
497656,43,0.018276099115610123,a,2022,Borussia M.Gladbach,VfB Stuttgart,Luca Pfeiffer,2022-11-04 18:30:00,0,0,0,0,False,1,2,0.0
505566,46,0.028070800006389618,a,2022,RasenBallsport Leipzig,VfB Stuttgart,Luca Pfeiffer,2023-01-27 19:30:00,0,0,0,0,False,0,1,0.0
505569,55,0.42614099383354187,a,2022,RasenBallsport Leipzig,VfB Stuttgart,Luca Pfeiffer,2023-01-27 19:30:00,0,0,0,0,False,0,2,0.028070800006389618
507666,46,0.5298299789428711,h,2022,VfB Stuttgart,Werder Bremen,Luca Pfeiffer,2023-02-05 14:30:00,0,0,0,0,False,0,0,0.0
505724,60,0.020950300619006157,h,2022,Hoffenheim,Borussia M.Gladbach,Umut Tohumcu,2023-01-28 14:30:00,0,0,0,0,False,0,2,0.0
508306,92,0.014417099766433239,h,2022,Hoffenheim,Bayer Leverkusen,Umut Tohumcu,2023-02-11 14:30:00,0,0,0,0,False,1,3,0.0
509337,60,0.029178300872445107,a,2022,Augsburg,Hoffenheim,Umut Tohumcu,2023-02-17 19:30:00,0,0,0,0,False,0,0,0.0
509336,60,0.04563499987125397,a,2022,Augsburg,Hoffenheim,Umut Tohumcu,2023-02-17 19:30:00,0,0,0,0,False,0,0,0.029178300872445107
487469,31,0.03734949976205826,a,2022,Eintracht Frankfurt,Wolfsburg,Mattias Svanberg,2022-09-10 13:30:00,0,0,0,0,False,0,0,0.0
489990,13,0.04972130060195923,h,2022,Wolfsburg,VfB Stuttgart,Mattias Svanberg,2022-10-01 13:30:00,0,0,0,0,False,0,0,0.0
489989,13,0.017775800079107285,h,2022,Wolfsburg,VfB Stuttgart,Mattias Svanberg,2022-10-01 13:30:00,0,0,0,0,False,0,0,0.04972130060195923
489992,15,0.013425899669528008,h,2022,Wolfsburg,VfB Stuttgart,Mattias Svanberg,2022-10-01 13:30:00,0,0,0,0,False,0,0,0.06749710068106651
489996,20,0.44132199883461,h,2022,Wolfsburg,VfB Stuttgart,Mattias Svanberg,2022-10-01 13:30:00,0,0,0,0,False,0,0,0.08092300035059452
505335,0,0.012712299823760986,a,2022,Hertha Berlin,Wolfsburg,Mattias Svanberg,2023-01-24 19:30:00,0,0,1,0,False,0,0,0.0
505337,3,0.05891750007867813,a,2022,Hertha Berlin,Wolfsburg,Mattias Svanberg,2023-01-24 19:30:00,0,0,0,0,True,0,0,0.012712299823760986
505340,29,0.11911000311374664,a,2022,Hertha Berlin,Wolfsburg,Mattias Svanberg,2023-01-24 19:30:00,1,0,0,0,False,1,0,0.07162979990243912
505353,77,0.14007100462913513,a,2022,Hertha Berlin,Wolfsburg,Mattias Svanberg,2023-01-24 19:30:00,1,0,0,0,False,4,0,0.19073980301618576
505742,33,0.06226550042629242,a,2022,Werder Bremen,Wolfsburg,Mattias Svanberg,2023-01-28 14:30:00,0,0,0,0,False,0,1,0.0
505751,56,0.05649439990520477,a,2022,Werder Bremen,Wolfsburg,Mattias Svanberg,2023-01-28 14:30:00,0,0,0,0,False,0,1,0.06226550042629242
507783,34,0.17123299837112427,h,2022,Wolfsburg,Bayern Munich,Mattias Svanberg,2023-02-05 16:30:00,0,0,1,0,False,0,3,0.0
507790,50,0.061483800411224365,h,2022,Wolfsburg,Bayern Munich,Mattias Svanberg,2023-02-05 16:30:00,0,0,1,0,False,1,3,0.17123299837112427
507791,51,0.32174500823020935,h,2022,Wolfsburg,Bayern Munich,Mattias Svanberg,2023-02-05 16:30:00,0,0,1,0,False,1,3,0.23271679878234863
507797,76,0.05417799949645996,h,2022,Wolfsburg,Bayern Munich,Mattias Svanberg,2023-02-05 16:30:00,0,0,1,0,False,1,4,0.554461807012558
507799,80,0.0726201981306076,h,2022,Wolfsburg,Bayern Munich,Mattias Svanberg,2023-02-05 16:30:00,0,0,0,0,True,1,4,0.6086398065090179
507801,92,0.015387600287795067,h,2022,Wolfsburg,Bayern Munich,Mattias Svanberg,2023-02-05 16:30:00,1,0,0,0,False,2,4,0.6812600046396255
514353,14,0.051639098674058914,h,2022,Wolfsburg,Union Berlin,Mattias Svanberg,2023-03-12 18:30:00,0,0,0,0,False,0,0,0.0
514358,22,0.015153699554502964,h,2022,Wolfsburg,Union Berlin,Mattias Svanberg,2023-03-12 18:30:00,0,0,0,0,False,0,0,0.051639098674058914
514357,22,0.05769389867782593,h,2022,Wolfsburg,Union Berlin,Mattias Svanberg,2023-03-12 18:30:00,0,0,0,0,False,0,0,0.06679279822856188
518661,46,0.34773001074790955,a,2022,Borussia M.Gladbach,Wolfsburg,Mattias Svanberg,2023-04-09 13:30:00,0,0,0,0,False,0,1,0.0
518668,67,0.11204499751329422,a,2022,Borussia M.Gladbach,Wolfsburg,Mattias Svanberg,2023-04-09 13:30:00,0,0,0,0,False,0,2,0.34773001074790955
520313,58,0.1060589998960495,h,2022,Wolfsburg,Bayer Leverkusen,Mattias Svanberg,2023-04-16 17:30:00,0,0,0,0,False,0,0,0.0
520316,73,0.024888500571250916,h,2022,Wolfsburg,Bayer Leverkusen,Mattias Svanberg,2023-04-16 17:30:00,0,0,0,0,False,0,0,0.1060589998960495
520319,88,0.025553200393915176,h,2022,Wolfsburg,Bayer Leverkusen,Mattias Svanberg,2023-04-16 17:30:00,0,0,0,0,False,0,0,0.13094750046730042
520755,9,0.6333068609237671,a,2022,Bochum,Wolfsburg,Mattias Svanberg,2023-04-22 13:30:00,0,0,1,0,True,0,0,0.0
520771,55,0.07227668911218643,a,2022,Bochum,Wolfsburg,Mattias Svanberg,2023-04-22 13:30:00,1,0,0,0,True,3,0,0.6333068609237671
523466,58,0.024814799427986145,h,2022,Wolfsburg,Mainz 05,Mattias Svanberg,2023-04-30 15:30:00,0,0,0,0,False,3,0,0.0
525841,51,0.10966353863477707,h,2022,Wolfsburg,Hoffenheim,Mattias Svanberg,2023-05-13 13:30:00,0,0,0,0,False,1,0,0.0
529062,49,0.10922420024871826,h,2022,Wolfsburg,Hertha Berlin,Mattias Svanberg,2023-05-27 13:30:00,0,0,0,0,False,1,0,0.0
529077,93,0.6098371148109436,h,2022,Wolfsburg,Hertha Berlin,Mattias Svanberg,2023-05-27 13:30:00,0,0,0,0,False,1,2,0.10922420024871826
479192,27,0.44666001200675964,a,2022,Bochum,Mainz 05,Dominik Kohr,2022-08-06 13:30:00,0,0,0,0,False,1,0,0.0
481746,0,0.03416920080780983,a,2022,Augsburg,Mainz 05,Dominik Kohr,2022-08-20 13:30:00,0,0,0,0,False,0,0,0.0
481760,68,0.012581800110638142,a,2022,Augsburg,Mainz 05,Dominik Kohr,2022-08-20 13:30:00,0,0,0,0,False,1,1,0.03416920080780983
483535,16,0.024971799924969673,h,2022,Mainz 05,Bayer Leverkusen,Dominik Kohr,2022-08-27 13:30:00,0,0,0,0,False,0,0,0.0
486708,9,0.02574240043759346,a,2022,Borussia M.Gladbach,Mainz 05,Dominik Kohr,2022-09-04 15:30:00,0,0,0,0,False,0,0,0.0
487437,13,0.049902599304914474,a,2022,Hoffenheim,Mainz 05,Dominik Kohr,2022-09-10 13:30:00,0,0,1,0,False,0,0,0.0
487453,65,0.063823401927948,a,2022,Hoffenheim,Mainz 05,Dominik Kohr,2022-09-10 13:30:00,0,0,1,0,False,0,1,0.049902599304914474
487462,82,0.0503728985786438,a,2022,Hoffenheim,Mainz 05,Dominik Kohr,2022-09-10 13:30:00,0,0,0,0,True,0,3,0.11372600123286247
490031,48,0.022116700187325478,a,2022,Freiburg,Mainz 05,Dominik Kohr,2022-10-01 13:30:00,0,0,0,0,False,0,2,0.0
491522,24,0.01065099984407425,h,2022,Mainz 05,RasenBallsport Leipzig,Dominik Kohr,2022-10-08 13:30:00,0,0,0,0,False,0,0,0.0
494667,34,0.39243900775909424,h,2022,Mainz 05,FC Cologne,Dominik Kohr,2022-10-21 18:30:00,0,0,0,0,True,1,0,0.0
494666,34,0.09629499912261963,h,2022,Mainz 05,FC Cologne,Dominik Kohr,2022-10-21 18:30:00,1,0,0,0,False,1,0,0.39243900775909424
498007,26,0.02375279925763607,h,2022,Mainz 05,Wolfsburg,Dominik Kohr,2022-11-05 14:30:00,0,0,0,0,False,0,0,0.0
498008,28,0.021918799728155136,h,2022,Mainz 05,Wolfsburg,Dominik Kohr,2022-11-05 14:30:00,0,0,0,0,False,0,0,0.02375279925763607
500714,8,0.04934300109744072,h,2022,Mainz 05,Eintracht Frankfurt,Dominik Kohr,2022-11-13 14:30:00,0,0,0,0,False,0,0,0.0
500719,25,0.027507299557328224,h,2022,Mainz 05,Eintracht Frankfurt,Dominik Kohr,2022-11-13 14:30:00,0,0,0,0,False,0,0,0.04934300109744072
500735,85,0.03750380128622055,h,2022,Mainz 05,Eintracht Frankfurt,Dominik Kohr,2022-11-13 14:30:00,0,0,0,0,False,1,1,0.07685030065476894
504504,25,0.047380100935697556,a,2022,VfB Stuttgart,Mainz 05,Dominik Kohr,2023-01-21 14:30:00,0,0,0,0,False,0,0,0.0
504523,71,0.04179390147328377,a,2022,VfB Stuttgart,Mainz 05,Dominik Kohr,2023-01-21 14:30:00,0,0,0,0,False,1,1,0.047380100935697556
505761,4,0.017728500068187714,h,2022,Mainz 05,Bochum,Dominik Kohr,2023-01-28 14:30:00,0,0,0,0,False,1,0,0.0
505767,20,0.008899330161511898,h,2022,Mainz 05,Bochum,Dominik Kohr,2023-01-28 14:30:00,0,0,0,0,False,2,0,0.017728500068187714
505787,91,0.11467999964952469,h,2022,Mainz 05,Bochum,Dominik Kohr,2023-01-28 14:30:00,0,0,0,0,False,5,2,0.02662783022969961
510601,49,0.0159147996455431,h,2022,Mainz 05,Borussia M.Gladbach,Dominik Kohr,2023-02-24 19:30:00,0,0,0,0,False,2,0,0.0
510607,64,0.08772780001163483,h,2022,Mainz 05,Borussia M.Gladbach,Dominik Kohr,2023-02-24 19:30:00,0,0,0,0,False,2,0,0.0159147996455431
516164,52,0.030097300186753273,a,2022,RasenBallsport Leipzig,Mainz 05,Dominik Kohr,2023-04-01 13:30:00,0,0,1,0,False,1,0,0.0
516168,61,0.024524899199604988,a,2022,RasenBallsport Leipzig,Mainz 05,Dominik Kohr,2023-04-01 13:30:00,0,0,1,0,False,2,0,0.030097300186753273
516171,66,0.04053850099444389,a,2022,RasenBallsport Leipzig,Mainz 05,Dominik Kohr,2023-04-01 13:30:00,0,0,0,0,True,2,0,0.05462219938635826
517873,1,0.03348600119352341,h,2022,Mainz 05,Werder Bremen,Dominik Kohr,2023-04-08 13:30:00,0,0,0,0,False,0,0,0.0
517874,16,0.03466479852795601,h,2022,Mainz 05,Werder Bremen,Dominik Kohr,2023-04-08 13:30:00,0,0,0,0,False,0,0,0.03348600119352341
517881,60,0.008116980083286762,h,2022,Mainz 05,Werder Bremen,Dominik Kohr,2023-04-08 13:30:00,0,0,0,0,False,0,0,0.06815079972147942
519343,24,0.011392399668693542,a,2022,FC Cologne,Mainz 05,Dominik Kohr,2023-04-15 13:30:00,0,0,0,0,False,1,0,0.0
523454,0,0.09076954424381256,a,2022,Wolfsburg,Mainz 05,Dominik Kohr,2023-04-30 15:30:00,0,0,0,0,False,0,0,0.0
523464,36,0.043454792350530624,a,2022,Wolfsburg,Mainz 05,Dominik Kohr,2023-04-30 15:30:00,0,0,0,0,False,0,3,0.09076954424381256
523468,61,0.2000933587551117,a,2022,Wolfsburg,Mainz 05,Dominik Kohr,2023-04-30 15:30:00,0,0,0,0,False,0,3,0.13422433659434319
523472,92,0.04100430756807327,a,2022,Wolfsburg,Mainz 05,Dominik Kohr,2023-04-30 15:30:00,0,0,0,0,False,0,3,0.3343176953494549
524404,29,0.025301717221736908,h,2022,Mainz 05,Schalke 04,Dominik Kohr,2023-05-05 18:30:00,0,0,0,0,False,0,1,0.0
524407,45,0.04649970680475235,h,2022,Mainz 05,Schalke 04,Dominik Kohr,2023-05-05 18:30:00,0,0,0,0,False,0,1,0.025301717221736908
528024,54,0.047894202172756195,h,2022,Mainz 05,VfB Stuttgart,Dominik Kohr,2023-05-21 13:30:00,0,0,0,0,False,1,1,0.0
528882,34,0.08110950142145157,a,2022,Borussia Dortmund,Mainz 05,Dominik Kohr,2023-05-27 13:30:00,0,0,0,0,False,2,0,0.0
479870,28,0.0579645000398159,a,2022,FC Cologne,Schalke 04,Tobias Mohr,2022-08-07 15:30:00,0,0,0,0,False,0,0,0.0
480564,3,0.08378230035305023,h,2022,Schalke 04,Borussia M.Gladbach,Tobias Mohr,2022-08-13 16:30:00,0,0,0,0,False,0,0,0.0
487606,6,0.015208300203084946,h,2022,Schalke 04,Bochum,Tobias Mohr,2022-09-10 16:30:00,0,0,0,0,False,0,0,0.0
497414,56,0.010309199802577496,h,2022,Schalke 04,Freiburg,Tobias Mohr,2022-10-30 16:30:00,0,0,0,0,False,0,1,0.0
497421,82,0.07652030140161514,h,2022,Schalke 04,Freiburg,Tobias Mohr,2022-10-30 16:30:00,0,0,0,0,False,0,2,0.010309199802577496
498220,56,0.04716670140624046,a,2022,Werder Bremen,Schalke 04,Tobias Mohr,2022-11-05 17:30:00,0,0,0,0,False,0,1,0.0
498219,56,0.1539040058851242,a,2022,Werder Bremen,Schalke 04,Tobias Mohr,2022-11-05 17:30:00,0,0,0,0,False,0,1,0.04716670140624046
499429,42,0.03851959854364395,h,2022,Schalke 04,Mainz 05,Tobias Mohr,2022-11-09 19:30:00,0,0,0,0,False,1,0,0.0
500304,53,0.021771200001239777,h,2022,Schalke 04,Bayern Munich,Tobias Mohr,2022-11-12 17:30:00,0,0,0,0,False,0,2,0.0
512060,88,0.14659500122070312,a,2022,Bochum,Schalke 04,Tobias Mohr,2023-03-04 14:30:00,0,0,0,0,False,1,0,0.0
513737,84,0.01901720091700554,h,2022,Schalke 04,Borussia Dortmund,Tobias Mohr,2023-03-11 17:30:00,0,0,0,0,False,2,2,0.0
528932,70,0.04257028549909592,a,2022,RasenBallsport Leipzig,Schalke 04,Tobias Mohr,2023-05-27 13:30:00,0,0,0,0,False,1,2,0.0
479218,31,0.0655658021569252,a,2022,Augsburg,Freiburg,Christian Günter,2022-08-06 13:30:00,0,0,0,0,False,0,0,0.0
479219,32,0.02412319928407669,a,2022,Augsburg,Freiburg,Christian Günter,2022-08-06 13:30:00,0,0,0,0,False,0,0,0.0655658021569252
479221,36,0.031404200941324234,a,2022,Augsburg,Freiburg,Christian Günter,2022-08-06 13:30:00,0,0,0,0,False,0,0,0.08968900144100189
480064,89,0.020656900480389595,h,2022,Freiburg,Borussia Dortmund,Christian Günter,2022-08-12 18:30:00,0,0,0,0,False,1,3,0.0
480065,92,0.2630369961261749,h,2022,Freiburg,Borussia Dortmund,Christian Günter,2022-08-12 18:30:00,0,0,0,0,False,1,3,0.020656900480389595
481737,72,0.02386689931154251,a,2022,VfB Stuttgart,Freiburg,Christian Günter,2022-08-20 13:30:00,0,0,0,0,False,1,0,0.0
481738,75,0.021756699308753014,a,2022,VfB Stuttgart,Freiburg,Christian Günter,2022-08-20 13:30:00,0,0,0,0,False,1,0,0.02386689931154251
483271,9,0.2891260087490082,h,2022,Freiburg,Bochum,Christian Günter,2022-08-26 18:30:00,0,0,0,0,False,0,0,0.0
483289,54,0.05033649876713753,h,2022,Freiburg,Bochum,Christian Günter,2022-08-26 18:30:00,0,0,0,0,False,1,0,0.2891260087490082
488125,66,0.03686629980802536,h,2022,Freiburg,Borussia M.Gladbach,Christian Günter,2022-09-11 15:30:00,0,0,0,0,False,0,0,0.0
488129,79,0.052506398409605026,h,2022,Freiburg,Borussia M.Gladbach,Christian Günter,2022-09-11 15:30:00,0,0,0,0,False,0,0,0.03686629980802536
489601,29,0.02478880062699318,a,2022,Hoffenheim,Freiburg,Christian Günter,2022-09-18 17:30:00,0,0,0,0,False,0,0,0.0
489608,57,0.061952900141477585,a,2022,Hoffenheim,Freiburg,Christian Günter,2022-09-18 17:30:00,0,0,0,0,False,0,0,0.02478880062699318
490035,56,0.05202360078692436,h,2022,Freiburg,Mainz 05,Christian Günter,2022-10-01 13:30:00,0,0,0,0,False,2,1,0.0
490042,81,0.333389014005661,h,2022,Freiburg,Mainz 05,Christian Günter,2022-10-01 13:30:00,0,0,0,0,False,2,1,0.05202360078692436
494905,37,0.035760801285505295,h,2022,Freiburg,Werder Bremen,Christian Günter,2022-10-22 13:30:00,0,0,0,0,False,0,0,0.0
497395,10,0.009158809669315815,a,2022,Schalke 04,Freiburg,Christian Günter,2022-10-30 16:30:00,0,0,0,0,False,0,0,0.0
498816,0,0.057446498423814774,h,2022,Freiburg,FC Cologne,Christian Günter,2022-11-06 16:30:00,0,0,0,0,False,0,0,0.0
498833,89,0.01653759926557541,h,2022,Freiburg,FC Cologne,Christian Günter,2022-11-06 16:30:00,0,0,0,0,False,2,0,0.057446498423814774
505477,30,0.019602999091148376,h,2022,Freiburg,Eintracht Frankfurt,Christian Günter,2023-01-25 19:30:00,0,0,0,0,False,0,0,0.0
505816,93,0.08415330201387405,h,2022,Freiburg,Augsburg,Christian Günter,2023-01-28 14:30:00,0,0,0,0,False,3,1,0.0
517906,33,0.04172379896044731,h,2022,Freiburg,Bayern Munich,Christian Günter,2023-04-08 13:30:00,0,0,0,0,False,0,0,0.0
521520,22,0.03649972751736641,h,2022,Freiburg,Schalke 04,Christian Günter,2023-04-23 13:30:00,0,0,0,0,False,1,0,0.0
521525,39,0.02361084707081318,h,2022,Freiburg,Schalke 04,Christian Günter,2023-04-23 13:30:00,0,0,0,0,False,2,0,0.03649972751736641
522654,34,0.07997902482748032,a,2022,FC Cologne,Freiburg,Christian Günter,2023-04-29 13:30:00,0,0,0,0,False,0,0,0.0
522671,78,0.01594901829957962,a,2022,FC Cologne,Freiburg,Christian Günter,2023-04-29 13:30:00,0,0,0,0,False,1,0,0.07997902482748032
527057,70,0.015983127057552338,h,2022,Freiburg,Wolfsburg,Christian Günter,2023-05-19 18:30:00,0,0,0,0,True,0,0,0.0
481764,89,0.0769691988825798,a,2022,Augsburg,Mainz 05,Leandro Barreiro Martins,2022-08-20 13:30:00,0,0,0,0,False,1,1,0.0
486707,6,0.08269230276346207,a,2022,Borussia M.Gladbach,Mainz 05,Leandro Barreiro Martins,2022-09-04 15:30:00,0,0,0,0,False,0,0,0.0
486716,28,0.08618059754371643,a,2022,Borussia M.Gladbach,Mainz 05,Leandro Barreiro Martins,2022-09-04 15:30:00,0,0,0,0,False,0,0,0.08269230276346207
488361,63,0.036163900047540665,h,2022,Mainz 05,Hertha Berlin,Leandro Barreiro Martins,2022-09-16 18:30:00,0,0,0,0,False,0,1,0.0
490024,24,0.015267400071024895,a,2022,Freiburg,Mainz 05,Leandro Barreiro Martins,2022-10-01 13:30:00,0,0,0,0,False,0,1,0.0
493032,28,0.12140899896621704,a,2022,Werder Bremen,Mainz 05,Leandro Barreiro Martins,2022-10-15 13:30:00,0,0,0,0,False,0,0,0.0
493043,77,0.12426300346851349,a,2022,Werder Bremen,Mainz 05,Leandro Barreiro Martins,2022-10-15 13:30:00,0,0,0,0,False,2,0,0.12140899896621704
500727,55,0.09731320291757584,h,2022,Mainz 05,Eintracht Frankfurt,Leandro Barreiro Martins,2022-11-13 14:30:00,0,0,0,0,False,1,0,0.0
500734,78,0.029248099774122238,h,2022,Mainz 05,Eintracht Frankfurt,Leandro Barreiro Martins,2022-11-13 14:30:00,0,0,0,0,False,1,1,0.09731320291757584
504501,14,0.024848299100995064,a,2022,VfB Stuttgart,Mainz 05,Leandro Barreiro Martins,2023-01-21 14:30:00,0,0,0,0,False,0,0,0.0
505435,28,0.016042299568653107,h,2022,Mainz 05,Borussia Dortmund,Leandro Barreiro Martins,2023-01-25 17:30:00,0,0,0,0,False,1,1,0.0
505446,82,0.07551520317792892,h,2022,Mainz 05,Borussia Dortmund,Leandro Barreiro Martins,2023-01-25 17:30:00,0,0,0,0,False,1,1,0.016042299568653107
505762,6,0.031064199283719063,h,2022,Mainz 05,Bochum,Leandro Barreiro Martins,2023-01-28 14:30:00,0,0,0,0,False,1,0,0.0
508238,42,0.059108901768922806,h,2022,Mainz 05,Augsburg,Leandro Barreiro Martins,2023-02-11 14:30:00,0,0,0,0,False,2,1,0.0
508242,46,0.5079240202903748,h,2022,Mainz 05,Augsburg,Leandro Barreiro Martins,2023-02-11 14:30:00,0,0,0,0,False,2,1,0.059108901768922806
508247,68,0.14245499670505524,h,2022,Mainz 05,Augsburg,Leandro Barreiro Martins,2023-02-11 14:30:00,0,0,0,0,False,3,1,0.5670329220592976
510437,23,0.07110220193862915,a,2022,Bayer Leverkusen,Mainz 05,Leandro Barreiro Martins,2023-02-19 18:30:00,0,0,1,0,False,0,0,0.0
510445,48,0.39453598856925964,a,2022,Bayer Leverkusen,Mainz 05,Leandro Barreiro Martins,2023-02-19 18:30:00,0,0,0,0,True,1,1,0.07110220193862915
510602,47,0.03795880079269409,h,2022,Mainz 05,Borussia M.Gladbach,Leandro Barreiro Martins,2023-02-24 19:30:00,0,0,0,0,False,1,0,0.0
510613,87,0.11225699633359909,h,2022,Mainz 05,Borussia M.Gladbach,Leandro Barreiro Martins,2023-02-24 19:30:00,0,0,0,0,False,3,0,0.03795880079269409
512084,23,0.09794849902391434,h,2022,Mainz 05,Hoffenheim,Leandro Barreiro Martins,2023-03-04 14:30:00,0,0,1,0,False,0,0,0.0
512086,31,0.03237789869308472,h,2022,Mainz 05,Hoffenheim,Leandro Barreiro Martins,2023-03-04 14:30:00,0,0,1,0,False,0,0,0.09794849902391434
512088,32,0.10322599858045578,h,2022,Mainz 05,Hoffenheim,Leandro Barreiro Martins,2023-03-04 14:30:00,0,0,0,0,True,0,0,0.13032639771699905
516150,8,0.08948150277137756,a,2022,RasenBallsport Leipzig,Mainz 05,Leandro Barreiro Martins,2023-04-01 13:30:00,0,0,0,0,False,0,0,0.0
516156,29,0.4929870069026947,a,2022,RasenBallsport Leipzig,Mainz 05,Leandro Barreiro Martins,2023-04-01 13:30:00,0,0,0,0,False,1,0,0.08948150277137756
519353,83,0.12472700327634811,a,2022,FC Cologne,Mainz 05,Leandro Barreiro Martins,2023-04-15 13:30:00,0,0,0,0,False,1,1,0.0
520704,25,0.11432809382677078,h,2022,Mainz 05,Bayern Munich,Leandro Barreiro Martins,2023-04-22 13:30:00,0,0,1,0,False,0,0,0.0
520705,27,0.05325581505894661,h,2022,Mainz 05,Bayern Munich,Leandro Barreiro Martins,2023-04-22 13:30:00,0,0,1,0,False,0,0,0.11432809382677078
520720,72,0.4263065755367279,h,2022,Mainz 05,Bayern Munich,Leandro Barreiro Martins,2023-04-22 13:30:00,0,0,0,0,True,1,1,0.1675839088857174
524412,52,0.5697434544563293,h,2022,Mainz 05,Schalke 04,Leandro Barreiro Martins,2023-05-05 18:30:00,0,0,0,0,True,0,1,0.0
528909,93,0.009719389490783215,a,2022,Borussia Dortmund,Mainz 05,Leandro Barreiro Martins,2023-05-27 13:30:00,0,0,0,0,False,2,1,0.0
506966,79,0.06367360055446625,h,2022,Bochum,Hoffenheim,Moritz Broschinski,2023-02-04 14:30:00,0,0,1,0,False,4,2,0.0
506967,80,0.12474100291728973,h,2022,Bochum,Hoffenheim,Moritz Broschinski,2023-02-04 14:30:00,0,0,1,0,False,4,2,0.06367360055446625
506968,82,0.27471399307250977,h,2022,Bochum,Hoffenheim,Moritz Broschinski,2023-02-04 14:30:00,0,0,0,0,True,4,2,0.18841460347175598
512059,87,0.04572800174355507,h,2022,Bochum,Schalke 04,Moritz Broschinski,2023-03-04 14:30:00,0,0,0,0,False,0,1,0.0
520776,67,0.6816267967224121,h,2022,Bochum,Wolfsburg,Moritz Broschinski,2023-04-22 13:30:00,0,0,0,0,True,0,4,0.0
529029,89,0.07780821621417999,h,2022,Bochum,Bayer Leverkusen,Moritz Broschinski,2023-05-27 13:30:00,0,0,0,0,False,3,0,0.0
479195,33,0.01368740014731884,h,2022,Bochum,Mainz 05,Takuma Asano,2022-08-06 13:30:00,0,0,0,0,False,0,1,0.0
479200,40,0.023533500730991364,h,2022,Bochum,Mainz 05,Takuma Asano,2022-08-06 13:30:00,0,0,0,0,False,1,1,0.01368740014731884
479202,51,0.05307229980826378,h,2022,Bochum,Mainz 05,Takuma Asano,2022-08-06 13:30:00,0,0,0,0,False,1,1,0.037220900878310204
480227,65,0.07288730144500732,a,2022,Hoffenheim,Bochum,Takuma Asano,2022-08-13 13:30:00,0,0,0,0,False,2,2,0.0
482517,37,0.025174500420689583,h,2022,Bochum,Bayern Munich,Takuma Asano,2022-08-21 15:30:00,0,0,0,0,False,0,3,0.0
483272,11,0.07426679879426956,a,2022,Freiburg,Bochum,Takuma Asano,2022-08-26 18:30:00,0,0,0,0,False,0,0,0.0
483280,33,0.062165599316358566,a,2022,Freiburg,Bochum,Takuma Asano,2022-08-26 18:30:00,0,0,0,0,False,0,0,0.07426679879426956
485724,0,0.047903500497341156,h,2022,Bochum,Werder Bremen,Takuma Asano,2022-09-03 13:30:00,0,0,0,0,False,0,0,0.0
504544,72,0.01605070009827614,h,2022,Bochum,Hertha Berlin,Takuma Asano,2023-01-21 14:30:00,0,0,0,0,False,3,0,0.0
505455,8,0.3893280029296875,a,2022,Bayer Leverkusen,Bochum,Takuma Asano,2023-01-25 19:30:00,0,0,0,0,False,0,1,0.0
505466,67,0.04569840058684349,a,2022,Bayer Leverkusen,Bochum,Takuma Asano,2023-01-25 19:30:00,0,0,0,0,False,0,2,0.3893280029296875
505777,54,0.011510900221765041,a,2022,Mainz 05,Bochum,Takuma Asano,2023-01-28 14:30:00,0,0,0,0,False,0,3,0.0
505782,72,0.014773700386285782,a,2022,Mainz 05,Bochum,Takuma Asano,2023-01-28 14:30:00,0,0,0,0,False,2,4,0.011510900221765041
506946,9,0.06421080231666565,h,2022,Bochum,Hoffenheim,Takuma Asano,2023-02-04 14:30:00,0,0,1,0,False,0,0,0.0
506947,17,0.020592400804162025,h,2022,Bochum,Hoffenheim,Takuma Asano,2023-02-04 14:30:00,0,0,1,0,False,0,0,0.06421080231666565
506957,39,0.4445430040359497,h,2022,Bochum,Hoffenheim,Takuma Asano,2023-02-04 14:30:00,0,0,0,0,True,2,0,0.08480320312082767
506960,64,0.08844269812107086,h,2022,Bochum,Hoffenheim,Takuma Asano,2023-02-04 14:30:00,1,0,0,0,False,3,1,0.5293462071567774
508329,74,0.062424298375844955,a,2022,Bayern Munich,Bochum,Takuma Asano,2023-02-11 14:30:00,0,0,0,0,False,0,3,0.0
509467,6,0.04118559882044792,h,2022,Bochum,Freiburg,Takuma Asano,2023-02-18 14:30:00,0,0,0,0,False,0,0,0.0
509469,16,0.021269800141453743,h,2022,Bochum,Freiburg,Takuma Asano,2023-02-18 14:30:00,0,0,0,0,False,0,0,0.04118559882044792
512050,42,0.028142599388957024,h,2022,Bochum,Schalke 04,Takuma Asano,2023-03-04 14:30:00,0,0,0,0,False,0,0,0.0
512052,45,0.03251510113477707,h,2022,Bochum,Schalke 04,Takuma Asano,2023-03-04 14:30:00,0,0,0,0,False,0,0,0.028142599388957024
513127,12,0.0703205019235611,a,2022,FC Cologne,Bochum,Takuma Asano,2023-03-10 19:30:00,0,0,0,0,False,1,0,0.0
513130,30,0.30625200271606445,a,2022,FC Cologne,Bochum,Takuma Asano,2023-03-10 19:30:00,0,0,0,0,False,1,0,0.0703205019235611
514883,0,0.0538502000272274,h,2022,Bochum,RasenBallsport Leipzig,Takuma Asano,2023-03-18 14:30:00,0,0,0,0,False,0,0,0.0
514889,37,0.02934980019927025,h,2022,Bochum,RasenBallsport Leipzig,Takuma Asano,2023-03-18 14:30:00,0,0,0,0,False,0,0,0.0538502000272274
514891,47,0.4925130009651184,h,2022,Bochum,RasenBallsport Leipzig,Takuma Asano,2023-03-18 14:30:00,0,0,0,0,False,0,0,0.08320000022649765
514895,60,0.3792409896850586,h,2022,Bochum,RasenBallsport Leipzig,Takuma Asano,2023-03-18 14:30:00,0,0,0,0,False,1,0,0.5757130011916161
515971,12,0.4842180013656616,a,2022,Eintracht Frankfurt,Bochum,Takuma Asano,2023-03-31 19:30:00,0,0,0,0,True,0,0,0.0
518784,11,0.1397639960050583,h,2022,Bochum,VfB Stuttgart,Takuma Asano,2023-04-09 15:30:00,0,0,0,0,False,0,0,0.0
518788,27,0.05838890001177788,h,2022,Bochum,VfB Stuttgart,Takuma Asano,2023-04-09 15:30:00,0,0,0,0,False,0,1,0.1397639960050583
520206,21,0.05646279826760292,a,2022,Union Berlin,Bochum,Takuma Asano,2023-04-16 15:30:00,0,0,0,0,False,0,0,0.0
520207,34,0.0660971999168396,a,2022,Union Berlin,Bochum,Takuma Asano,2023-04-16 15:30:00,0,0,0,0,False,0,0,0.05646279826760292
520216,67,0.09397389739751816,a,2022,Union Berlin,Bochum,Takuma Asano,2023-04-16 15:30:00,0,0,0,0,False,1,1,0.12255999818444252
520769,54,0.056911200284957886,h,2022,Bochum,Wolfsburg,Takuma Asano,2023-04-22 13:30:00,0,0,0,0,False,0,3,0.0
520779,73,0.04132511466741562,h,2022,Bochum,Wolfsburg,Takuma Asano,2023-04-22 13:30:00,0,0,0,0,False,1,4,0.056911200284957886
520782,78,0.0903712809085846,h,2022,Bochum,Wolfsburg,Takuma Asano,2023-04-22 13:30:00,0,0,0,0,False,1,5,0.0982363149523735
520784,80,0.05165296047925949,h,2022,Bochum,Wolfsburg,Takuma Asano,2023-04-22 13:30:00,0,0,0,0,False,1,5,0.1886075958609581
522461,11,0.024850718677043915,h,2022,Bochum,Borussia Dortmund,Takuma Asano,2023-04-28 18:30:00,0,0,0,0,False,1,1,0.0
522466,34,0.0891832560300827,h,2022,Bochum,Borussia Dortmund,Takuma Asano,2023-04-28 18:30:00,0,0,0,0,False,1,1,0.024850718677043915
522470,40,0.062233831733465195,h,2022,Bochum,Borussia Dortmund,Takuma Asano,2023-04-28 18:30:00,0,0,0,0,False,1,1,0.11403397470712662
522472,42,0.03177773952484131,h,2022,Bochum,Borussia Dortmund,Takuma Asano,2023-04-28 18:30:00,0,0,0,0,False,1,1,0.1762678064405918
522481,71,0.06645388901233673,h,2022,Bochum,Borussia Dortmund,Takuma Asano,2023-04-28 18:30:00,0,0,0,0,False,1,1,0.20804554596543312
524465,21,0.06782806664705276,a,2022,Borussia M.Gladbach,Bochum,Takuma Asano,2023-05-06 13:30:00,0,0,0,0,False,0,0,0.0
524481,53,0.014174616895616055,a,2022,Borussia M.Gladbach,Bochum,Takuma Asano,2023-05-06 13:30:00,0,0,0,0,False,0,1,0.06782806664705276
525807,7,0.5391162633895874,h,2022,Bochum,Augsburg,Takuma Asano,2023-05-13 13:30:00,0,0,0,0,False,1,0,0.0
527364,29,0.34163355827331543,a,2022,Hertha Berlin,Bochum,Takuma Asano,2023-05-20 13:30:00,0,0,0,0,False,0,0,0.0
527376,61,0.12098241597414017,a,2022,Hertha Berlin,Bochum,Takuma Asano,2023-05-20 13:30:00,0,0,0,0,False,0,0,0.34163355827331543
527379,67,0.05963829159736633,a,2022,Hertha Berlin,Bochum,Takuma Asano,2023-05-20 13:30:00,0,0,0,0,False,0,1,0.4626159742474556
529017,31,0.3397600054740906,h,2022,Bochum,Bayer Leverkusen,Takuma Asano,2023-05-27 13:30:00,0,0,1,0,False,1,0,0.0
529018,33,0.19703973829746246,h,2022,Bochum,Bayer Leverkusen,Takuma Asano,2023-05-27 13:30:00,0,0,0,0,True,1,0,0.3397600054740906
480182,33,0.03414269909262657,a,2022,Hertha Berlin,Eintracht Frankfurt,Almamy Touré,2022-08-13 13:30:00,0,0,0,0,False,0,1,0.0
524591,49,0.7259340286254883,a,2022,Hoffenheim,Eintracht Frankfurt,Almamy Touré,2023-05-06 13:30:00,0,0,0,0,False,0,3,0.0
525876,7,0.018181560561060905,h,2022,Eintracht Frankfurt,Mainz 05,Almamy Touré,2023-05-13 13:30:00,0,0,0,0,False,0,0,0.0
496440,64,0.04775169864296913,a,2022,Bayern Munich,Mainz 05,Aymen Barkok,2022-10-29 13:30:00,0,0,0,0,False,1,4,0.0
504503,24,0.04837710037827492,a,2022,VfB Stuttgart,Mainz 05,Aymen Barkok,2023-01-21 14:30:00,0,0,0,0,False,0,0,0.0
504514,55,0.03263380005955696,a,2022,VfB Stuttgart,Mainz 05,Aymen Barkok,2023-01-21 14:30:00,0,0,0,0,False,1,1,0.04837710037827492
504522,71,0.06461700052022934,a,2022,VfB Stuttgart,Mainz 05,Aymen Barkok,2023-01-21 14:30:00,0,0,0,0,False,1,1,0.08101090043783188
505445,79,0.062413498759269714,h,2022,Mainz 05,Borussia Dortmund,Aymen Barkok,2023-01-25 17:30:00,0,0,0,0,False,1,1,0.0
507012,81,0.011593200266361237,a,2022,Union Berlin,Mainz 05,Aymen Barkok,2023-02-04 14:30:00,0,0,0,0,False,1,1,0.0
507019,90,0.026685800403356552,a,2022,Union Berlin,Mainz 05,Aymen Barkok,2023-02-04 14:30:00,0,0,0,0,False,1,2,0.011593200266361237
507021,95,0.018595099449157715,a,2022,Union Berlin,Mainz 05,Aymen Barkok,2023-02-04 14:30:00,0,0,0,0,False,1,2,0.03827900066971779
510612,87,0.01702209934592247,h,2022,Mainz 05,Borussia M.Gladbach,Aymen Barkok,2023-02-24 19:30:00,0,0,0,0,False,3,0,0.0
523471,84,0.05394413694739342,a,2022,Wolfsburg,Mainz 05,Aymen Barkok,2023-04-30 15:30:00,0,0,0,0,False,0,3,0.0
525898,75,0.007754472084343433,a,2022,Eintracht Frankfurt,Mainz 05,Aymen Barkok,2023-05-13 13:30:00,0,0,0,0,False,0,3,0.0
479890,75,0.05186710134148598,a,2022,FC Cologne,Schalke 04,Marius Bülter,2022-08-07 15:30:00,0,0,0,0,True,0,2,0.0
480566,14,0.10080700367689133,h,2022,Schalke 04,Borussia M.Gladbach,Marius Bülter,2022-08-13 16:30:00,0,0,1,0,False,0,0,0.0
480570,21,0.05340449884533882,h,2022,Schalke 04,Borussia M.Gladbach,Marius Bülter,2022-08-13 16:30:00,0,0,1,0,False,0,0,0.10080700367689133
480575,41,0.04956350103020668,h,2022,Schalke 04,Borussia M.Gladbach,Marius Bülter,2022-08-13 16:30:00,0,0,1,0,False,1,0,0.15421150252223015
480589,92,0.7577769756317139,h,2022,Schalke 04,Borussia M.Gladbach,Marius Bülter,2022-08-13 16:30:00,0,0,0,0,True,1,2,0.20377500355243683
481767,6,0.03266869857907295,a,2022,Wolfsburg,Schalke 04,Marius Bülter,2022-08-20 13:30:00,0,0,0,0,False,0,0,0.0
481770,29,0.042764801532030106,a,2022,Wolfsburg,Schalke 04,Marius Bülter,2022-08-20 13:30:00,0,0,0,0,False,0,0,0.03266869857907295
481776,51,0.018748799338936806,a,2022,Wolfsburg,Schalke 04,Marius Bülter,2022-08-20 13:30:00,0,0,0,0,False,0,0,0.07543350011110306
483447,30,0.7577769756317139,h,2022,Schalke 04,Union Berlin,Marius Bülter,2022-08-27 13:30:00,0,0,0,0,True,0,1,0.0
487617,37,0.04739470034837723,h,2022,Schalke 04,Bochum,Marius Bülter,2022-09-10 16:30:00,0,0,0,0,False,0,0,0.0
487626,70,0.031564101576805115,h,2022,Schalke 04,Bochum,Marius Bülter,2022-09-10 16:30:00,0,0,0,0,False,1,1,0.04739470034837723
492700,15,0.04759189859032631,h,2022,Schalke 04,Hoffenheim,Marius Bülter,2022-10-14 18:30:00,0,0,0,0,False,0,1,0.0
492714,45,0.06792459636926651,h,2022,Schalke 04,Hoffenheim,Marius Bülter,2022-10-14 18:30:00,0,0,0,0,False,0,1,0.04759189859032631
492717,55,0.05944079905748367,h,2022,Schalke 04,Hoffenheim,Marius Bülter,2022-10-14 18:30:00,0,0,0,0,False,0,2,0.11551649495959282
492721,75,0.01921289972960949,h,2022,Schalke 04,Hoffenheim,Marius Bülter,2022-10-14 18:30:00,0,0,0,0,False,0,3,0.1749572940170765
495751,16,0.035360999405384064,a,2022,Hertha Berlin,Schalke 04,Marius Bülter,2022-10-23 15:30:00,0,0,0,0,False,0,0,0.0
497399,20,0.01726979948580265,h,2022,Schalke 04,Freiburg,Marius Bülter,2022-10-30 16:30:00,0,0,0,0,False,0,0,0.0
497413,54,0.0145455002784729,h,2022,Schalke 04,Freiburg,Marius Bülter,2022-10-30 16:30:00,0,0,0,0,False,0,1,0.01726979948580265
497418,75,0.05322960019111633,h,2022,Schalke 04,Freiburg,Marius Bülter,2022-10-30 16:30:00,0,0,0,0,False,0,2,0.03181529976427555
498203,2,0.06367229670286179,a,2022,Werder Bremen,Schalke 04,Marius Bülter,2022-11-05 17:30:00,0,0,0,0,False,0,0,0.0
498210,22,0.009795860387384892,a,2022,Werder Bremen,Schalke 04,Marius Bülter,2022-11-05 17:30:00,0,0,0,0,False,0,0,0.06367229670286179
498214,35,0.04092629998922348,a,2022,Werder Bremen,Schalke 04,Marius Bülter,2022-11-05 17:30:00,0,0,0,0,False,0,1,0.07346815709024668
498217,37,0.15312999486923218,a,2022,Werder Bremen,Schalke 04,Marius Bülter,2022-11-05 17:30:00,0,0,0,0,False,0,1,0.11439445707947016
498222,59,0.013300100341439247,a,2022,Werder Bremen,Schalke 04,Marius Bülter,2022-11-05 17:30:00,0,0,0,0,False,0,1,0.26752445194870234
499427,36,0.1359180063009262,h,2022,Schalke 04,Mainz 05,Marius Bülter,2022-11-09 19:30:00,0,0,0,0,False,1,0,0.0
499439,85,0.335752010345459,h,2022,Schalke 04,Mainz 05,Marius Bülter,2022-11-09 19:30:00,0,0,0,0,False,1,0,0.1359180063009262
500294,23,0.2765370011329651,h,2022,Schalke 04,Bayern Munich,Marius Bülter,2022-11-12 17:30:00,0,0,0,0,False,0,0,0.0
500299,33,0.014016400091350079,h,2022,Schalke 04,Bayern Munich,Marius Bülter,2022-11-12 17:30:00,0,0,0,0,False,0,0,0.2765370011329651
504586,2,0.034869398921728134,a,2022,Eintracht Frankfurt,Schalke 04,Marius Bülter,2023-01-21 14:30:00,0,0,0,0,False,0,0,0.0
504596,32,0.11765100061893463,a,2022,Eintracht Frankfurt,Schalke 04,Marius Bülter,2023-01-21 14:30:00,0,0,0,0,False,0,1,0.034869398921728134
507368,73,0.11773999780416489,a,2022,Borussia M.Gladbach,Schalke 04,Marius Bülter,2023-02-04 17:30:00,0,0,0,0,False,0,0,0.0
507377,93,0.07104100286960602,a,2022,Borussia M.Gladbach,Schalke 04,Marius Bülter,2023-02-04 17:30:00,0,0,0,0,False,0,0,0.11773999780416489
508101,47,0.01841850019991398,h,2022,Schalke 04,Wolfsburg,Marius Bülter,2023-02-10 19:30:00,0,0,0,0,False,0,0,0.0
508100,47,0.09206079691648483,h,2022,Schalke 04,Wolfsburg,Marius Bülter,2023-02-10 19:30:00,0,0,0,0,False,0,0,0.01841850019991398
508115,96,0.009871579706668854,h,2022,Schalke 04,Wolfsburg,Marius Bülter,2023-02-10 19:30:00,0,0,0,0,False,0,0,0.11047929711639881
510269,80,0.015437999740242958,a,2022,Union Berlin,Schalke 04,Marius Bülter,2023-02-19 14:30:00,0,0,0,0,False,0,0,0.0
510971,39,0.14605100452899933,h,2022,Schalke 04,VfB Stuttgart,Marius Bülter,2023-02-25 17:30:00,0,0,0,0,True,1,0,0.0
512044,3,0.0273314006626606,a,2022,Bochum,Schalke 04,Marius Bülter,2023-03-04 14:30:00,0,0,1,0,False,0,0,0.0
512054,67,0.008637740276753902,a,2022,Bochum,Schalke 04,Marius Bülter,2023-03-04 14:30:00,0,0,1,0,False,0,0,0.0273314006626606
512057,78,0.05262180045247078,a,2022,Bochum,Schalke 04,Marius Bülter,2023-03-04 14:30:00,0,0,0,0,True,0,0,0.0359691409394145
512061,93,0.011312699876725674,a,2022,Bochum,Schalke 04,Marius Bülter,2023-03-04 14:30:00,1,0,0,0,False,1,0,0.08859094139188528
513726,49,0.9407340288162231,h,2022,Schalke 04,Borussia Dortmund,Marius Bülter,2023-03-11 17:30:00,0,0,0,0,True,0,1,0.0
514862,18,0.05581419914960861,a,2022,Augsburg,Schalke 04,Marius Bülter,2023-03-18 14:30:00,0,0,1,0,False,0,0,0.0
514865,28,0.03161520138382912,a,2022,Augsburg,Schalke 04,Marius Bülter,2023-03-18 14:30:00,0,0,1,0,False,0,0,0.05581419914960861
514881,92,0.7577769756317139,a,2022,Augsburg,Schalke 04,Marius Bülter,2023-03-18 14:30:00,0,0,0,0,True,0,1,0.08742940053343773
516182,6,0.06549990177154541,h,2022,Schalke 04,Bayer Leverkusen,Marius Bülter,2023-04-01 13:30:00,0,0,0,0,False,0,0,0.0
516201,70,0.013810199685394764,h,2022,Schalke 04,Bayer Leverkusen,Marius Bülter,2023-04-01 13:30:00,0,0,0,0,False,0,2,0.06549990177154541
518877,0,0.11168400198221207,a,2022,Hoffenheim,Schalke 04,Marius Bülter,2023-04-09 17:30:00,0,0,0,0,False,0,0,0.0
518893,52,0.020007699728012085,a,2022,Hoffenheim,Schalke 04,Marius Bülter,2023-04-09 17:30:00,0,0,0,0,False,0,0,0.11168400198221207
518902,91,0.019411100074648857,a,2022,Hoffenheim,Schalke 04,Marius Bülter,2023-04-09 17:30:00,0,0,0,0,False,0,1,0.13169170171022415
519037,12,0.471994012594223,h,2022,Schalke 04,Hertha Berlin,Marius Bülter,2023-04-14 18:30:00,0,0,1,0,True,1,0,0.0
519040,22,0.06958600133657455,h,2022,Schalke 04,Hertha Berlin,Marius Bülter,2023-04-14 18:30:00,1,0,1,0,False,2,0,0.471994012594223
519041,26,0.04450720176100731,h,2022,Schalke 04,Hertha Berlin,Marius Bülter,2023-04-14 18:30:00,1,0,1,0,False,2,0,0.5415800139307976
519050,60,0.04748480021953583,h,2022,Schalke 04,Hertha Berlin,Marius Bülter,2023-04-14 18:30:00,1,0,1,0,False,3,1,0.5860872156918049
519053,77,0.131305992603302,h,2022,Schalke 04,Hertha Berlin,Marius Bülter,2023-04-14 18:30:00,1,0,0,0,True,3,1,0.6335720159113407
521516,10,0.01783672720193863,a,2022,Freiburg,Schalke 04,Marius Bülter,2023-04-23 13:30:00,0,0,0,0,False,0,1,0.0
522899,14,0.016161931678652763,h,2022,Schalke 04,Werder Bremen,Marius Bülter,2023-04-29 16:30:00,0,0,0,0,False,0,0,0.0
522907,45,0.050159599632024765,h,2022,Schalke 04,Werder Bremen,Marius Bülter,2023-04-29 16:30:00,0,0,0,0,False,0,1,0.016161931678652763
522910,46,0.011912531219422817,h,2022,Schalke 04,Werder Bremen,Marius Bülter,2023-04-29 16:30:00,0,0,0,0,False,0,1,0.06632153131067753
524403,25,0.05485445633530617,a,2022,Mainz 05,Schalke 04,Marius Bülter,2023-05-05 18:30:00,0,0,1,0,True,0,0,0.0
524409,50,0.4618668854236603,a,2022,Mainz 05,Schalke 04,Marius Bülter,2023-05-05 18:30:00,1,0,1,0,False,1,0,0.05485445633530617
524416,67,0.019000068306922913,a,2022,Mainz 05,Schalke 04,Marius Bülter,2023-05-05 18:30:00,1,0,1,0,False,2,1,0.5167213417589664
524423,96,0.2770810127258301,a,2022,Mainz 05,Schalke 04,Marius Bülter,2023-05-05 18:30:00,1,0,1,0,False,2,2,0.5357214100658894
524425,101,0.75777667760849,a,2022,Mainz 05,Schalke 04,Marius Bülter,2023-05-05 18:30:00,1,0,0,0,True,2,2,0.8128024227917194
528914,22,0.018621625378727913,a,2022,RasenBallsport Leipzig,Schalke 04,Marius Bülter,2023-05-27 13:30:00,0,0,0,0,False,0,2,0.0
528916,29,0.09512211382389069,a,2022,RasenBallsport Leipzig,Schalke 04,Marius Bülter,2023-05-27 13:30:00,0,0,0,0,False,1,2,0.018621625378727913
528924,48,0.3570590615272522,a,2022,RasenBallsport Leipzig,Schalke 04,Marius Bülter,2023-05-27 13:30:00,0,0,0,0,False,1,2,0.1137437392026186
528940,87,0.05510168895125389,a,2022,RasenBallsport Leipzig,Schalke 04,Marius Bülter,2023-05-27 13:30:00,0,0,0,0,False,1,3,0.4708028007298708
481765,92,0.11691699922084808,a,2022,Augsburg,Mainz 05,Jae-Sung Lee,2022-08-20 13:30:00,0,0,0,0,True,1,1,0.0
483555,89,0.02470799908041954,h,2022,Mainz 05,Bayer Leverkusen,Jae-Sung Lee,2022-08-27 13:30:00,0,0,0,0,False,0,3,0.0
488359,46,0.03231560066342354,h,2022,Mainz 05,Hertha Berlin,Jae-Sung Lee,2022-09-16 18:30:00,0,0,0,0,False,0,1,0.0
491523,24,0.05454859882593155,h,2022,Mainz 05,RasenBallsport Leipzig,Jae-Sung Lee,2022-10-08 13:30:00,0,0,0,0,False,0,0,0.0
493023,1,0.07562559843063354,a,2022,Werder Bremen,Mainz 05,Jae-Sung Lee,2022-10-15 13:30:00,0,0,1,0,False,0,0,0.0
493024,2,0.11236000061035156,a,2022,Werder Bremen,Mainz 05,Jae-Sung Lee,2022-10-15 13:30:00,0,0,1,0,False,0,0,0.07562559843063354
493031,26,0.0634848028421402,a,2022,Werder Bremen,Mainz 05,Jae-Sung Lee,2022-10-15 13:30:00,0,0,1,0,False,0,0,0.1879855990409851
493040,65,0.09980030357837677,a,2022,Werder Bremen,Mainz 05,Jae-Sung Lee,2022-10-15 13:30:00,0,0,0,0,True,1,0,0.2514704018831253
494656,1,0.015984799712896347,h,2022,Mainz 05,FC Cologne,Jae-Sung Lee,2022-10-21 18:30:00,0,0,0,0,False,0,0,0.0
494672,67,0.025756699964404106,h,2022,Mainz 05,FC Cologne,Jae-Sung Lee,2022-10-21 18:30:00,0,0,0,0,False,3,0,0.015984799712896347
496421,31,0.0766855999827385,a,2022,Bayern Munich,Mainz 05,Jae-Sung Lee,2022-10-29 13:30:00,0,0,0,0,False,0,2,0.0
498013,40,0.019047599285840988,h,2022,Mainz 05,Wolfsburg,Jae-Sung Lee,2022-11-05 14:30:00,0,0,0,0,False,0,1,0.0
499415,3,0.03936789929866791,a,2022,Schalke 04,Mainz 05,Jae-Sung Lee,2022-11-09 19:30:00,0,0,0,0,False,0,0,0.0
499425,34,0.030510099604725838,a,2022,Schalke 04,Mainz 05,Jae-Sung Lee,2022-11-09 19:30:00,0,0,0,0,False,0,1,0.03936789929866791
505429,1,0.1288820058107376,h,2022,Mainz 05,Borussia Dortmund,Jae-Sung Lee,2023-01-25 17:30:00,0,0,0,0,True,0,0,0.0
505760,0,0.8937450051307678,h,2022,Mainz 05,Bochum,Jae-Sung Lee,2023-01-28 14:30:00,0,0,0,0,True,0,0,0.0
508231,20,0.5356730222702026,h,2022,Mainz 05,Augsburg,Jae-Sung Lee,2023-02-11 14:30:00,0,0,1,0,True,0,0,0.0
508243,51,0.3734009861946106,h,2022,Mainz 05,Augsburg,Jae-Sung Lee,2023-02-11 14:30:00,1,0,0,0,True,2,1,0.5356730222702026
510454,59,0.20945300161838531,a,2022,Bayer Leverkusen,Mainz 05,Jae-Sung Lee,2023-02-19 18:30:00,0,0,0,0,False,2,2,0.0
510596,24,0.3426840007305145,h,2022,Mainz 05,Borussia M.Gladbach,Jae-Sung Lee,2023-02-24 19:30:00,0,0,0,0,True,0,0,0.0
510606,61,0.07491510361433029,h,2022,Mainz 05,Borussia M.Gladbach,Jae-Sung Lee,2023-02-24 19:30:00,1,0,0,0,False,2,0,0.3426840007305145
512091,47,0.07730060070753098,h,2022,Mainz 05,Hoffenheim,Jae-Sung Lee,2023-03-04 14:30:00,0,0,0,0,False,1,0,0.0
512092,48,0.07052589952945709,h,2022,Mainz 05,Hoffenheim,Jae-Sung Lee,2023-03-04 14:30:00,0,0,0,0,False,1,0,0.07730060070753098
512107,81,0.06969749927520752,h,2022,Mainz 05,Hoffenheim,Jae-Sung Lee,2023-03-04 14:30:00,0,0,0,0,False,1,0,0.14782650023698807
516176,85,0.1107340008020401,a,2022,RasenBallsport Leipzig,Mainz 05,Jae-Sung Lee,2023-04-01 13:30:00,0,0,0,0,False,3,0,0.0
517884,62,0.019386600703001022,h,2022,Mainz 05,Werder Bremen,Jae-Sung Lee,2023-04-08 13:30:00,0,0,0,0,False,0,0,0.0
517885,65,0.05683000013232231,h,2022,Mainz 05,Werder Bremen,Jae-Sung Lee,2023-04-08 13:30:00,0,0,0,0,False,0,0,0.019386600703001022
517890,78,0.021049799397587776,h,2022,Mainz 05,Werder Bremen,Jae-Sung Lee,2023-04-08 13:30:00,0,0,0,0,False,0,0,0.07621660083532333
517891,79,0.09929410368204117,h,2022,Mainz 05,Werder Bremen,Jae-Sung Lee,2023-04-08 13:30:00,0,0,0,0,False,0,0,0.09726640023291111
517895,92,0.2558180093765259,h,2022,Mainz 05,Werder Bremen,Jae-Sung Lee,2023-04-08 13:30:00,0,0,0,0,False,1,1,0.19656050391495228
520706,28,0.020437639206647873,h,2022,Mainz 05,Bayern Munich,Jae-Sung Lee,2023-04-22 13:30:00,0,0,0,0,False,0,1,0.0
520717,64,0.04423363506793976,h,2022,Mainz 05,Bayern Munich,Jae-Sung Lee,2023-04-22 13:30:00,0,0,0,0,False,0,1,0.020437639206647873
523457,10,0.36072593927383423,a,2022,Wolfsburg,Mainz 05,Jae-Sung Lee,2023-04-30 15:30:00,0,0,0,0,False,0,1,0.0
524410,52,0.029135776683688164,h,2022,Mainz 05,Schalke 04,Jae-Sung Lee,2023-05-05 18:30:00,0,0,0,0,False,0,1,0.0
528889,47,0.10991993546485901,a,2022,Borussia Dortmund,Mainz 05,Jae-Sung Lee,2023-05-27 13:30:00,0,0,0,0,False,2,0,0.0
479166,12,0.029409199953079224,h,2022,Wolfsburg,Werder Bremen,Bote Baku,2022-08-06 13:30:00,0,0,0,0,False,1,0,0.0
479174,40,0.010667200200259686,h,2022,Wolfsburg,Werder Bremen,Bote Baku,2022-08-06 13:30:00,0,0,0,0,False,1,2,0.029409199953079224
479175,42,0.014452599920332432,h,2022,Wolfsburg,Werder Bremen,Bote Baku,2022-08-06 13:30:00,0,0,0,0,False,1,2,0.04007640015333891
481783,67,0.07995370030403137,h,2022,Wolfsburg,Schalke 04,Bote Baku,2022-08-20 13:30:00,0,0,0,0,False,0,0,0.0
481789,84,0.33926600217819214,h,2022,Wolfsburg,Schalke 04,Bote Baku,2022-08-20 13:30:00,0,0,0,0,False,0,0,0.07995370030403137
485775,56,0.055436599999666214,h,2022,Wolfsburg,FC Cologne,Bote Baku,2022-09-03 13:30:00,0,0,0,0,False,1,2,0.0
489993,16,0.056881699711084366,h,2022,Wolfsburg,VfB Stuttgart,Bote Baku,2022-10-01 13:30:00,0,0,0,0,False,0,0,0.0
494977,46,0.013645200058817863,a,2022,Bayer Leverkusen,Wolfsburg,Bote Baku,2022-10-22 13:30:00,0,0,0,0,False,0,1,0.0
496340,7,0.01852630078792572,h,2022,Wolfsburg,Bochum,Bote Baku,2022-10-29 13:30:00,0,0,1,0,False,0,0,0.0
496350,34,0.07550740242004395,h,2022,Wolfsburg,Bochum,Bote Baku,2022-10-29 13:30:00,0,0,0,0,True,1,0,0.01852630078792572
496352,39,0.022960200905799866,h,2022,Wolfsburg,Bochum,Bote Baku,2022-10-29 13:30:00,1,0,0,0,False,2,0,0.09403370320796967
496358,52,0.04814250022172928,h,2022,Wolfsburg,Bochum,Bote Baku,2022-10-29 13:30:00,1,0,0,0,False,2,0,0.11699390411376953
498012,38,0.034036800265312195,a,2022,Mainz 05,Wolfsburg,Bote Baku,2022-11-05 14:30:00,0,0,1,0,False,1,0,0.0
498024,83,0.4157879948616028,a,2022,Mainz 05,Wolfsburg,Bote Baku,2022-11-05 14:30:00,0,0,0,0,True,2,0,0.034036800265312195
499004,31,0.016764700412750244,h,2022,Wolfsburg,Borussia Dortmund,Bote Baku,2022-11-08 17:30:00,0,0,0,0,False,1,0,0.0
500063,55,0.23262600600719452,a,2022,Hoffenheim,Wolfsburg,Bote Baku,2022-11-12 14:30:00,0,0,0,0,True,0,1,0.0
500069,78,0.050860900431871414,a,2022,Hoffenheim,Wolfsburg,Bote Baku,2022-11-12 14:30:00,1,0,0,0,False,1,1,0.23262600600719452
504497,79,0.495959997177124,h,2022,Wolfsburg,Freiburg,Bote Baku,2023-01-21 14:30:00,0,0,0,0,True,4,0,0.0
505350,71,0.3009769916534424,a,2022,Hertha Berlin,Wolfsburg,Bote Baku,2023-01-24 19:30:00,0,0,0,0,True,3,0,0.0
507793,60,0.4486449956893921,h,2022,Wolfsburg,Bayern Munich,Bote Baku,2023-02-05 16:30:00,0,0,0,0,False,1,3,0.0
507800,89,0.015128499828279018,h,2022,Wolfsburg,Bayern Munich,Bote Baku,2023-02-05 16:30:00,0,0,0,0,False,2,4,0.4486449956893921
509529,11,0.013324500061571598,h,2022,Wolfsburg,RasenBallsport Leipzig,Bote Baku,2023-02-18 14:30:00,0,0,0,0,False,0,0,0.0
510781,44,0.017253000289201736,a,2022,FC Cologne,Wolfsburg,Bote Baku,2023-02-25 14:30:00,0,0,0,0,False,1,0,0.0
512858,49,0.01828319951891899,h,2022,Wolfsburg,Eintracht Frankfurt,Bote Baku,2023-03-05 16:30:00,0,0,0,0,False,2,2,0.0
520787,86,0.13528764247894287,a,2022,Bochum,Wolfsburg,Bote Baku,2023-04-22 13:30:00,0,0,0,0,False,5,1,0.0
523460,27,0.134293794631958,h,2022,Wolfsburg,Mainz 05,Bote Baku,2023-04-30 15:30:00,0,0,0,0,False,2,0,0.0
525176,26,0.03041636385023594,a,2022,Borussia Dortmund,Wolfsburg,Bote Baku,2023-05-07 15:30:00,0,0,0,0,False,0,1,0.0
529065,51,0.0940253734588623,h,2022,Wolfsburg,Hertha Berlin,Bote Baku,2023-05-27 13:30:00,0,0,0,0,False,1,0,0.0
480281,32,0.011815800331532955,h,2022,Bayer Leverkusen,Augsburg,Mitchel Bakker,2022-08-13 13:30:00,0,0,0,0,False,0,1,0.0
480286,46,0.011503499932587147,h,2022,Bayer Leverkusen,Augsburg,Mitchel Bakker,2022-08-13 13:30:00,0,0,0,0,False,1,1,0.011815800331532955
483534,11,0.07831030339002609,a,2022,Mainz 05,Bayer Leverkusen,Mitchel Bakker,2022-08-27 13:30:00,0,0,0,0,False,0,0,0.0
483554,88,0.01679679937660694,a,2022,Mainz 05,Bayer Leverkusen,Mitchel Bakker,2022-08-27 13:30:00,0,0,0,0,False,3,0,0.07831030339002609
493063,66,0.037642501294612885,a,2022,Eintracht Frankfurt,Bayer Leverkusen,Mitchel Bakker,2022-10-15 13:30:00,0,0,0,0,False,1,3,0.0
494980,64,0.017225300893187523,h,2022,Bayer Leverkusen,Wolfsburg,Mitchel Bakker,2022-10-22 13:30:00,0,0,0,0,False,1,1,0.0
498743,75,0.4933060109615326,h,2022,Bayer Leverkusen,Union Berlin,Mitchel Bakker,2022-11-06 14:30:00,0,0,0,0,True,4,0,0.0
505049,20,0.430869996547699,a,2022,Borussia M.Gladbach,Bayer Leverkusen,Mitchel Bakker,2023-01-22 16:30:00,0,0,0,0,True,0,0,0.0
506313,90,0.07186059653759003,h,2022,Bayer Leverkusen,Borussia Dortmund,Mitchel Bakker,2023-01-29 16:30:00,0,0,0,0,False,0,1,0.0
506811,44,0.02173589915037155,a,2022,Augsburg,Bayer Leverkusen,Mitchel Bakker,2023-02-03 19:30:00,0,0,0,0,False,0,0,0.0
514246,33,0.06091659888625145,a,2022,Werder Bremen,Bayer Leverkusen,Mitchel Bakker,2023-03-12 16:30:00,0,0,0,0,True,0,1,0.0
514252,50,0.010780800133943558,a,2022,Werder Bremen,Bayer Leverkusen,Mitchel Bakker,2023-03-12 16:30:00,1,0,0,0,False,1,1,0.06091659888625145
514258,62,0.056190699338912964,a,2022,Werder Bremen,Bayer Leverkusen,Mitchel Bakker,2023-03-12 16:30:00,1,0,0,0,False,2,1,0.07169739902019501
515766,97,0.12217999994754791,h,2022,Bayer Leverkusen,Bayern Munich,Mitchel Bakker,2023-03-19 16:30:00,0,0,0,0,False,2,1,0.0
522625,85,0.04778187721967697,a,2022,Union Berlin,Bayer Leverkusen,Mitchel Bakker,2023-04-29 13:30:00,0,0,0,0,False,0,0,0.0
526586,5,0.03283219039440155,a,2022,VfB Stuttgart,Bayer Leverkusen,Mitchel Bakker,2023-05-14 13:30:00,0,0,0,0,False,0,0,0.0
526589,32,0.027723874896764755,a,2022,VfB Stuttgart,Bayer Leverkusen,Mitchel Bakker,2023-05-14 13:30:00,0,0,0,0,False,0,0,0.03283219039440155
479430,73,0.04867640137672424,h,2022,Borussia Dortmund,Bayer Leverkusen,Donyell Malen,2022-08-06 16:30:00,0,0,0,0,False,1,0,0.0
480038,3,0.05292610079050064,a,2022,Freiburg,Borussia Dortmund,Donyell Malen,2022-08-12 18:30:00,0,0,0,0,False,0,0,0.0
488738,45,0.13638900220394135,h,2022,Borussia Dortmund,Schalke 04,Donyell Malen,2022-09-17 13:30:00,0,0,0,0,False,0,0,0.0
489918,17,0.037735700607299805,a,2022,FC Cologne,Borussia Dortmund,Donyell Malen,2022-10-01 13:30:00,0,0,0,0,False,0,0,0.0
489919,26,0.33459800481796265,a,2022,FC Cologne,Borussia Dortmund,Donyell Malen,2022-10-01 13:30:00,0,0,0,0,False,0,0,0.037735700607299805
489926,39,0.34779900312423706,a,2022,FC Cologne,Borussia Dortmund,Donyell Malen,2022-10-01 13:30:00,0,0,0,0,False,1,0,0.37233370542526245
489928,43,0.02716810069978237,a,2022,FC Cologne,Borussia Dortmund,Donyell Malen,2022-10-01 13:30:00,0,0,0,0,False,1,0,0.7201327085494995
489932,49,0.06220389902591705,a,2022,FC Cologne,Borussia Dortmund,Donyell Malen,2022-10-01 13:30:00,0,0,0,0,False,1,0,0.7473008092492819
489936,54,0.0630405992269516,a,2022,FC Cologne,Borussia Dortmund,Donyell Malen,2022-10-01 13:30:00,0,0,0,0,False,1,1,0.8095047082751989
491744,20,0.06449290364980698,h,2022,Borussia Dortmund,Bayern Munich,Donyell Malen,2022-10-08 16:30:00,0,0,0,0,False,0,0,0.0
491748,35,0.10260900110006332,h,2022,Borussia Dortmund,Bayern Munich,Donyell Malen,2022-10-08 16:30:00,0,0,0,0,False,0,1,0.06449290364980698
493822,60,0.01628590002655983,a,2022,Union Berlin,Borussia Dortmund,Donyell Malen,2022-10-16 15:30:00,0,0,0,0,False,0,2,0.0
496728,7,0.05199280008673668,a,2022,Eintracht Frankfurt,Borussia Dortmund,Donyell Malen,2022-10-29 16:30:00,0,0,0,0,False,0,0,0.0
498996,10,0.09628300368785858,a,2022,Wolfsburg,Borussia Dortmund,Donyell Malen,2022-11-08 17:30:00,0,0,0,0,False,0,1,0.0
498997,18,0.08470270037651062,a,2022,Wolfsburg,Borussia Dortmund,Donyell Malen,2022-11-08 17:30:00,0,0,0,0,False,0,1,0.09628300368785858
499000,20,0.017725899815559387,a,2022,Wolfsburg,Borussia Dortmund,Donyell Malen,2022-11-08 17:30:00,0,0,0,0,False,0,1,0.1809857040643692
498999,20,0.04501790180802345,a,2022,Wolfsburg,Borussia Dortmund,Donyell Malen,2022-11-08 17:30:00,0,0,0,0,False,0,1,0.1987116038799286
499758,42,0.6863189935684204,a,2022,Borussia M.Gladbach,Borussia Dortmund,Donyell Malen,2022-11-11 19:30:00,0,0,0,0,False,2,3,0.0
504984,15,0.08855479955673218,h,2022,Borussia Dortmund,Augsburg,Donyell Malen,2023-01-22 14:30:00,0,0,0,0,False,0,0,0.0
504985,17,0.05280039831995964,h,2022,Borussia Dortmund,Augsburg,Donyell Malen,2023-01-22 14:30:00,0,0,0,0,False,0,0,0.08855479955673218
504990,30,0.06222299858927727,h,2022,Borussia Dortmund,Augsburg,Donyell Malen,2023-01-22 14:30:00,0,0,0,0,False,1,0,0.14135519787669182
504991,34,0.07575149834156036,h,2022,Borussia Dortmund,Augsburg,Donyell Malen,2023-01-22 14:30:00,0,0,0,0,False,1,0,0.20357819646596909
505436,37,0.04237530007958412,a,2022,Mainz 05,Borussia Dortmund,Donyell Malen,2023-01-25 17:30:00,0,0,0,0,False,1,1,0.0
510333,29,0.030955500900745392,h,2022,Borussia Dortmund,Hertha Berlin,Donyell Malen,2023-02-19 16:30:00,0,0,1,0,False,1,0,0.0
510334,30,0.6131460070610046,h,2022,Borussia Dortmund,Hertha Berlin,Donyell Malen,2023-02-19 16:30:00,0,0,0,0,True,1,0,0.030955500900745392
513719,29,0.11653400212526321,a,2022,Schalke 04,Borussia Dortmund,Donyell Malen,2023-03-11 17:30:00,0,0,0,0,False,0,0,0.0
513724,43,0.06662169843912125,a,2022,Schalke 04,Borussia Dortmund,Donyell Malen,2023-03-11 17:30:00,0,0,0,0,False,1,0,0.11653400212526321
515240,31,0.6001629829406738,h,2022,Borussia Dortmund,FC Cologne,Donyell Malen,2023-03-18 17:30:00,0,0,1,0,False,2,0,0.0
515242,35,0.07962840050458908,h,2022,Borussia Dortmund,FC Cologne,Donyell Malen,2023-03-18 17:30:00,0,0,0,0,True,3,0,0.6001629829406738
516618,66,0.012833899818360806,a,2022,Bayern Munich,Borussia Dortmund,Donyell Malen,2023-04-01 16:30:00,0,0,1,0,False,0,3,0.0
516622,86,0.0331760011613369,a,2022,Bayern Munich,Borussia Dortmund,Donyell Malen,2023-04-01 16:30:00,0,0,1,0,False,1,3,0.012833899818360806
516623,89,0.050495799630880356,a,2022,Bayern Munich,Borussia Dortmund,Donyell Malen,2023-04-01 16:30:00,0,0,0,0,True,1,3,0.046009900979697704
517956,27,0.631667971611023,h,2022,Borussia Dortmund,Union Berlin,Donyell Malen,2023-04-08 13:30:00,0,0,0,0,True,0,0,0.0
517960,40,0.042075999081134796,h,2022,Borussia Dortmund,Union Berlin,Donyell Malen,2023-04-08 13:30:00,1,0,0,0,False,1,0,0.631667971611023
517962,42,0.024056900292634964,h,2022,Borussia Dortmund,Union Berlin,Donyell Malen,2023-04-08 13:30:00,1,0,0,0,False,1,0,0.6737439706921577
519321,32,0.06709799915552139,a,2022,VfB Stuttgart,Borussia Dortmund,Donyell Malen,2023-04-15 13:30:00,0,0,0,0,True,1,0,0.0
519322,41,0.1458739936351776,a,2022,VfB Stuttgart,Borussia Dortmund,Donyell Malen,2023-04-15 13:30:00,1,0,0,0,False,2,0,0.06709799915552139
519329,66,0.06924170255661011,a,2022,VfB Stuttgart,Borussia Dortmund,Donyell Malen,2023-04-15 13:30:00,1,0,0,0,False,2,0,0.212971992790699
521039,13,0.07029546052217484,h,2022,Borussia Dortmund,Eintracht Frankfurt,Donyell Malen,2023-04-22 16:30:00,0,0,1,0,False,0,0,0.0
521042,23,0.3913125693798065,h,2022,Borussia Dortmund,Eintracht Frankfurt,Donyell Malen,2023-04-22 16:30:00,0,0,1,0,True,1,0,0.07029546052217484
521056,59,0.06232296675443649,h,2022,Borussia Dortmund,Eintracht Frankfurt,Donyell Malen,2023-04-22 16:30:00,1,0,1,0,False,3,0,0.46160802990198135
521059,65,0.09134037047624588,h,2022,Borussia Dortmund,Eintracht Frankfurt,Donyell Malen,2023-04-22 16:30:00,1,0,0,0,True,3,0,0.5239309966564178
522462,16,0.04504925012588501,a,2022,Bochum,Borussia Dortmund,Donyell Malen,2023-04-28 18:30:00,0,0,0,0,False,1,1,0.0
522469,39,0.06434211134910583,a,2022,Bochum,Borussia Dortmund,Donyell Malen,2023-04-28 18:30:00,0,0,0,0,False,1,1,0.04504925012588501
522480,64,0.05351988971233368,a,2022,Bochum,Borussia Dortmund,Donyell Malen,2023-04-28 18:30:00,0,0,0,0,False,1,1,0.10939136147499084
522486,81,0.09603859484195709,a,2022,Bochum,Borussia Dortmund,Donyell Malen,2023-04-28 18:30:00,0,0,0,0,False,1,1,0.16291125118732452
525178,31,0.4671844244003296,h,2022,Borussia Dortmund,Wolfsburg,Donyell Malen,2023-05-07 15:30:00,0,0,1,0,False,2,0,0.0
525180,36,0.6472133994102478,h,2022,Borussia Dortmund,Wolfsburg,Donyell Malen,2023-05-07 15:30:00,0,0,0,0,True,2,0,0.4671844244003296
526192,4,0.8763928413391113,h,2022,Borussia Dortmund,Borussia M.Gladbach,Donyell Malen,2023-05-13 16:30:00,0,0,0,0,True,0,0,0.0
526191,4,0.8805189728736877,h,2022,Borussia Dortmund,Borussia M.Gladbach,Donyell Malen,2023-05-13 16:30:00,1,0,0,0,False,0,0,0.8763928413391113
526194,11,0.03191259503364563,h,2022,Borussia Dortmund,Borussia M.Gladbach,Donyell Malen,2023-05-13 16:30:00,1,0,0,0,False,1,0,1.756911814212799
526207,36,0.050846297293901443,h,2022,Borussia Dortmund,Borussia M.Gladbach,Donyell Malen,2023-05-13 16:30:00,1,0,0,0,False,4,0,1.7888244092464447
526209,39,0.015163327567279339,h,2022,Borussia Dortmund,Borussia M.Gladbach,Donyell Malen,2023-05-13 16:30:00,1,0,0,0,False,4,0,1.8396707065403461
526211,45,0.08426777273416519,h,2022,Borussia Dortmund,Borussia M.Gladbach,Donyell Malen,2023-05-13 16:30:00,1,0,0,0,False,4,0,1.8548340341076255
526218,57,0.08999261260032654,h,2022,Borussia Dortmund,Borussia M.Gladbach,Donyell Malen,2023-05-13 16:30:00,1,0,0,0,False,4,0,1.9391018068417907
528143,3,0.05068918317556381,a,2022,Augsburg,Borussia Dortmund,Donyell Malen,2023-05-21 15:30:00,0,0,0,0,False,0,0,0.0
528152,24,0.05184299871325493,a,2022,Augsburg,Borussia Dortmund,Donyell Malen,2023-05-21 15:30:00,0,0,0,0,False,0,0,0.05068918317556381
528160,48,0.019135495647788048,a,2022,Augsburg,Borussia Dortmund,Donyell Malen,2023-05-21 15:30:00,0,0,0,0,False,0,0,0.10253218188881874
528168,72,0.13247711956501007,a,2022,Augsburg,Borussia Dortmund,Donyell Malen,2023-05-21 15:30:00,0,0,0,0,False,1,0,0.12166767753660679
528872,3,0.03325282037258148,h,2022,Borussia Dortmund,Mainz 05,Donyell Malen,2023-05-27 13:30:00,0,0,0,0,False,0,0,0.0
528888,48,0.49351823329925537,h,2022,Borussia Dortmund,Mainz 05,Donyell Malen,2023-05-27 13:30:00,0,0,0,0,False,0,2,0.03325282037258148
528894,61,0.4564030170440674,h,2022,Borussia Dortmund,Mainz 05,Donyell Malen,2023-05-27 13:30:00,0,0,0,0,False,0,2,0.5267710536718369
485560,61,0.04317310079932213,a,2022,Borussia Dortmund,Hoffenheim,Muhammed Damar,2022-09-02 18:30:00,0,0,0,0,False,0,1,0.0
493244,87,0.04762420058250427,h,2022,RasenBallsport Leipzig,Hertha Berlin,Yussuf Poulsen,2022-10-15 16:30:00,0,0,0,0,False,3,2,0.0
505333,88,0.13265299797058105,a,2022,Schalke 04,RasenBallsport Leipzig,Yussuf Poulsen,2023-01-24 17:30:00,0,0,0,0,True,5,1,0.0
505574,95,0.15045799314975739,h,2022,RasenBallsport Leipzig,VfB Stuttgart,Yussuf Poulsen,2023-01-27 19:30:00,0,0,0,0,False,2,1,0.0
508632,96,0.4853360056877136,h,2022,RasenBallsport Leipzig,Union Berlin,Yussuf Poulsen,2023-02-11 17:30:00,0,0,0,0,False,1,2,0.0
509545,79,0.14707399904727936,a,2022,Wolfsburg,RasenBallsport Leipzig,Yussuf Poulsen,2023-02-18 14:30:00,0,0,0,0,False,1,0,0.0
511787,89,0.031237399205565453,a,2022,Borussia Dortmund,RasenBallsport Leipzig,Yussuf Poulsen,2023-03-03 19:30:00,0,0,0,0,False,1,2,0.0
513427,79,0.1605529934167862,h,2022,RasenBallsport Leipzig,Borussia M.Gladbach,Yussuf Poulsen,2023-03-11 14:30:00,0,0,0,0,False,2,0,0.0
524621,93,0.07757245004177094,a,2022,Freiburg,RasenBallsport Leipzig,Yussuf Poulsen,2023-05-06 13:30:00,0,0,0,0,False,1,0,0.0
526720,84,0.1030140295624733,h,2022,RasenBallsport Leipzig,Werder Bremen,Yussuf Poulsen,2023-05-14 15:30:00,0,0,0,0,False,0,1,0.0
526722,93,0.11626145243644714,h,2022,RasenBallsport Leipzig,Werder Bremen,Yussuf Poulsen,2023-05-14 15:30:00,0,0,0,0,False,1,1,0.1030140295624733
528934,81,0.38183197379112244,h,2022,RasenBallsport Leipzig,Schalke 04,Yussuf Poulsen,2023-05-27 13:30:00,0,0,0,0,True,2,1,0.0
528935,83,0.11856182664632797,h,2022,RasenBallsport Leipzig,Schalke 04,Yussuf Poulsen,2023-05-27 13:30:00,1,0,0,0,False,3,1,0.38183197379112244
528937,85,0.03434082120656967,h,2022,RasenBallsport Leipzig,Schalke 04,Yussuf Poulsen,2023-05-27 13:30:00,1,0,0,0,False,3,1,0.5003938004374504
521537,67,0.025415193289518356,h,2022,Freiburg,Schalke 04,Yannik Keitel,2023-04-23 13:30:00,0,0,0,0,False,3,0,0.0
525944,45,0.0196096021682024,a,2022,Union Berlin,Freiburg,Yannik Keitel,2023-05-13 13:30:00,0,0,0,0,False,0,3,0.0
529131,10,0.01564045436680317,a,2022,Eintracht Frankfurt,Freiburg,Yannik Keitel,2023-05-27 13:30:00,0,0,0,0,False,0,0,0.0
529143,53,0.037528034299612045,a,2022,Eintracht Frankfurt,Freiburg,Yannik Keitel,2023-05-27 13:30:00,0,0,0,0,False,1,0,0.01564045436680317
479873,40,0.04104579985141754,h,2022,FC Cologne,Schalke 04,Benno Schmitz,2022-08-07 15:30:00,0,0,0,0,False,0,0,0.0
479882,52,0.044165998697280884,h,2022,FC Cologne,Schalke 04,Benno Schmitz,2022-08-07 15:30:00,0,0,0,0,False,1,0,0.04104579985141754
489471,8,0,a,2022,Bochum,FC Cologne,Benno Schmitz,2022-09-18 15:30:00,0,0,0,0,False,0,0,0.0
489951,77,0,h,2022,FC Cologne,Borussia Dortmund,Benno Schmitz,2022-10-01 13:30:00,0,0,0,0,False,3,1,0.0
493715,50,0.04758410155773163,h,2022,FC Cologne,Augsburg,Benno Schmitz,2022-10-16 13:30:00,0,0,0,0,False,1,1,0.0
499274,29,0.02897069975733757,h,2022,FC Cologne,Bayer Leverkusen,Benno Schmitz,2022-11-09 17:30:00,0,0,0,0,True,0,0,0.0
507022,1,0.01158520020544529,h,2022,FC Cologne,RasenBallsport Leipzig,Benno Schmitz,2023-02-04 14:30:00,0,0,0,0,False,0,0,0.0
509506,28,0.021383199840784073,a,2022,VfB Stuttgart,FC Cologne,Benno Schmitz,2023-02-18 14:30:00,0,0,0,0,False,0,1,0.0
517858,29,0.05577030032873154,a,2022,Augsburg,FC Cologne,Benno Schmitz,2023-04-08 13:30:00,0,0,0,0,False,2,1,0.0
517859,32,0.06982939690351486,a,2022,Augsburg,FC Cologne,Benno Schmitz,2023-04-08 13:30:00,0,0,0,0,False,2,1,0.05577030032873154
522663,54,0.0379062257707119,h,2022,FC Cologne,Freiburg,Benno Schmitz,2023-04-29 13:30:00,0,0,0,0,False,0,1,0.0
527297,56,0.05176737532019615,a,2022,Werder Bremen,FC Cologne,Benno Schmitz,2023-05-20 13:30:00,0,0,0,0,False,1,0,0.0
488904,89,0.05896339938044548,a,2022,Borussia M.Gladbach,RasenBallsport Leipzig,Xaver Schlager,2022-09-17 16:30:00,0,0,0,0,False,0,3,0.0
494861,84,0.02233630046248436,a,2022,Augsburg,RasenBallsport Leipzig,Xaver Schlager,2022-10-22 13:30:00,0,0,0,0,False,1,3,0.0
496326,2,0.017364200204610825,h,2022,RasenBallsport Leipzig,Bayer Leverkusen,Xaver Schlager,2022-10-29 13:30:00,0,0,0,0,False,0,0,0.0
499984,70,0.37508100271224976,a,2022,Werder Bremen,RasenBallsport Leipzig,Xaver Schlager,2022-11-12 14:30:00,0,0,0,0,True,1,1,0.0
509544,76,0.07206519693136215,a,2022,Wolfsburg,RasenBallsport Leipzig,Xaver Schlager,2023-02-18 14:30:00,0,0,0,0,False,1,0,0.0
483440,5,0.10759499669075012,a,2022,Schalke 04,Union Berlin,Morten Thorsby,2022-08-27 13:30:00,0,0,0,0,True,0,0,0.0
483455,66,0.13313299417495728,a,2022,Schalke 04,Union Berlin,Morten Thorsby,2022-08-27 13:30:00,1,0,0,0,False,4,1,0.10759499669075012
483456,68,0.11941099911928177,a,2022,Schalke 04,Union Berlin,Morten Thorsby,2022-08-27 13:30:00,1,0,0,0,False,4,1,0.2407279908657074
489404,74,0.0922975018620491,h,2022,Union Berlin,Wolfsburg,Morten Thorsby,2022-09-18 13:30:00,0,0,0,0,False,1,0,0.0
493824,70,0.0691986009478569,h,2022,Union Berlin,Borussia Dortmund,Morten Thorsby,2022-10-16 15:30:00,0,0,0,0,False,2,0,0.0
500809,70,0.053325798362493515,a,2022,Freiburg,Union Berlin,Morten Thorsby,2022-11-13 16:30:00,0,0,0,0,False,0,4,0.0
500810,83,0.08664750307798386,a,2022,Freiburg,Union Berlin,Morten Thorsby,2022-11-13 16:30:00,0,0,0,0,False,0,4,0.053325798362493515
507020,94,0.053002599626779556,h,2022,Union Berlin,Mainz 05,Morten Thorsby,2023-02-04 14:30:00,0,0,0,0,False,2,1,0.0
527395,41,0.28015023469924927,a,2022,Hoffenheim,Union Berlin,Morten Thorsby,2023-05-20 13:30:00,0,0,0,0,False,0,2,0.0
491429,3,0.01686069928109646,a,2022,Bochum,Eintracht Frankfurt,Eric Junior Dina Ebimbe,2022-10-08 13:30:00,0,0,0,0,False,0,0,0.0
491447,76,0.06526459753513336,a,2022,Bochum,Eintracht Frankfurt,Eric Junior Dina Ebimbe,2022-10-08 13:30:00,0,0,0,0,False,0,1,0.01686069928109646
493059,60,0.10740000009536743,h,2022,Eintracht Frankfurt,Bayer Leverkusen,Eric Junior Dina Ebimbe,2022-10-15 13:30:00,0,0,0,0,False,2,1,0.0
495193,26,0.0707504004240036,a,2022,Borussia M.Gladbach,Eintracht Frankfurt,Eric Junior Dina Ebimbe,2022-10-22 16:30:00,0,0,1,0,False,1,0,0.0
495196,28,0.07006180286407471,a,2022,Borussia M.Gladbach,Eintracht Frankfurt,Eric Junior Dina Ebimbe,2022-10-22 16:30:00,0,0,0,0,True,1,0,0.0707504004240036
496750,87,0.04548240080475807,h,2022,Eintracht Frankfurt,Borussia Dortmund,Eric Junior Dina Ebimbe,2022-10-29 16:30:00,0,0,0,0,False,1,2,0.0
497957,28,0.06152239814400673,a,2022,Augsburg,Eintracht Frankfurt,Eric Junior Dina Ebimbe,2022-11-05 14:30:00,0,0,0,0,False,1,1,0.0
499446,28,0.3582009971141815,h,2022,Eintracht Frankfurt,Hoffenheim,Eric Junior Dina Ebimbe,2022-11-09 19:30:00,0,0,0,0,True,2,0,0.0
499458,66,0.5383309721946716,h,2022,Eintracht Frankfurt,Hoffenheim,Eric Junior Dina Ebimbe,2022-11-09 19:30:00,1,0,0,0,False,4,2,0.3582009971141815
500716,15,0.02413639985024929,a,2022,Mainz 05,Eintracht Frankfurt,Eric Junior Dina Ebimbe,2022-11-13 14:30:00,0,0,0,0,False,0,0,0.0
500729,64,0.0848499983549118,a,2022,Mainz 05,Eintracht Frankfurt,Eric Junior Dina Ebimbe,2022-11-13 14:30:00,0,0,0,0,False,0,1,0.02413639985024929
500736,85,0.040091801434755325,a,2022,Mainz 05,Eintracht Frankfurt,Eric Junior Dina Ebimbe,2022-11-13 14:30:00,0,0,0,0,False,1,1,0.1089863982051611
504588,5,0.011221899650990963,h,2022,Eintracht Frankfurt,Schalke 04,Eric Junior Dina Ebimbe,2023-01-21 14:30:00,0,0,0,0,False,0,0,0.0
504594,30,0.023959999904036522,h,2022,Eintracht Frankfurt,Schalke 04,Eric Junior Dina Ebimbe,2023-01-21 14:30:00,0,0,0,0,False,1,0,0.011221899650990963
504599,44,0.06880830228328705,h,2022,Eintracht Frankfurt,Schalke 04,Eric Junior Dina Ebimbe,2023-01-21 14:30:00,0,0,0,0,False,1,0,0.035181899555027485
504602,50,0.07901780307292938,h,2022,Eintracht Frankfurt,Schalke 04,Eric Junior Dina Ebimbe,2023-01-21 14:30:00,0,0,0,0,False,1,0,0.10399020183831453
517950,75,0.02612750045955181,a,2022,Bayer Leverkusen,Eintracht Frankfurt,Eric Junior Dina Ebimbe,2023-04-08 13:30:00,0,0,0,0,False,1,2,0.0
519702,61,0.08154010027647018,h,2022,Eintracht Frankfurt,Borussia M.Gladbach,Eric Junior Dina Ebimbe,2023-04-15 16:30:00,0,0,0,0,False,0,1,0.0
519704,64,0.03517179936170578,h,2022,Eintracht Frankfurt,Borussia M.Gladbach,Eric Junior Dina Ebimbe,2023-04-15 16:30:00,0,0,0,0,False,0,1,0.08154010027647018
519709,74,0.49733299016952515,h,2022,Eintracht Frankfurt,Borussia M.Gladbach,Eric Junior Dina Ebimbe,2023-04-15 16:30:00,0,0,0,0,False,0,1,0.11671189963817596
521048,34,0.0737011656165123,a,2022,Borussia Dortmund,Eintracht Frankfurt,Eric Junior Dina Ebimbe,2023-04-22 16:30:00,0,0,0,0,False,0,2,0.0
522641,70,0.11952023208141327,h,2022,Eintracht Frankfurt,Augsburg,Eric Junior Dina Ebimbe,2023-04-29 13:30:00,0,0,0,0,False,0,1,0.0
524601,74,0.02001217193901539,a,2022,Hoffenheim,Eintracht Frankfurt,Eric Junior Dina Ebimbe,2023-05-06 13:30:00,0,0,0,0,False,1,3,0.0
527358,93,0.09695415198802948,a,2022,Schalke 04,Eintracht Frankfurt,Eric Junior Dina Ebimbe,2023-05-20 13:30:00,0,0,0,0,False,2,2,0.0
529154,90,0.631870448589325,h,2022,Eintracht Frankfurt,Freiburg,Eric Junior Dina Ebimbe,2023-05-27 13:30:00,0,0,0,0,True,1,1,0.0
529156,94,0.03351634740829468,h,2022,Eintracht Frankfurt,Freiburg,Eric Junior Dina Ebimbe,2023-05-27 13:30:00,1,0,0,0,False,2,1,0.631870448589325
482429,53,0.014782300218939781,h,2022,Eintracht Frankfurt,FC Cologne,Kristijan Jakic,2022-08-21 13:30:00,0,0,0,0,False,0,0,0.0
482436,87,0.08286350220441818,h,2022,Eintracht Frankfurt,FC Cologne,Kristijan Jakic,2022-08-21 13:30:00,0,0,0,0,False,1,1,0.014782300218939781
487473,38,0.0243305005133152,h,2022,Eintracht Frankfurt,Wolfsburg,Kristijan Jakic,2022-09-10 13:30:00,0,0,0,0,False,0,0,0.0
488670,9,0.09495879709720612,a,2022,VfB Stuttgart,Eintracht Frankfurt,Kristijan Jakic,2022-09-17 13:30:00,0,0,1,0,False,1,0,0.0
488690,87,0.48871898651123047,a,2022,VfB Stuttgart,Eintracht Frankfurt,Kristijan Jakic,2022-09-17 13:30:00,0,0,0,0,True,2,1,0.09495879709720612
496732,21,0.05469579994678497,h,2022,Eintracht Frankfurt,Borussia Dortmund,Kristijan Jakic,2022-10-29 16:30:00,0,0,0,0,False,0,1,0.0
504600,46,0.11405699700117111,h,2022,Eintracht Frankfurt,Schalke 04,Kristijan Jakic,2023-01-21 14:30:00,0,0,0,0,False,1,0,0.0
515967,8,0.02337379939854145,h,2022,Eintracht Frankfurt,Bochum,Kristijan Jakic,2023-03-31 19:30:00,0,0,0,0,False,0,0,0.0
504553,3,0.10614299774169922,a,2022,Union Berlin,Hoffenheim,Ihlas Bebou,2023-01-21 14:30:00,0,0,1,0,False,0,0,0.0
504564,42,0.09723760187625885,a,2022,Union Berlin,Hoffenheim,Ihlas Bebou,2023-01-21 14:30:00,0,0,0,0,True,0,0,0.10614299774169922
505368,50,0.09901899844408035,h,2022,Hoffenheim,VfB Stuttgart,Ihlas Bebou,2023-01-24 19:30:00,0,0,0,0,False,1,1,0.0
505370,63,0.03382819890975952,h,2022,Hoffenheim,VfB Stuttgart,Ihlas Bebou,2023-01-24 19:30:00,0,0,0,0,False,1,1,0.09901899844408035
505371,70,0.05036500096321106,h,2022,Hoffenheim,VfB Stuttgart,Ihlas Bebou,2023-01-24 19:30:00,0,0,0,0,False,1,1,0.13284719735383987
505375,79,0.05974259972572327,h,2022,Hoffenheim,VfB Stuttgart,Ihlas Bebou,2023-01-24 19:30:00,0,0,0,0,False,1,2,0.18321219831705093
505732,79,0.6037160158157349,h,2022,Hoffenheim,Borussia M.Gladbach,Ihlas Bebou,2023-01-28 14:30:00,0,0,0,0,True,0,2,0.0
508287,19,0.02160930074751377,h,2022,Hoffenheim,Bayer Leverkusen,Ihlas Bebou,2023-02-11 14:30:00,0,0,0,0,False,0,1,0.0
512100,60,0.04127740114927292,a,2022,Mainz 05,Hoffenheim,Ihlas Bebou,2023-03-04 14:30:00,0,0,0,0,False,0,1,0.0
512099,60,0.021849099546670914,a,2022,Mainz 05,Hoffenheim,Ihlas Bebou,2023-03-04 14:30:00,0,0,0,0,False,0,1,0.04127740114927292
512106,75,0.022622400894761086,a,2022,Mainz 05,Hoffenheim,Ihlas Bebou,2023-03-04 14:30:00,0,0,0,0,False,0,1,0.06312650069594383
514122,0,0.13319000601768494,a,2022,Freiburg,Hoffenheim,Ihlas Bebou,2023-03-12 14:30:00,0,0,0,0,False,0,0,0.0
514127,22,0.08152829855680466,a,2022,Freiburg,Hoffenheim,Ihlas Bebou,2023-03-12 14:30:00,0,0,0,0,False,0,1,0.13319000601768494
514128,37,0.022871900349855423,a,2022,Freiburg,Hoffenheim,Ihlas Bebou,2023-03-12 14:30:00,0,0,0,0,False,0,1,0.2147183045744896
514929,50,0.36135798692703247,h,2022,Hoffenheim,Hertha Berlin,Ihlas Bebou,2023-03-18 14:30:00,0,0,0,0,True,2,0,0.0
517121,12,0.3208790123462677,a,2022,Werder Bremen,Hoffenheim,Ihlas Bebou,2023-04-02 15:30:00,0,0,0,0,False,0,0,0.0
517122,17,0.01409079972654581,a,2022,Werder Bremen,Hoffenheim,Ihlas Bebou,2023-04-02 15:30:00,0,0,0,0,False,0,0,0.3208790123462677
518895,69,0.7577769756317139,h,2022,Hoffenheim,Schalke 04,Ihlas Bebou,2023-04-09 17:30:00,0,0,0,0,True,0,0,0.0
520801,49,0.18972142040729523,h,2022,Hoffenheim,FC Cologne,Ihlas Bebou,2023-04-22 13:30:00,0,0,0,0,False,0,2,0.0
520809,83,0.021276816725730896,h,2022,Hoffenheim,FC Cologne,Ihlas Bebou,2023-04-22 13:30:00,0,0,0,0,False,0,2,0.18972142040729523
522593,25,0.05314909294247627,a,2022,RasenBallsport Leipzig,Hoffenheim,Ihlas Bebou,2023-04-29 13:30:00,0,0,0,0,False,0,0,0.0
522607,78,0.10044680535793304,a,2022,RasenBallsport Leipzig,Hoffenheim,Ihlas Bebou,2023-04-29 13:30:00,0,0,0,0,False,0,1,0.05314909294247627
524590,47,0.6720099449157715,h,2022,Hoffenheim,Eintracht Frankfurt,Ihlas Bebou,2023-05-06 13:30:00,0,0,0,0,True,2,0,0.0
525830,3,0.01282555516809225,a,2022,Wolfsburg,Hoffenheim,Ihlas Bebou,2023-05-13 13:30:00,0,0,0,0,False,0,0,0.0
527391,21,0.41204872727394104,h,2022,Hoffenheim,Union Berlin,Ihlas Bebou,2023-05-20 13:30:00,0,0,0,0,True,0,0,0.0
527397,46,0.054843176156282425,h,2022,Hoffenheim,Union Berlin,Ihlas Bebou,2023-05-20 13:30:00,1,0,0,0,False,2,0,0.41204872727394104
527409,81,0.05494578555226326,h,2022,Hoffenheim,Union Berlin,Ihlas Bebou,2023-05-20 13:30:00,1,0,0,0,False,2,1,0.46689190343022346
528989,64,0.023972615599632263,a,2022,VfB Stuttgart,Hoffenheim,Ihlas Bebou,2023-05-27 13:30:00,0,0,1,0,False,0,0,0.0
528996,74,0.3751794993877411,a,2022,VfB Stuttgart,Hoffenheim,Ihlas Bebou,2023-05-27 13:30:00,0,0,0,0,True,0,0,0.023972615599632263
481686,43,0.11974699795246124,h,2022,Bayer Leverkusen,Hoffenheim,Robert Andrich,2022-08-20 13:30:00,0,0,0,0,False,0,2,0.0
485847,42,0.05213649943470955,h,2022,Bayer Leverkusen,Freiburg,Robert Andrich,2022-09-03 13:30:00,0,0,0,0,False,1,0,0.0
488698,7,0.017630599439144135,h,2022,Bayer Leverkusen,Werder Bremen,Robert Andrich,2022-09-17 13:30:00,0,0,0,0,False,0,0,0.0
488707,34,0.05859399959445,h,2022,Bayer Leverkusen,Werder Bremen,Robert Andrich,2022-09-17 13:30:00,0,0,0,0,False,0,0,0.017630599439144135
489718,22,0.019288700073957443,a,2022,Bayern Munich,Bayer Leverkusen,Robert Andrich,2022-09-30 18:30:00,0,0,0,0,False,0,2,0.0
489724,37,0.010143199935555458,a,2022,Bayern Munich,Bayer Leverkusen,Robert Andrich,2022-09-30 18:30:00,0,0,0,0,False,0,2,0.019288700073957443
489728,43,0.4370090067386627,a,2022,Bayern Munich,Bayer Leverkusen,Robert Andrich,2022-09-30 18:30:00,0,0,0,0,False,0,3,0.0294319000095129
494970,27,0,h,2022,Bayer Leverkusen,Wolfsburg,Robert Andrich,2022-10-22 13:30:00,0,0,0,0,False,1,0,0.0
496337,65,0.02337929978966713,a,2022,RasenBallsport Leipzig,Bayer Leverkusen,Robert Andrich,2022-10-29 13:30:00,0,0,0,0,False,0,1,0.0
498733,45,0.1007630005478859,h,2022,Bayer Leverkusen,Union Berlin,Robert Andrich,2022-11-06 14:30:00,0,0,0,0,True,0,0,0.0
505460,32,0.030235400423407555,h,2022,Bayer Leverkusen,Bochum,Robert Andrich,2023-01-25 19:30:00,0,0,0,0,False,1,0,0.0
505468,79,0.012225800193846226,h,2022,Bayer Leverkusen,Bochum,Robert Andrich,2023-01-25 19:30:00,0,0,0,0,False,2,0,0.030235400423407555
506805,25,0.022916799411177635,a,2022,Augsburg,Bayer Leverkusen,Robert Andrich,2023-02-03 19:30:00,0,0,0,0,False,0,0,0.0
506812,45,0.04737050086259842,a,2022,Augsburg,Bayer Leverkusen,Robert Andrich,2023-02-03 19:30:00,0,0,0,0,False,0,0,0.022916799411177635
506820,62,0.017850400879979134,a,2022,Augsburg,Bayer Leverkusen,Robert Andrich,2023-02-03 19:30:00,0,0,0,0,False,0,1,0.07028730027377605
508284,4,0.03292020037770271,a,2022,Hoffenheim,Bayer Leverkusen,Robert Andrich,2023-02-11 14:30:00,0,0,1,0,False,0,0,0.0
508285,5,0.027739200741052628,a,2022,Hoffenheim,Bayer Leverkusen,Robert Andrich,2023-02-11 14:30:00,0,0,0,0,True,0,0,0.03292020037770271
511368,7,0.01728219911456108,a,2022,Freiburg,Bayer Leverkusen,Robert Andrich,2023-02-26 14:30:00,0,0,0,0,False,0,0,0.0
511385,65,0.09042059630155563,a,2022,Freiburg,Bayer Leverkusen,Robert Andrich,2023-02-26 14:30:00,0,0,0,0,False,0,1,0.01728219911456108
512753,40,0.035044699907302856,h,2022,Bayer Leverkusen,Hertha Berlin,Robert Andrich,2023-03-05 14:30:00,0,0,0,0,False,2,0,0.0
512761,69,0.05055930092930794,h,2022,Bayer Leverkusen,Hertha Berlin,Robert Andrich,2023-03-05 14:30:00,0,0,0,0,False,3,1,0.035044699907302856
514250,41,0.0365419015288353,a,2022,Werder Bremen,Bayer Leverkusen,Robert Andrich,2023-03-12 16:30:00,0,0,0,0,False,1,1,0.0
514257,60,0.026839299127459526,a,2022,Werder Bremen,Bayer Leverkusen,Robert Andrich,2023-03-12 16:30:00,0,0,0,0,False,2,1,0.0365419015288353
516186,14,0.021484099328517914,a,2022,Schalke 04,Bayer Leverkusen,Robert Andrich,2023-04-01 13:30:00,0,0,0,0,False,0,0,0.0
516189,18,0.012629600241780281,a,2022,Schalke 04,Bayer Leverkusen,Robert Andrich,2023-04-01 13:30:00,0,0,0,0,False,0,0,0.021484099328517914
516209,93,0.034397900104522705,a,2022,Schalke 04,Bayer Leverkusen,Robert Andrich,2023-04-01 13:30:00,0,0,0,0,False,3,0,0.034113699570298195
517938,33,0.04108640179038048,h,2022,Bayer Leverkusen,Eintracht Frankfurt,Robert Andrich,2023-04-08 13:30:00,0,0,0,0,False,1,0,0.0
522614,30,0.012405096553266048,a,2022,Union Berlin,Bayer Leverkusen,Robert Andrich,2023-04-29 13:30:00,0,0,0,0,False,0,0,0.0
522623,73,0.04983912408351898,a,2022,Union Berlin,Bayer Leverkusen,Robert Andrich,2023-04-29 13:30:00,0,0,0,0,False,0,0,0.012405096553266048
524394,59,0.02076844871044159,h,2022,Bayer Leverkusen,FC Cologne,Robert Andrich,2023-05-05 18:30:00,0,0,0,0,False,1,2,0.0
524393,59,0.01600491628050804,h,2022,Bayer Leverkusen,FC Cologne,Robert Andrich,2023-05-05 18:30:00,0,0,0,0,False,1,2,0.02076844871044159
478998,14,0.07513699680566788,a,2022,Eintracht Frankfurt,Bayern Munich,Jamal Musiala,2022-08-05 18:30:00,0,0,1,0,False,2,0,0.0
479002,26,0.03135570138692856,a,2022,Eintracht Frankfurt,Bayern Munich,Jamal Musiala,2022-08-05 18:30:00,0,0,1,0,False,2,0,0.07513699680566788
479004,32,0.021954599767923355,a,2022,Eintracht Frankfurt,Bayern Munich,Jamal Musiala,2022-08-05 18:30:00,0,0,1,0,False,3,0,0.10649269819259644
479008,34,0.7526879906654358,a,2022,Eintracht Frankfurt,Bayern Munich,Jamal Musiala,2022-08-05 18:30:00,0,0,1,0,True,3,0,0.1284472979605198
479018,82,0.5177090167999268,a,2022,Eintracht Frankfurt,Bayern Munich,Jamal Musiala,2022-08-05 18:30:00,1,0,0,0,True,5,1,0.8811352886259556
481030,32,0.055435698479413986,h,2022,Bayern Munich,Wolfsburg,Jamal Musiala,2022-08-14 15:30:00,0,0,0,0,True,0,0,0.0
481036,42,0.06599310040473938,h,2022,Bayern Munich,Wolfsburg,Jamal Musiala,2022-08-14 15:30:00,1,0,0,0,False,1,0,0.055435698479413986
481045,57,0.027114300057291985,h,2022,Bayern Munich,Wolfsburg,Jamal Musiala,2022-08-14 15:30:00,1,0,0,0,False,2,0,0.12142879888415337
481053,77,0.14934800565242767,h,2022,Bayern Munich,Wolfsburg,Jamal Musiala,2022-08-14 15:30:00,1,0,0,0,False,2,0,0.14854309894144535
483918,76,0.3379400074481964,h,2022,Bayern Munich,Borussia M.Gladbach,Jamal Musiala,2022-08-27 16:30:00,0,0,0,0,False,0,1,0.0
483927,93,0.05371230095624924,h,2022,Bayern Munich,Borussia M.Gladbach,Jamal Musiala,2022-08-27 16:30:00,0,0,0,0,False,1,1,0.3379400074481964
485819,13,0.08002589643001556,a,2022,Union Berlin,Bayern Munich,Jamal Musiala,2022-09-03 13:30:00,0,0,0,0,False,0,1,0.0
485818,13,0.08885359764099121,a,2022,Union Berlin,Bayern Munich,Jamal Musiala,2022-09-03 13:30:00,0,0,0,0,False,0,1,0.08002589643001556
485820,14,0.06326810270547867,a,2022,Union Berlin,Bayern Munich,Jamal Musiala,2022-09-03 13:30:00,0,0,0,0,False,0,1,0.16887949407100677
487400,54,0.04578480124473572,h,2022,Bayern Munich,VfB Stuttgart,Jamal Musiala,2022-09-10 13:30:00,0,0,1,0,False,1,0,0.0
487402,59,0.07701080292463303,h,2022,Bayern Munich,VfB Stuttgart,Jamal Musiala,2022-09-10 13:30:00,0,0,0,0,True,1,1,0.04578480124473572
487404,64,0.061860401183366776,h,2022,Bayern Munich,VfB Stuttgart,Jamal Musiala,2022-09-10 13:30:00,1,0,0,0,False,2,1,0.12279560416936874
487406,70,0.05462770164012909,h,2022,Bayern Munich,VfB Stuttgart,Jamal Musiala,2022-09-10 13:30:00,1,0,0,0,False,2,1,0.18465600535273552
488622,32,0.41234999895095825,a,2022,Augsburg,Bayern Munich,Jamal Musiala,2022-09-17 13:30:00,0,0,0,0,False,0,0,0.0
488635,61,0.04693809896707535,a,2022,Augsburg,Bayern Munich,Jamal Musiala,2022-09-17 13:30:00,0,0,0,0,False,0,1,0.41234999895095825
489716,16,0.06850209832191467,h,2022,Bayern Munich,Bayer Leverkusen,Jamal Musiala,2022-09-30 18:30:00,0,0,0,0,True,1,0,0.0
489717,20,0.07233849912881851,h,2022,Bayern Munich,Bayer Leverkusen,Jamal Musiala,2022-09-30 18:30:00,1,0,0,0,False,2,0,0.06850209832191467
491755,63,0.5767859816551208,a,2022,Borussia Dortmund,Bayern Munich,Jamal Musiala,2022-10-08 16:30:00,0,0,0,0,False,2,0,0.0
494876,16,0.5395050048828125,a,2022,Hoffenheim,Bayern Munich,Jamal Musiala,2022-10-22 13:30:00,0,0,0,0,True,0,0,0.0
494878,19,0.03937169909477234,a,2022,Hoffenheim,Bayern Munich,Jamal Musiala,2022-10-22 13:30:00,1,0,0,0,False,1,0,0.5395050048828125
494882,31,0.10735700279474258,a,2022,Hoffenheim,Bayern Munich,Jamal Musiala,2022-10-22 13:30:00,1,0,0,0,False,1,0,0.5788767039775848
496415,16,0.09769819676876068,h,2022,Bayern Munich,Mainz 05,Jamal Musiala,2022-10-29 13:30:00,0,0,1,0,False,1,0,0.0
496419,27,0.04416070133447647,h,2022,Bayern Munich,Mainz 05,Jamal Musiala,2022-10-29 13:30:00,0,0,0,0,True,1,0,0.09769819676876068
496438,62,0.29074400663375854,h,2022,Bayern Munich,Mainz 05,Jamal Musiala,2022-10-29 13:30:00,1,0,0,0,False,4,1,0.14185889810323715
497920,11,0.3710860013961792,a,2022,Hertha Berlin,Bayern Munich,Jamal Musiala,2022-11-05 14:30:00,0,0,0,0,True,0,0,0.0
497924,32,0.07660029828548431,a,2022,Hertha Berlin,Bayern Munich,Jamal Musiala,2022-11-05 14:30:00,1,0,0,0,False,1,0,0.3710860013961792
497932,53,0.14955900609493256,a,2022,Hertha Berlin,Bayern Munich,Jamal Musiala,2022-11-05 14:30:00,1,0,0,0,False,3,2,0.4476862996816635
499166,5,0.3996399939060211,h,2022,Bayern Munich,Werder Bremen,Jamal Musiala,2022-11-08 19:30:00,0,0,0,0,True,0,0,0.0
500290,8,0.04873630031943321,a,2022,Schalke 04,Bayern Munich,Jamal Musiala,2022-11-12 17:30:00,0,0,0,0,False,0,0,0.0
500301,40,0.0857866033911705,a,2022,Schalke 04,Bayern Munich,Jamal Musiala,2022-11-12 17:30:00,0,0,0,0,False,1,0,0.04873630031943321
500311,76,0.12580299377441406,a,2022,Schalke 04,Bayern Munich,Jamal Musiala,2022-11-12 17:30:00,0,0,0,0,False,2,0,0.13452290371060371
505394,47,0.06305109709501266,h,2022,Bayern Munich,FC Cologne,Jamal Musiala,2023-01-24 19:30:00,0,0,0,0,False,0,1,0.0
505945,72,0.044439200311899185,h,2022,Bayern Munich,Eintracht Frankfurt,Jamal Musiala,2023-01-28 17:30:00,0,0,0,0,False,1,1,0.0
507796,72,0.18516099452972412,a,2022,Wolfsburg,Bayern Munich,Jamal Musiala,2023-02-05 16:30:00,0,0,0,0,True,3,1,0.0
508307,6,0.061625801026821136,h,2022,Bayern Munich,Bochum,Jamal Musiala,2023-02-11 14:30:00,0,0,0,0,False,0,0,0.0
509602,63,0.036820799112319946,a,2022,Borussia M.Gladbach,Bayern Munich,Jamal Musiala,2023-02-18 14:30:00,0,0,0,0,False,1,2,0.0
511447,9,0.057489000260829926,h,2022,Bayern Munich,Union Berlin,Jamal Musiala,2023-02-26 16:30:00,0,0,1,0,False,0,0,0.0
511448,13,0.08056969940662384,h,2022,Bayern Munich,Union Berlin,Jamal Musiala,2023-02-26 16:30:00,0,0,1,0,False,0,0,0.057489000260829926
511449,24,0.10707499831914902,h,2022,Bayern Munich,Union Berlin,Jamal Musiala,2023-02-26 16:30:00,0,0,1,0,False,0,0,0.13805869966745377
511454,45,0.5938000082969666,h,2022,Bayern Munich,Union Berlin,Jamal Musiala,2023-02-26 16:30:00,0,0,0,0,True,2,0,0.24513369798660278
511456,49,0.0839708000421524,h,2022,Bayern Munich,Union Berlin,Jamal Musiala,2023-02-26 16:30:00,1,0,0,0,False,3,0,0.8389337062835693
511463,68,0.058115798979997635,h,2022,Bayern Munich,Union Berlin,Jamal Musiala,2023-02-26 16:30:00,1,0,0,0,False,3,0,0.9229045063257217
512353,12,0.16154800355434418,a,2022,VfB Stuttgart,Bayern Munich,Jamal Musiala,2023-03-04 17:30:00,0,0,0,0,False,0,0,0.0
515758,67,0.279448002576828,a,2022,Bayer Leverkusen,Bayern Munich,Jamal Musiala,2023-03-19 16:30:00,0,0,0,0,False,1,1,0.0
516621,82,0.08627430349588394,h,2022,Bayern Munich,Borussia Dortmund,Jamal Musiala,2023-04-01 16:30:00,0,0,0,0,False,3,1,0.0
517903,23,0.013092700392007828,a,2022,Freiburg,Bayern Munich,Jamal Musiala,2023-04-08 13:30:00,0,0,0,0,False,0,0,0.0
517909,42,0.062407199293375015,a,2022,Freiburg,Bayern Munich,Jamal Musiala,2023-04-08 13:30:00,0,0,0,0,False,0,0,0.013092700392007828
520708,30,0.4201166033744812,a,2022,Mainz 05,Bayern Munich,Jamal Musiala,2023-04-22 13:30:00,0,0,0,0,False,1,0,0.0
520711,47,0.06210624799132347,a,2022,Mainz 05,Bayern Munich,Jamal Musiala,2023-04-22 13:30:00,0,0,0,0,False,1,0,0.4201166033744812
524804,61,0.08940540999174118,a,2022,Werder Bremen,Bayern Munich,Jamal Musiala,2023-05-06 16:30:00,0,0,0,0,False,0,0,0.0
524809,73,0.0404142327606678,a,2022,Werder Bremen,Bayern Munich,Jamal Musiala,2023-05-06 16:30:00,0,0,0,0,False,2,0,0.08940540999174118
525907,13,0.02912939339876175,h,2022,Bayern Munich,Schalke 04,Jamal Musiala,2023-05-13 13:30:00,0,0,0,0,False,0,0,0.0
525910,17,0.12424606084823608,h,2022,Bayern Munich,Schalke 04,Jamal Musiala,2023-05-13 13:30:00,0,0,0,0,False,0,0,0.02912939339876175
525928,71,0.027280030772089958,h,2022,Bayern Munich,Schalke 04,Jamal Musiala,2023-05-13 13:30:00,0,0,0,0,False,4,0,0.15337545424699783
525932,82,0.08646009117364883,h,2022,Bayern Munich,Schalke 04,Jamal Musiala,2023-05-13 13:30:00,0,0,0,0,False,5,0,0.1806554850190878
527666,27,0.14756527543067932,h,2022,Bayern Munich,RasenBallsport Leipzig,Jamal Musiala,2023-05-20 16:30:00,0,0,0,0,False,1,0,0.0
527673,39,0.028121812269091606,h,2022,Bayern Munich,RasenBallsport Leipzig,Jamal Musiala,2023-05-20 16:30:00,0,0,0,0,False,1,0,0.14756527543067932
527672,39,0.08355972170829773,h,2022,Bayern Munich,RasenBallsport Leipzig,Jamal Musiala,2023-05-20 16:30:00,0,0,0,0,False,1,0,0.17568708769977093
527681,80,0.04730847850441933,h,2022,Bayern Munich,RasenBallsport Leipzig,Jamal Musiala,2023-05-20 16:30:00,0,0,0,0,False,1,2,0.25924680940806866
527687,89,0.03760625049471855,h,2022,Bayern Munich,RasenBallsport Leipzig,Jamal Musiala,2023-05-20 16:30:00,0,0,0,0,False,1,3,0.306555287912488
529049,88,0.03496331721544266,a,2022,FC Cologne,Bayern Munich,Jamal Musiala,2023-05-27 13:30:00,0,0,0,0,True,1,1,0.0
481545,79,0.019581299275159836,h,2022,Borussia M.Gladbach,Hertha Berlin,Ko Itakura,2022-08-19 18:30:00,0,0,0,0,False,1,0,0.0
483907,59,0.013477000407874584,a,2022,Bayern Munich,Borussia M.Gladbach,Ko Itakura,2022-08-27 16:30:00,0,0,0,0,False,1,0,0.0
505045,10,0.014843200333416462,h,2022,Borussia M.Gladbach,Bayer Leverkusen,Ko Itakura,2023-01-22 16:30:00,0,0,0,0,False,0,0,0.0
507347,26,0.06047249957919121,h,2022,Borussia M.Gladbach,Schalke 04,Ko Itakura,2023-02-04 17:30:00,0,0,0,0,False,0,0,0.0
507350,30,0.011362499557435513,h,2022,Borussia M.Gladbach,Schalke 04,Ko Itakura,2023-02-04 17:30:00,0,0,0,0,False,0,0,0.06047249957919121
507357,43,0.06860029697418213,h,2022,Borussia M.Gladbach,Schalke 04,Ko Itakura,2023-02-04 17:30:00,0,0,0,0,False,0,0,0.07183499913662672
509580,6,0.0671250969171524,h,2022,Borussia M.Gladbach,Bayern Munich,Ko Itakura,2023-02-18 14:30:00,0,0,0,0,False,0,0,0.0
509594,38,0.014287100173532963,h,2022,Borussia M.Gladbach,Bayern Munich,Ko Itakura,2023-02-18 14:30:00,0,0,0,0,False,1,1,0.0671250969171524
514591,44,0.17423400282859802,h,2022,Borussia M.Gladbach,Werder Bremen,Ko Itakura,2023-03-17 19:30:00,0,0,0,0,False,0,0,0.0
522723,76,0.01615476980805397,a,2022,VfB Stuttgart,Borussia M.Gladbach,Ko Itakura,2023-04-29 13:30:00,0,0,0,0,False,0,1,0.0
529094,50,0.1104847714304924,h,2022,Borussia M.Gladbach,Augsburg,Ko Itakura,2023-05-27 13:30:00,0,0,0,0,False,2,0,0.0
481773,48,0.03829929977655411,a,2022,Wolfsburg,Schalke 04,Danny Latza,2022-08-20 13:30:00,0,0,0,0,False,0,0,0.0
483458,73,0.11230199784040451,h,2022,Schalke 04,Union Berlin,Danny Latza,2022-08-27 13:30:00,0,0,0,0,False,1,4,0.0
504584,1,0.09565260261297226,a,2022,Eintracht Frankfurt,Schalke 04,Danny Latza,2023-01-21 14:30:00,0,0,0,0,False,0,0,0.0
504604,52,0.10540000349283218,a,2022,Eintracht Frankfurt,Schalke 04,Danny Latza,2023-01-21 14:30:00,0,0,0,0,False,0,1,0.09565260261297226
505310,38,0.02329690009355545,h,2022,Schalke 04,RasenBallsport Leipzig,Danny Latza,2023-01-24 17:30:00,0,0,0,0,False,0,2,0.0
506214,22,0.06586000323295593,h,2022,Schalke 04,FC Cologne,Danny Latza,2023-01-29 14:30:00,0,0,0,0,False,0,0,0.0
506218,36,0.054285600781440735,h,2022,Schalke 04,FC Cologne,Danny Latza,2023-01-29 14:30:00,0,0,0,0,False,0,0,0.06586000323295593
506220,46,0.011769999749958515,h,2022,Schalke 04,FC Cologne,Danny Latza,2023-01-29 14:30:00,0,0,0,0,False,0,0,0.12014560401439667
510984,87,0.06453090161085129,h,2022,Schalke 04,VfB Stuttgart,Danny Latza,2023-02-25 17:30:00,0,0,0,0,False,2,1,0.0
518900,85,0.040394701063632965,a,2022,Hoffenheim,Schalke 04,Danny Latza,2023-04-09 17:30:00,0,0,0,0,False,0,1,0.0
518903,96,0.051088299602270126,a,2022,Hoffenheim,Schalke 04,Danny Latza,2023-04-09 17:30:00,0,0,0,0,False,0,1,0.040394701063632965
524422,90,0.03205081820487976,a,2022,Mainz 05,Schalke 04,Danny Latza,2023-05-05 18:30:00,0,0,0,0,False,2,2,0.0
524424,96,0.0637836828827858,a,2022,Mainz 05,Schalke 04,Danny Latza,2023-05-05 18:30:00,0,0,0,0,False,2,2,0.03205081820487976
525918,45,0.04859347641468048,a,2022,Bayern Munich,Schalke 04,Danny Latza,2023-05-13 13:30:00,0,0,0,0,False,0,2,0.0
527356,81,0.037054479122161865,h,2022,Schalke 04,Eintracht Frankfurt,Danny Latza,2023-05-20 13:30:00,0,0,0,0,False,1,2,0.0
528922,42,0.06682510673999786,a,2022,RasenBallsport Leipzig,Schalke 04,Danny Latza,2023-05-27 13:30:00,0,0,0,0,False,1,2,0.0
505721,27,0.023132199421525,h,2022,Hoffenheim,Borussia M.Gladbach,Sebastian Rudy,2023-01-28 14:30:00,0,0,0,0,False,0,1,0.0
510732,34,0.017744099721312523,h,2022,Hoffenheim,Borussia Dortmund,Sebastian Rudy,2023-02-25 14:30:00,0,0,0,0,False,0,0,0.0
510743,59,0.02667500078678131,h,2022,Hoffenheim,Borussia Dortmund,Sebastian Rudy,2023-02-25 14:30:00,0,0,0,0,False,0,1,0.017744099721312523
525831,4,0.011845138855278492,a,2022,Wolfsburg,Hoffenheim,Sebastian Rudy,2023-05-13 13:30:00,0,0,0,0,False,0,0,0.0
525835,33,0.01672077178955078,a,2022,Wolfsburg,Hoffenheim,Sebastian Rudy,2023-05-13 13:30:00,0,0,0,0,False,0,1,0.011845138855278492
480043,21,0.05534150078892708,a,2022,Freiburg,Borussia Dortmund,Anthony Modeste,2022-08-12 18:30:00,0,0,0,0,False,0,0,0.0
480048,37,0.06760360300540924,a,2022,Freiburg,Borussia Dortmund,Anthony Modeste,2022-08-12 18:30:00,0,0,0,0,False,0,1,0.05534150078892708
483473,21,0.07756319642066956,a,2022,Hertha Berlin,Borussia Dortmund,Anthony Modeste,2022-08-27 13:30:00,0,0,1,0,False,0,0,0.0
483474,24,0.3496600091457367,a,2022,Hertha Berlin,Borussia Dortmund,Anthony Modeste,2022-08-27 13:30:00,0,0,1,0,False,0,0,0.07756319642066956
483475,31,0.05169390141963959,a,2022,Hertha Berlin,Borussia Dortmund,Anthony Modeste,2022-08-27 13:30:00,0,0,0,0,True,0,0,0.42722320556640625
485546,18,0.425911009311676,h,2022,Borussia Dortmund,Hoffenheim,Anthony Modeste,2022-09-02 18:30:00,0,0,0,0,False,1,0,0.0
485562,66,0.11786200106143951,h,2022,Borussia Dortmund,Hoffenheim,Anthony Modeste,2022-09-02 18:30:00,0,0,0,0,False,1,0,0.425911009311676
485564,84,0.05546950176358223,h,2022,Borussia Dortmund,Hoffenheim,Anthony Modeste,2022-09-02 18:30:00,0,0,0,0,False,1,0,0.5437730103731155
487420,42,0.037851400673389435,a,2022,RasenBallsport Leipzig,Borussia Dortmund,Anthony Modeste,2022-09-10 13:30:00,0,0,0,0,False,0,1,0.0
487426,62,0.07970599830150604,a,2022,RasenBallsport Leipzig,Borussia Dortmund,Anthony Modeste,2022-09-10 13:30:00,0,0,0,0,False,0,2,0.037851400673389435
488734,6,0.06411519646644592,h,2022,Borussia Dortmund,Schalke 04,Anthony Modeste,2022-09-17 13:30:00,0,0,0,0,False,0,0,0.0
488737,45,0.13695499300956726,h,2022,Borussia Dortmund,Schalke 04,Anthony Modeste,2022-09-17 13:30:00,0,0,0,0,False,0,0,0.06411519646644592
489916,10,0.06638990342617035,a,2022,FC Cologne,Borussia Dortmund,Anthony Modeste,2022-10-01 13:30:00,0,0,0,0,False,0,0,0.0
489949,75,0.09669890254735947,a,2022,FC Cologne,Borussia Dortmund,Anthony Modeste,2022-10-01 13:30:00,0,0,0,0,False,1,3,0.06638990342617035
491759,82,0.5059589743614197,h,2022,Borussia Dortmund,Bayern Munich,Anthony Modeste,2022-10-08 16:30:00,0,0,1,0,False,1,2,0.0
491764,94,0.362091988325119,h,2022,Borussia Dortmund,Bayern Munich,Anthony Modeste,2022-10-08 16:30:00,0,0,0,0,True,1,2,0.5059589743614197
495010,78,0.12299499660730362,h,2022,Borussia Dortmund,VfB Stuttgart,Anthony Modeste,2022-10-22 13:30:00,0,0,0,0,False,5,0,0.0
499028,93,0.0863656997680664,a,2022,Wolfsburg,Borussia Dortmund,Anthony Modeste,2022-11-08 17:30:00,0,0,0,0,False,0,2,0.0
499768,65,0.6246700286865234,a,2022,Borussia M.Gladbach,Borussia Dortmund,Anthony Modeste,2022-11-11 19:30:00,0,0,0,0,False,2,4,0.0
499771,83,0.03304719924926758,a,2022,Borussia M.Gladbach,Borussia Dortmund,Anthony Modeste,2022-11-11 19:30:00,0,0,0,0,False,2,4,0.6246700286865234
522490,89,0.03681305795907974,a,2022,Bochum,Borussia Dortmund,Anthony Modeste,2023-04-28 18:30:00,0,0,0,0,False,1,1,0.0
479188,13,0.019435200840234756,a,2022,Bochum,Mainz 05,Angelo Fulgini,2022-08-06 13:30:00,0,0,0,0,False,0,0,0.0
480913,66,0.1139179989695549,h,2022,Mainz 05,Union Berlin,Angelo Fulgini,2022-08-14 13:30:00,0,0,0,0,False,0,0,0.0
480914,68,0.12689000368118286,h,2022,Mainz 05,Union Berlin,Angelo Fulgini,2022-08-14 13:30:00,0,0,0,0,False,0,0,0.1139179989695549
483532,5,0.40155699849128723,h,2022,Mainz 05,Bayer Leverkusen,Angelo Fulgini,2022-08-27 13:30:00,0,0,0,0,False,0,0,0.0
486726,75,0.012531200423836708,a,2022,Borussia M.Gladbach,Mainz 05,Angelo Fulgini,2022-09-04 15:30:00,0,0,0,0,False,1,0,0.0
487438,14,0.017340000718832016,a,2022,Hoffenheim,Mainz 05,Angelo Fulgini,2022-09-10 13:30:00,0,0,0,0,False,0,0,0.0
504528,91,0.044411398470401764,a,2022,VfB Stuttgart,Mainz 05,Angelo Fulgini,2023-01-21 14:30:00,0,0,0,0,False,1,1,0.0
505444,73,0.05796780064702034,h,2022,Mainz 05,Borussia Dortmund,Angelo Fulgini,2023-01-25 17:30:00,0,0,0,0,False,1,1,0.0
479894,91,0.08105809986591339,a,2022,FC Cologne,Schalke 04,Cédric Brunner,2022-08-07 15:30:00,0,0,0,0,False,1,3,0.0
481777,52,0.02320599928498268,a,2022,Wolfsburg,Schalke 04,Cédric Brunner,2022-08-20 13:30:00,0,0,0,0,False,0,0,0.0
499435,68,0.01748039945960045,h,2022,Schalke 04,Mainz 05,Cédric Brunner,2022-11-09 19:30:00,0,0,0,0,False,1,0,0.0
504585,1,0.012129499576985836,a,2022,Eintracht Frankfurt,Schalke 04,Cédric Brunner,2023-01-21 14:30:00,0,0,0,0,False,0,0,0.0
505321,56,0.010439000092446804,h,2022,Schalke 04,RasenBallsport Leipzig,Cédric Brunner,2023-01-24 17:30:00,0,0,0,0,False,1,4,0.0
506219,46,0.017248500138521194,h,2022,Schalke 04,FC Cologne,Cédric Brunner,2023-01-29 14:30:00,0,0,0,0,False,0,0,0.0
513731,75,0.03517509996891022,h,2022,Schalke 04,Borussia Dortmund,Cédric Brunner,2023-03-11 17:30:00,0,0,0,0,False,1,2,0.0
519036,11,0.019346099346876144,h,2022,Schalke 04,Hertha Berlin,Cédric Brunner,2023-04-14 18:30:00,0,0,0,0,False,1,0,0.0
525912,22,0.019062738865613937,a,2022,Bayern Munich,Schalke 04,Cédric Brunner,2023-05-13 13:30:00,0,0,0,0,False,0,1,0.0
528930,61,0.0796632394194603,a,2022,RasenBallsport Leipzig,Schalke 04,Cédric Brunner,2023-05-27 13:30:00,0,0,0,0,False,1,2,0.0
479144,10,0.010037300176918507,a,2022,Borussia M.Gladbach,Hoffenheim,Robert Skov,2022-08-06 13:30:00,0,0,1,0,False,0,0,0.0
479146,24,0.10909999907016754,a,2022,Borussia M.Gladbach,Hoffenheim,Robert Skov,2022-08-06 13:30:00,0,0,0,0,True,0,0,0.010037300176918507
480208,21,0.040984198451042175,h,2022,Hoffenheim,Bochum,Robert Skov,2022-08-13 13:30:00,0,0,0,0,False,1,2,0.0
480211,28,0.04530619829893112,h,2022,Hoffenheim,Bochum,Robert Skov,2022-08-13 13:30:00,0,0,0,0,False,2,2,0.040984198451042175
480217,34,0.025431200861930847,h,2022,Hoffenheim,Bochum,Robert Skov,2022-08-13 13:30:00,0,0,0,0,False,2,2,0.0862903967499733
480218,37,0.01722720079123974,h,2022,Hoffenheim,Bochum,Robert Skov,2022-08-13 13:30:00,0,0,0,0,False,2,2,0.11172159761190414
480229,70,0.05372539907693863,h,2022,Hoffenheim,Bochum,Robert Skov,2022-08-13 13:30:00,0,0,0,0,False,2,2,0.12894879840314388
481689,47,0.04691360145807266,a,2022,Bayer Leverkusen,Hoffenheim,Robert Skov,2022-08-20 13:30:00,0,0,0,0,False,2,0,0.0
483511,34,0.049385201185941696,h,2022,Hoffenheim,Augsburg,Robert Skov,2022-08-27 13:30:00,0,0,0,0,False,0,0,0.0
483517,50,0.06705170124769211,h,2022,Hoffenheim,Augsburg,Robert Skov,2022-08-27 13:30:00,0,0,0,0,False,1,0,0.049385201185941696
487445,48,0.0573245994746685,h,2022,Hoffenheim,Mainz 05,Robert Skov,2022-09-10 13:30:00,0,0,0,0,False,0,0,0.0
487449,55,0.04864950105547905,h,2022,Hoffenheim,Mainz 05,Robert Skov,2022-09-10 13:30:00,0,0,0,0,False,1,0,0.0573245994746685
487450,55,0.013226799666881561,h,2022,Hoffenheim,Mainz 05,Robert Skov,2022-09-10 13:30:00,0,0,0,0,False,1,0,0.10597410053014755
491273,1,0.035748500376939774,h,2022,Hoffenheim,Werder Bremen,Robert Skov,2022-10-07 18:30:00,0,0,0,0,False,0,0,0.0
491274,2,0.038383599370718,h,2022,Hoffenheim,Werder Bremen,Robert Skov,2022-10-07 18:30:00,0,0,0,0,False,0,0,0.035748500376939774
491278,21,0.04179399833083153,h,2022,Hoffenheim,Werder Bremen,Robert Skov,2022-10-07 18:30:00,0,0,0,0,False,0,1,0.07413209974765778
491289,61,0.043003201484680176,h,2022,Hoffenheim,Werder Bremen,Robert Skov,2022-10-07 18:30:00,0,0,0,0,False,1,1,0.1159260980784893
492698,10,0.7577769756317139,a,2022,Schalke 04,Hoffenheim,Robert Skov,2022-10-14 18:30:00,0,0,1,0,True,0,0,0.0
492701,16,0.1057410016655922,a,2022,Schalke 04,Hoffenheim,Robert Skov,2022-10-14 18:30:00,1,0,1,0,False,1,0,0.7577769756317139
492713,43,0.08558739721775055,a,2022,Schalke 04,Hoffenheim,Robert Skov,2022-10-14 18:30:00,1,0,1,0,False,1,0,0.8635179772973061
492718,58,0.7577769756317139,a,2022,Schalke 04,Hoffenheim,Robert Skov,2022-10-14 18:30:00,1,0,0,0,True,2,0,0.9491053745150566
492725,84,0.048511799424886703,a,2022,Schalke 04,Hoffenheim,Robert Skov,2022-10-14 18:30:00,1,0,0,0,False,3,0,1.7068823501467705
497478,31,0.055605798959732056,a,2022,FC Cologne,Hoffenheim,Robert Skov,2022-10-30 18:30:00,0,0,0,0,False,0,1,0.0
497980,37,0.04004250094294548,h,2022,Hoffenheim,RasenBallsport Leipzig,Robert Skov,2022-11-05 14:30:00,0,0,0,0,False,0,1,0.0
497993,62,0.03890540078282356,h,2022,Hoffenheim,RasenBallsport Leipzig,Robert Skov,2022-11-05 14:30:00,0,0,0,0,False,1,2,0.04004250094294548
499456,59,0.06054430082440376,a,2022,Eintracht Frankfurt,Hoffenheim,Robert Skov,2022-11-09 19:30:00,0,0,0,0,False,2,4,0.0
499463,87,0.021622000262141228,a,2022,Eintracht Frankfurt,Hoffenheim,Robert Skov,2022-11-09 19:30:00,0,0,0,0,False,2,4,0.06054430082440376
500047,10,0.020042000338435173,h,2022,Hoffenheim,Wolfsburg,Robert Skov,2022-11-12 14:30:00,0,0,0,0,False,0,0,0.0
500049,14,0.045621998608112335,h,2022,Hoffenheim,Wolfsburg,Robert Skov,2022-11-12 14:30:00,0,0,0,0,False,0,0,0.020042000338435173
500061,51,0.036651499569416046,h,2022,Hoffenheim,Wolfsburg,Robert Skov,2022-11-12 14:30:00,0,0,0,0,False,1,0,0.06566399894654751
500067,77,0.05718600004911423,h,2022,Hoffenheim,Wolfsburg,Robert Skov,2022-11-12 14:30:00,0,0,0,0,False,1,1,0.10231549851596355
504551,3,0.032191500067710876,a,2022,Union Berlin,Hoffenheim,Robert Skov,2023-01-21 14:30:00,0,0,0,0,False,0,0,0.0
504561,27,0.05126509815454483,a,2022,Union Berlin,Hoffenheim,Robert Skov,2023-01-21 14:30:00,0,0,0,0,False,0,0,0.032191500067710876
504562,30,0.022459600120782852,a,2022,Union Berlin,Hoffenheim,Robert Skov,2023-01-21 14:30:00,0,0,0,0,False,0,0,0.0834565982222557
504563,40,0.06421560049057007,a,2022,Union Berlin,Hoffenheim,Robert Skov,2023-01-21 14:30:00,0,0,0,0,False,0,0,0.10591619834303856
505359,1,0.02504190057516098,h,2022,Hoffenheim,VfB Stuttgart,Robert Skov,2023-01-24 19:30:00,0,0,0,0,False,0,0,0.0
512108,86,0.011157399974763393,a,2022,Mainz 05,Hoffenheim,Robert Skov,2023-03-04 14:30:00,0,0,0,0,False,0,1,0.0
512109,94,0.06553730368614197,a,2022,Mainz 05,Hoffenheim,Robert Skov,2023-03-04 14:30:00,0,0,0,0,False,0,1,0.011157399974763393
514913,3,0.028066199272871017,h,2022,Hoffenheim,Hertha Berlin,Robert Skov,2023-03-18 14:30:00,0,0,0,0,False,0,0,0.0
520808,74,0.06277994066476822,h,2022,Hoffenheim,FC Cologne,Robert Skov,2023-04-22 13:30:00,0,0,0,0,False,0,2,0.0
520810,84,0.016196297481656075,h,2022,Hoffenheim,FC Cologne,Robert Skov,2023-04-22 13:30:00,0,0,0,0,False,0,2,0.06277994066476822
479213,3,0.06352660059928894,h,2022,Augsburg,Freiburg,Daniel Caligiuri,2022-08-06 13:30:00,0,0,0,0,False,0,0,0.0
479216,10,0.04097919911146164,h,2022,Augsburg,Freiburg,Daniel Caligiuri,2022-08-06 13:30:00,0,0,0,0,False,0,0,0.06352660059928894
479231,57,0.018374700099229813,h,2022,Augsburg,Freiburg,Daniel Caligiuri,2022-08-06 13:30:00,0,0,0,0,False,0,2,0.10450579971075058
480297,67,0.050827499479055405,a,2022,Bayer Leverkusen,Augsburg,Daniel Caligiuri,2022-08-13 13:30:00,0,0,0,0,False,1,1,0.0
493720,67,0.053909800946712494,a,2022,FC Cologne,Augsburg,Daniel Caligiuri,2022-10-16 13:30:00,0,0,0,0,True,1,2,0.0
517869,85,0.016752999275922775,h,2022,Augsburg,FC Cologne,Daniel Caligiuri,2023-04-08 13:30:00,0,0,0,0,False,1,3,0.0
479876,46,0.028251200914382935,h,2022,FC Cologne,Schalke 04,Jan Thielmann,2022-08-07 15:30:00,0,0,0,0,False,0,0,0.0
479883,54,0.049710601568222046,h,2022,FC Cologne,Schalke 04,Jan Thielmann,2022-08-07 15:30:00,0,0,0,0,False,1,0,0.028251200914382935
479892,84,0.08121410012245178,h,2022,FC Cologne,Schalke 04,Jan Thielmann,2022-08-07 15:30:00,0,0,0,0,False,3,1,0.07796180248260498
479893,87,0.03240450099110603,h,2022,FC Cologne,Schalke 04,Jan Thielmann,2022-08-07 15:30:00,0,0,0,0,False,3,1,0.15917590260505676
480234,2,0.4493519961833954,a,2022,RasenBallsport Leipzig,FC Cologne,Jan Thielmann,2022-08-13 13:30:00,0,0,0,0,False,0,0,0.0
482435,81,0.03618929907679558,a,2022,Eintracht Frankfurt,FC Cologne,Jan Thielmann,2022-08-21 13:30:00,0,0,0,0,True,0,1,0.0
484406,94,0.016978999599814415,h,2022,FC Cologne,VfB Stuttgart,Jan Thielmann,2022-08-28 13:30:00,0,0,0,0,False,0,0,0.0
485762,8,0.033247701823711395,a,2022,Wolfsburg,FC Cologne,Jan Thielmann,2022-09-03 13:30:00,0,0,0,0,False,0,1,0.0
489472,11,0.032888300716876984,a,2022,Bochum,FC Cologne,Jan Thielmann,2022-09-18 15:30:00,0,0,0,0,False,0,0,0.0
517005,88,0.04643800109624863,h,2022,FC Cologne,Borussia M.Gladbach,Jan Thielmann,2023-04-02 13:30:00,0,0,0,0,False,0,0,0.0
519352,78,0.0927731990814209,h,2022,FC Cologne,Mainz 05,Jan Thielmann,2023-04-15 13:30:00,0,0,0,0,False,1,1,0.0
520814,91,0.06040889397263527,a,2022,Hoffenheim,FC Cologne,Jan Thielmann,2023-04-22 13:30:00,0,0,0,0,True,2,0,0.0
525566,57,0.5491824746131897,h,2022,FC Cologne,Hertha Berlin,Jan Thielmann,2023-05-12 18:30:00,0,0,0,0,False,3,2,0.0
479135,53,0.01278380025178194,h,2022,Union Berlin,Hertha Berlin,Robin Knoche,2022-08-06 13:30:00,0,0,0,0,True,2,0,0.0
488011,8,0.021916499361395836,a,2022,FC Cologne,Union Berlin,Robin Knoche,2022-09-11 13:30:00,0,0,0,0,False,0,0,0.0
492475,5,0.0355788990855217,a,2022,VfB Stuttgart,Union Berlin,Robin Knoche,2022-10-09 17:30:00,0,0,0,0,False,0,0,0.0
500804,8,0.7577769756317139,a,2022,Freiburg,Union Berlin,Robin Knoche,2022-11-13 16:30:00,0,0,0,0,False,0,2,0.0
504565,47,0.06821580231189728,h,2022,Union Berlin,Hoffenheim,Robin Knoche,2023-01-21 14:30:00,0,0,0,0,False,0,1,0.0
504574,71,0.02051050029695034,h,2022,Union Berlin,Hoffenheim,Robin Knoche,2023-01-21 14:30:00,0,0,0,0,False,0,1,0.06821580231189728
508629,71,0.7577769756317139,a,2022,RasenBallsport Leipzig,Union Berlin,Robin Knoche,2023-02-11 17:30:00,0,0,0,0,True,1,1,0.0
514369,73,0.05694510042667389,a,2022,Wolfsburg,Union Berlin,Robin Knoche,2023-03-12 18:30:00,0,0,0,0,False,1,0,0.0
514375,91,0.06969580054283142,a,2022,Wolfsburg,Union Berlin,Robin Knoche,2023-03-12 18:30:00,0,0,0,0,False,1,1,0.05694510042667389
478996,11,0.091041699051857,h,2022,Eintracht Frankfurt,Bayern Munich,Tuta,2022-08-05 18:30:00,0,0,0,0,False,0,2,0.0
484516,66,0.032897498458623886,a,2022,Werder Bremen,Eintracht Frankfurt,Tuta,2022-08-28 15:30:00,0,0,0,0,False,4,2,0.0
486194,66,0.7746490240097046,h,2022,Eintracht Frankfurt,RasenBallsport Leipzig,Tuta,2022-09-03 16:30:00,0,0,0,0,True,2,0,0.0
488687,75,0.04430830106139183,a,2022,VfB Stuttgart,Eintracht Frankfurt,Tuta,2022-09-17 13:30:00,0,0,0,0,False,2,0,0.0
496752,90,0.017314299941062927,h,2022,Eintracht Frankfurt,Borussia Dortmund,Tuta,2022-10-29 16:30:00,0,0,0,0,False,1,2,0.0
499445,18,0.02030619978904724,h,2022,Eintracht Frankfurt,Hoffenheim,Tuta,2022-11-09 19:30:00,0,0,0,0,False,2,0,0.0
512859,48,0.057542700320482254,a,2022,Wolfsburg,Eintracht Frankfurt,Tuta,2023-03-05 16:30:00,0,0,0,0,False,2,2,0.0
513372,7,0.017069300636649132,h,2022,Eintracht Frankfurt,VfB Stuttgart,Tuta,2023-03-11 14:30:00,0,0,0,0,False,0,0,0.0
513376,43,0.014792700298130512,h,2022,Eintracht Frankfurt,VfB Stuttgart,Tuta,2023-03-11 14:30:00,0,0,0,0,False,0,0,0.017069300636649132
515653,33,0.011802700348198414,a,2022,Union Berlin,Eintracht Frankfurt,Tuta,2023-03-19 14:30:00,0,0,0,0,False,0,0,0.0
517951,76,0.07875079661607742,a,2022,Bayer Leverkusen,Eintracht Frankfurt,Tuta,2023-04-08 13:30:00,0,0,0,0,False,1,2,0.0
519711,79,0.3634690046310425,h,2022,Eintracht Frankfurt,Borussia M.Gladbach,Tuta,2023-04-15 16:30:00,0,0,0,0,False,0,1,0.0
521044,26,0.011029244400560856,a,2022,Borussia Dortmund,Eintracht Frankfurt,Tuta,2023-04-22 16:30:00,0,0,0,0,False,0,2,0.0
522642,83,0.04090779647231102,h,2022,Eintracht Frankfurt,Augsburg,Tuta,2023-04-29 13:30:00,0,0,0,0,False,0,1,0.0
527350,58,0.5230220556259155,a,2022,Schalke 04,Eintracht Frankfurt,Tuta,2023-05-20 13:30:00,0,0,0,0,True,1,1,0.0
529141,52,0.016637306660413742,h,2022,Eintracht Frankfurt,Freiburg,Tuta,2023-05-27 13:30:00,0,0,0,0,False,0,1,0.0
529144,76,0.01384822092950344,h,2022,Eintracht Frankfurt,Freiburg,Tuta,2023-05-27 13:30:00,0,0,0,0,False,0,1,0.016637306660413742
480213,33,0.008334009908139706,h,2022,Hoffenheim,Bochum,Stanley N&#039;Soki,2022-08-13 13:30:00,0,0,0,0,False,2,2,0.0
494895,89,0.017879700288176537,h,2022,Hoffenheim,Bayern Munich,Stanley N&#039;Soki,2022-10-22 13:30:00,0,0,0,0,False,0,2,0.0
505364,38,0.10826700180768967,h,2022,Hoffenheim,VfB Stuttgart,Stanley N&#039;Soki,2023-01-24 19:30:00,0,0,0,0,False,1,0,0.0
505377,83,0.02661059983074665,h,2022,Hoffenheim,VfB Stuttgart,Stanley N&#039;Soki,2023-01-24 19:30:00,0,0,0,0,False,1,2,0.10826700180768967
506956,38,0.05261459946632385,a,2022,Bochum,Hoffenheim,Stanley N&#039;Soki,2023-02-04 14:30:00,0,0,0,0,False,0,2,0.0
508301,76,0.31766200065612793,h,2022,Hoffenheim,Bayer Leverkusen,Stanley N&#039;Soki,2023-02-11 14:30:00,0,0,0,0,True,0,3,0.0
516600,12,0,a,2022,Bayern Munich,Borussia Dortmund,Gregor Kobel,2023-04-01 16:30:00,0,0,0,0,False,0,0,0.0
505019,93,0.05265219882130623,a,2022,Borussia Dortmund,Augsburg,Arne Engels,2023-01-22 14:30:00,0,0,0,0,False,3,4,0.0
505504,46,0.01451059989631176,h,2022,Augsburg,Borussia M.Gladbach,Arne Engels,2023-01-25 19:30:00,0,0,0,0,False,0,0,0.0
505794,36,0.01752440072596073,a,2022,Freiburg,Augsburg,Arne Engels,2023-01-28 14:30:00,0,0,0,0,False,1,2,0.0
505815,89,0.01736219972372055,a,2022,Freiburg,Augsburg,Arne Engels,2023-01-28 14:30:00,0,0,0,0,False,1,3,0.01752440072596073
509333,43,0.024777399376034737,h,2022,Augsburg,Hoffenheim,Arne Engels,2023-02-17 19:30:00,0,0,0,0,False,0,0,0.0
512030,44,0.012928100302815437,h,2022,Augsburg,Werder Bremen,Arne Engels,2023-03-04 14:30:00,0,0,0,0,False,1,1,0.0
513438,20,0.023760199546813965,a,2022,Bayern Munich,Augsburg,Arne Engels,2023-03-11 14:30:00,0,0,0,0,False,1,2,0.0
514869,50,0.014581900089979172,h,2022,Augsburg,Schalke 04,Arne Engels,2023-03-18 14:30:00,0,0,0,0,False,0,0,0.0
514876,82,0.027664199471473694,h,2022,Augsburg,Schalke 04,Arne Engels,2023-03-18 14:30:00,0,0,0,0,False,1,0,0.014581900089979172
516223,51,0.022221900522708893,a,2022,Wolfsburg,Augsburg,Arne Engels,2023-04-01 13:30:00,0,0,0,0,False,1,0,0.0
517872,93,0.02461780048906803,h,2022,Augsburg,FC Cologne,Arne Engels,2023-04-08 13:30:00,0,0,0,0,False,1,3,0.0
519266,15,0.01062680035829544,a,2022,RasenBallsport Leipzig,Augsburg,Arne Engels,2023-04-15 13:30:00,0,0,0,0,False,1,1,0.0
524563,50,0.0176690723747015,h,2022,Augsburg,Union Berlin,Arne Engels,2023-05-06 13:30:00,0,0,0,0,False,0,0,0.0
524565,55,0.029544133692979813,h,2022,Augsburg,Union Berlin,Arne Engels,2023-05-06 13:30:00,0,0,0,0,False,1,0,0.0176690723747015
524572,72,0.05559953674674034,h,2022,Augsburg,Union Berlin,Arne Engels,2023-05-06 13:30:00,0,0,0,0,False,1,0,0.04721320606768131
528162,47,0.056883133947849274,h,2022,Augsburg,Borussia Dortmund,Arne Engels,2023-05-21 15:30:00,0,0,0,0,False,0,0,0.0
529084,23,0.025181733071804047,a,2022,Borussia M.Gladbach,Augsburg,Arne Engels,2023-05-27 13:30:00,0,0,0,0,False,0,1,0.0
480284,42,0.07610250264406204,h,2022,Bayer Leverkusen,Augsburg,Adam Hlozek,2022-08-13 13:30:00,0,0,0,0,False,0,1,0.0
480289,47,0.07124389708042145,h,2022,Bayer Leverkusen,Augsburg,Adam Hlozek,2022-08-13 13:30:00,0,0,0,0,False,1,1,0.07610250264406204
480292,53,0.04463919997215271,h,2022,Bayer Leverkusen,Augsburg,Adam Hlozek,2022-08-13 13:30:00,0,0,0,0,False,1,1,0.1473463997244835
487489,25,0.08247750252485275,a,2022,Hertha Berlin,Bayer Leverkusen,Adam Hlozek,2022-09-10 13:30:00,0,0,0,0,False,0,0,0.0
488721,70,0.33576500415802,h,2022,Bayer Leverkusen,Werder Bremen,Adam Hlozek,2022-09-17 13:30:00,0,0,0,0,False,1,0,0.0
491549,81,0.060325898230075836,h,2022,Bayer Leverkusen,Schalke 04,Adam Hlozek,2022-10-08 13:30:00,0,0,0,0,False,3,0,0.0
494976,42,0.07128109782934189,h,2022,Bayer Leverkusen,Wolfsburg,Adam Hlozek,2022-10-22 13:30:00,0,0,0,0,False,1,0,0.0
498728,28,0.022264599800109863,h,2022,Bayer Leverkusen,Union Berlin,Adam Hlozek,2022-11-06 14:30:00,0,0,1,0,False,0,0,0.0
498742,67,0.14930100739002228,h,2022,Bayer Leverkusen,Union Berlin,Adam Hlozek,2022-11-06 14:30:00,0,0,0,0,True,3,0,0.022264599800109863
499269,13,0.025544699281454086,a,2022,FC Cologne,Bayer Leverkusen,Adam Hlozek,2022-11-09 17:30:00,0,0,0,0,False,0,0,0.0
500089,78,0.12523199617862701,h,2022,Bayer Leverkusen,VfB Stuttgart,Adam Hlozek,2022-11-12 14:30:00,0,0,0,0,False,1,0,0.0
500093,91,0.037073999643325806,h,2022,Bayer Leverkusen,VfB Stuttgart,Adam Hlozek,2022-11-12 14:30:00,0,0,0,0,False,2,0,0.12523199617862701
505048,19,0.10000699758529663,a,2022,Borussia M.Gladbach,Bayer Leverkusen,Adam Hlozek,2023-01-22 16:30:00,0,0,0,0,False,0,0,0.0
505053,34,0.07637540251016617,a,2022,Borussia M.Gladbach,Bayer Leverkusen,Adam Hlozek,2023-01-22 16:30:00,0,0,0,0,False,1,0,0.10000699758529663
505057,48,0.11945799738168716,a,2022,Borussia M.Gladbach,Bayer Leverkusen,Adam Hlozek,2023-01-22 16:30:00,0,0,0,0,False,2,0,0.1763824000954628
505061,59,0.03366539999842644,a,2022,Borussia M.Gladbach,Bayer Leverkusen,Adam Hlozek,2023-01-22 16:30:00,0,0,0,0,False,2,0,0.29584039747714996
505463,52,0.32992100715637207,h,2022,Bayer Leverkusen,Bochum,Adam Hlozek,2023-01-25 19:30:00,0,0,0,0,True,1,0,0.0
505465,60,0.049032699316740036,h,2022,Bayer Leverkusen,Bochum,Adam Hlozek,2023-01-25 19:30:00,1,0,0,0,False,2,0,0.32992100715637207
506314,92,0.04300360009074211,h,2022,Bayer Leverkusen,Borussia Dortmund,Adam Hlozek,2023-01-29 16:30:00,0,0,0,0,False,0,1,0.0
506804,25,0.08446840196847916,a,2022,Augsburg,Bayer Leverkusen,Adam Hlozek,2023-02-03 19:30:00,0,0,0,0,False,0,0,0.0
508291,45,0.05587660148739815,a,2022,Hoffenheim,Bayer Leverkusen,Adam Hlozek,2023-02-11 14:30:00,0,0,1,0,False,1,0,0.0
508295,55,0.13491499423980713,a,2022,Hoffenheim,Bayer Leverkusen,Adam Hlozek,2023-02-11 14:30:00,0,0,0,0,True,2,0,0.05587660148739815
508298,69,0.015765100717544556,a,2022,Hoffenheim,Bayer Leverkusen,Adam Hlozek,2023-02-11 14:30:00,1,0,0,0,False,3,0,0.19079159572720528
511369,7,0.14210399985313416,a,2022,Freiburg,Bayer Leverkusen,Adam Hlozek,2023-02-26 14:30:00,0,0,0,0,False,0,0,0.0
514245,32,0.06413859874010086,a,2022,Werder Bremen,Bayer Leverkusen,Adam Hlozek,2023-03-12 16:30:00,0,0,1,0,False,0,1,0.0
514262,82,0.0633826032280922,a,2022,Werder Bremen,Bayer Leverkusen,Adam Hlozek,2023-03-12 16:30:00,0,0,0,0,True,2,1,0.06413859874010086
520301,34,0.03108149953186512,a,2022,Wolfsburg,Bayer Leverkusen,Adam Hlozek,2023-04-16 17:30:00,0,0,0,0,False,0,0,0.0
521635,39,0.08887697756290436,h,2022,Bayer Leverkusen,RasenBallsport Leipzig,Adam Hlozek,2023-04-23 15:30:00,0,0,0,0,True,0,0,0.0
524398,88,0.07410560548305511,h,2022,Bayer Leverkusen,FC Cologne,Adam Hlozek,2023-05-05 18:30:00,0,0,0,0,False,1,2,0.0
526604,92,0.05952852591872215,a,2022,VfB Stuttgart,Bayer Leverkusen,Adam Hlozek,2023-05-14 13:30:00,0,0,0,0,False,1,1,0.0
480252,79,0.032182298600673676,h,2022,RasenBallsport Leipzig,FC Cologne,Mohamed Simakan,2022-08-13 13:30:00,0,0,0,0,False,2,1,0.0
482066,67,0.04111409932374954,a,2022,Union Berlin,RasenBallsport Leipzig,Mohamed Simakan,2022-08-20 16:30:00,0,0,0,0,False,0,2,0.0
483564,34,0.12694400548934937,h,2022,RasenBallsport Leipzig,Wolfsburg,Mohamed Simakan,2022-08-27 13:30:00,0,0,0,0,False,1,0,0.0
483566,48,0.44831299781799316,h,2022,RasenBallsport Leipzig,Wolfsburg,Mohamed Simakan,2022-08-27 13:30:00,0,0,0,0,False,1,0,0.12694400548934937
496328,26,0.025942200794816017,h,2022,RasenBallsport Leipzig,Bayer Leverkusen,Mohamed Simakan,2022-10-29 13:30:00,0,0,0,0,False,0,0,0.0
499496,36,0.020239299163222313,h,2022,RasenBallsport Leipzig,Freiburg,Mohamed Simakan,2022-11-09 19:30:00,0,0,1,0,False,0,0,0.0
499504,53,0.7438210248947144,h,2022,RasenBallsport Leipzig,Freiburg,Mohamed Simakan,2022-11-09 19:30:00,0,0,0,0,True,0,0,0.020239299163222313
518305,38,0.6034370064735413,a,2022,Hertha Berlin,RasenBallsport Leipzig,Mohamed Simakan,2023-04-08 16:30:00,0,0,0,0,False,0,0,0.0
521649,79,0.09631417691707611,a,2022,Bayer Leverkusen,RasenBallsport Leipzig,Mohamed Simakan,2023-04-23 15:30:00,0,0,0,0,False,0,1,0.0
522602,58,0.057946737855672836,h,2022,RasenBallsport Leipzig,Hoffenheim,Mohamed Simakan,2023-04-29 13:30:00,0,0,0,0,False,1,0,0.0
522603,62,0.014329970814287663,h,2022,RasenBallsport Leipzig,Hoffenheim,Mohamed Simakan,2023-04-29 13:30:00,0,0,0,0,False,1,0,0.057946737855672836
526724,94,0.12250158935785294,h,2022,RasenBallsport Leipzig,Werder Bremen,Mohamed Simakan,2023-05-14 15:30:00,0,0,0,0,False,1,1,0.0
490917,94,0.09960950165987015,h,2022,Schalke 04,Augsburg,Alexander Schwolow,2022-10-02 15:30:00,0,0,0,0,False,2,3,0.0
492226,85,0.010712400078773499,h,2022,Borussia M.Gladbach,FC Cologne,Yvandro Borges Sanches,2022-10-09 13:30:00,0,0,0,0,False,4,2,0.0
479748,11,0.023933999240398407,a,2022,VfB Stuttgart,RasenBallsport Leipzig,Benjamin Henrichs,2022-08-07 13:30:00,0,0,0,0,False,1,0,0.0
482063,48,0.015564999543130398,a,2022,Union Berlin,RasenBallsport Leipzig,Benjamin Henrichs,2022-08-20 16:30:00,0,0,0,0,False,0,2,0.0
482069,75,0.01181770022958517,a,2022,Union Berlin,RasenBallsport Leipzig,Benjamin Henrichs,2022-08-20 16:30:00,0,0,0,0,False,0,2,0.015564999543130398
482073,88,0.0656299963593483,a,2022,Union Berlin,RasenBallsport Leipzig,Benjamin Henrichs,2022-08-20 16:30:00,0,0,0,0,False,1,2,0.02738269977271557
483562,32,0.030473200604319572,h,2022,RasenBallsport Leipzig,Wolfsburg,Benjamin Henrichs,2022-08-27 13:30:00,0,0,0,0,False,1,0,0.0
487430,77,0.05430829897522926,h,2022,RasenBallsport Leipzig,Borussia Dortmund,Benjamin Henrichs,2022-09-10 13:30:00,0,0,0,0,False,2,0,0.0
487432,80,0.028225500136613846,h,2022,RasenBallsport Leipzig,Borussia Dortmund,Benjamin Henrichs,2022-09-10 13:30:00,0,0,0,0,False,2,0,0.05430829897522926
488890,47,0.0486752986907959,a,2022,Borussia M.Gladbach,RasenBallsport Leipzig,Benjamin Henrichs,2022-09-17 16:30:00,0,0,0,0,False,0,2,0.0
488889,47,0.04984059929847717,a,2022,Borussia M.Gladbach,RasenBallsport Leipzig,Benjamin Henrichs,2022-09-17 16:30:00,0,0,0,0,False,0,2,0.0486752986907959
491514,4,0.017736399546265602,a,2022,Mainz 05,RasenBallsport Leipzig,Benjamin Henrichs,2022-10-08 13:30:00,0,0,0,0,False,0,0,0.0
499495,27,0.04989520087838173,h,2022,RasenBallsport Leipzig,Freiburg,Benjamin Henrichs,2022-11-09 19:30:00,0,0,0,0,False,0,0,0.0
499982,58,0.05889600142836571,a,2022,Werder Bremen,RasenBallsport Leipzig,Benjamin Henrichs,2022-11-12 14:30:00,0,0,0,0,False,1,1,0.0
505306,14,0.2875489890575409,a,2022,Schalke 04,RasenBallsport Leipzig,Benjamin Henrichs,2023-01-24 17:30:00,0,0,0,0,True,1,0,0.0
505318,48,0.0423555001616478,a,2022,Schalke 04,RasenBallsport Leipzig,Benjamin Henrichs,2023-01-24 17:30:00,1,0,0,0,False,4,0,0.2875489890575409
505332,88,0.02069680020213127,a,2022,Schalke 04,RasenBallsport Leipzig,Benjamin Henrichs,2023-01-24 17:30:00,1,0,0,0,False,5,1,0.3299044892191887
507037,76,0.0857032984495163,a,2022,FC Cologne,RasenBallsport Leipzig,Benjamin Henrichs,2023-02-04 14:30:00,0,0,0,0,False,0,0,0.0
508622,23,0.021805299445986748,h,2022,RasenBallsport Leipzig,Union Berlin,Benjamin Henrichs,2023-02-11 17:30:00,0,0,0,0,True,0,0,0.0
508633,97,0.01211019977927208,h,2022,RasenBallsport Leipzig,Union Berlin,Benjamin Henrichs,2023-02-11 17:30:00,1,0,0,0,False,1,2,0.021805299445986748
510767,57,0.01664849929511547,h,2022,RasenBallsport Leipzig,Eintracht Frankfurt,Benjamin Henrichs,2023-02-25 14:30:00,0,0,0,0,False,2,0,0.0
518300,5,0.05052100121974945,a,2022,Hertha Berlin,RasenBallsport Leipzig,Benjamin Henrichs,2023-04-08 16:30:00,0,0,0,0,False,0,0,0.0
518307,42,0.020875699818134308,a,2022,Hertha Berlin,RasenBallsport Leipzig,Benjamin Henrichs,2023-04-08 16:30:00,0,0,0,0,False,1,0,0.05052100121974945
518313,60,0.10730399936437607,a,2022,Hertha Berlin,RasenBallsport Leipzig,Benjamin Henrichs,2023-04-08 16:30:00,0,0,0,0,False,1,0,0.07139670103788376
518317,68,0.051745399832725525,a,2022,Hertha Berlin,RasenBallsport Leipzig,Benjamin Henrichs,2023-04-08 16:30:00,0,0,0,0,False,1,0,0.17870070040225983
519267,26,0.07432679831981659,h,2022,RasenBallsport Leipzig,Augsburg,Benjamin Henrichs,2023-04-15 13:30:00,0,0,0,0,False,1,1,0.0
521625,3,0.07351147383451462,a,2022,Bayer Leverkusen,RasenBallsport Leipzig,Benjamin Henrichs,2023-04-23 15:30:00,0,0,0,0,False,0,0,0.0
521632,28,0.022668324410915375,a,2022,Bayer Leverkusen,RasenBallsport Leipzig,Benjamin Henrichs,2023-04-23 15:30:00,0,0,0,0,False,0,0,0.07351147383451462
521637,57,0.015632595866918564,a,2022,Bayer Leverkusen,RasenBallsport Leipzig,Benjamin Henrichs,2023-04-23 15:30:00,0,0,0,0,False,0,1,0.09617979824542999
521639,60,0.023559818044304848,a,2022,Bayer Leverkusen,RasenBallsport Leipzig,Benjamin Henrichs,2023-04-23 15:30:00,0,0,0,0,False,0,1,0.11181239411234856
521644,65,0.022167794406414032,a,2022,Bayer Leverkusen,RasenBallsport Leipzig,Benjamin Henrichs,2023-04-23 15:30:00,0,0,0,0,False,0,1,0.1353722121566534
524610,10,0.020691856741905212,a,2022,Freiburg,RasenBallsport Leipzig,Benjamin Henrichs,2023-05-06 13:30:00,0,0,0,0,False,0,0,0.0
526705,24,0.024822983890771866,h,2022,RasenBallsport Leipzig,Werder Bremen,Benjamin Henrichs,2023-05-14 15:30:00,0,0,0,0,False,0,0,0.0
494902,22,0.04479150101542473,a,2022,Freiburg,Werder Bremen,Amos Pieper,2022-10-22 13:30:00,0,0,0,0,False,0,0,0.0
494909,53,0.04560510069131851,a,2022,Freiburg,Werder Bremen,Amos Pieper,2022-10-22 13:30:00,0,0,0,0,False,0,0,0.04479150101542473
494930,92,0.030608300119638443,a,2022,Freiburg,Werder Bremen,Amos Pieper,2022-10-22 13:30:00,0,0,0,0,False,0,2,0.09039660170674324
496153,5,0.03483549878001213,h,2022,Werder Bremen,Hertha Berlin,Amos Pieper,2022-10-28 18:30:00,0,0,0,0,False,0,0,0.0
496159,30,0.03263099864125252,h,2022,Werder Bremen,Hertha Berlin,Amos Pieper,2022-10-28 18:30:00,0,0,0,0,False,0,0,0.03483549878001213
498213,31,0.04511209949851036,h,2022,Werder Bremen,Schalke 04,Amos Pieper,2022-11-05 17:30:00,0,0,0,0,False,1,0,0.0
499184,69,0.03878840059041977,a,2022,Bayern Munich,Werder Bremen,Amos Pieper,2022-11-08 19:30:00,0,0,0,0,False,1,4,0.0
505512,12,0.1290760040283203,h,2022,Werder Bremen,Union Berlin,Amos Pieper,2023-01-25 19:30:00,0,0,0,0,True,0,0,0.0
505744,35,0.12309800088405609,h,2022,Werder Bremen,Wolfsburg,Amos Pieper,2023-01-28 14:30:00,0,0,0,0,False,1,0,0.0
512043,89,0.014765799976885319,a,2022,Augsburg,Werder Bremen,Amos Pieper,2023-03-04 14:30:00,0,0,0,0,False,1,2,0.0
517135,75,0.11125899851322174,h,2022,Werder Bremen,Hoffenheim,Amos Pieper,2023-04-02 15:30:00,0,0,0,0,True,0,2,0.0
494928,88,0.02683519944548607,a,2022,Freiburg,Werder Bremen,Eren Sami Dinkci,2022-10-22 13:30:00,0,0,0,0,False,0,2,0.0
504812,74,0.07618220150470734,a,2022,FC Cologne,Werder Bremen,Eren Sami Dinkci,2023-01-21 17:30:00,0,0,0,0,False,1,6,0.0
505756,88,0.2664499878883362,h,2022,Werder Bremen,Wolfsburg,Eren Sami Dinkci,2023-01-28 14:30:00,0,0,0,0,False,2,0,0.0
512041,86,0.013114900328218937,a,2022,Augsburg,Werder Bremen,Eren Sami Dinkci,2023-03-04 14:30:00,0,0,0,0,False,1,2,0.0
512042,86,0.09739340096712112,a,2022,Augsburg,Werder Bremen,Eren Sami Dinkci,2023-03-04 14:30:00,0,0,0,0,False,1,2,0.013114900328218937
520104,83,0.03727610036730766,h,2022,Werder Bremen,Freiburg,Eren Sami Dinkci,2023-04-16 13:30:00,0,0,0,0,False,1,2,0.0
519703,64,0.05637630075216293,h,2022,Eintracht Frankfurt,Borussia M.Gladbach,Paxten Aaronson,2023-04-15 16:30:00,0,0,0,0,False,0,1,0.0
524593,53,0.04266459122300148,a,2022,Hoffenheim,Eintracht Frankfurt,Paxten Aaronson,2023-05-06 13:30:00,0,0,0,0,False,0,3,0.0
524600,73,0.021729614585638046,a,2022,Hoffenheim,Eintracht Frankfurt,Paxten Aaronson,2023-05-06 13:30:00,0,0,0,0,False,1,3,0.04266459122300148
524603,91,0.06230918690562248,a,2022,Hoffenheim,Eintracht Frankfurt,Paxten Aaronson,2023-05-06 13:30:00,0,0,0,0,False,1,3,0.06439420580863953
481775,50,0.02538199909031391,h,2022,Wolfsburg,Schalke 04,Micky van de Ven,2022-08-20 13:30:00,0,0,0,0,False,0,0,0.0
481791,89,0.07006499916315079,h,2022,Wolfsburg,Schalke 04,Micky van de Ven,2022-08-20 13:30:00,0,0,0,0,False,0,0,0.02538199909031391
491507,63,0.013398399576544762,a,2022,Augsburg,Wolfsburg,Micky van de Ven,2022-10-08 13:30:00,0,0,0,0,False,1,1,0.0
492998,11,0.06580950319766998,h,2022,Wolfsburg,Borussia M.Gladbach,Micky van de Ven,2022-10-15 13:30:00,0,0,0,0,False,0,0,0.0
494974,40,0.06712710112333298,a,2022,Bayer Leverkusen,Wolfsburg,Micky van de Ven,2022-10-22 13:30:00,0,0,0,0,False,0,1,0.0
498994,5,0.6455990076065063,h,2022,Wolfsburg,Borussia Dortmund,Micky van de Ven,2022-11-08 17:30:00,0,0,0,0,True,0,0,0.0
505748,48,0.010818599723279476,a,2022,Werder Bremen,Wolfsburg,Micky van de Ven,2023-01-28 14:30:00,0,0,0,0,False,0,1,0.0
505755,84,0.08197460323572159,a,2022,Werder Bremen,Wolfsburg,Micky van de Ven,2023-01-28 14:30:00,0,0,0,0,False,0,2,0.010818599723279476
507788,49,0.10948199778795242,h,2022,Wolfsburg,Bayern Munich,Micky van de Ven,2023-02-05 16:30:00,0,0,0,0,False,1,3,0.0
509541,64,0.029730400070548058,h,2022,Wolfsburg,RasenBallsport Leipzig,Micky van de Ven,2023-02-18 14:30:00,0,0,0,0,False,0,1,0.0
512856,39,0.0703715980052948,h,2022,Wolfsburg,Eintracht Frankfurt,Micky van de Ven,2023-03-05 16:30:00,0,0,0,0,False,1,2,0.0
514847,47,0.01120819989591837,a,2022,VfB Stuttgart,Wolfsburg,Micky van de Ven,2023-03-18 14:30:00,0,0,0,0,False,0,0,0.0
516237,91,0.038137201219797134,h,2022,Wolfsburg,Augsburg,Micky van de Ven,2023-04-01 13:30:00,0,0,0,0,False,1,1,0.0
520320,89,0.038798898458480835,h,2022,Wolfsburg,Bayer Leverkusen,Micky van de Ven,2023-04-16 17:30:00,0,0,0,0,False,0,0,0.0
525181,45,0.02353615127503872,a,2022,Borussia Dortmund,Wolfsburg,Micky van de Ven,2023-05-07 15:30:00,0,0,0,0,False,0,3,0.0
525846,79,0.020531969144940376,h,2022,Wolfsburg,Hoffenheim,Micky van de Ven,2023-05-13 13:30:00,0,0,0,0,False,2,0,0.0
480214,33,0.02551949955523014,h,2022,Hoffenheim,Bochum,Jacob Bruun Larsen,2022-08-13 13:30:00,0,0,0,0,False,2,2,0.0
483527,83,0.09727539867162704,h,2022,Hoffenheim,Augsburg,Jacob Bruun Larsen,2022-08-27 13:30:00,0,0,0,0,False,1,0,0.0
492726,89,0.4501489996910095,a,2022,Schalke 04,Hoffenheim,Jacob Bruun Larsen,2022-10-14 18:30:00,0,0,0,0,False,3,0,0.0
497481,34,0.6019309759140015,a,2022,FC Cologne,Hoffenheim,Jacob Bruun Larsen,2022-10-30 18:30:00,0,0,0,0,True,0,1,0.0
497992,59,0.015550600364804268,h,2022,Hoffenheim,RasenBallsport Leipzig,Jacob Bruun Larsen,2022-11-05 14:30:00,0,0,0,0,False,1,2,0.0
500070,81,0.034059301018714905,h,2022,Hoffenheim,Wolfsburg,Jacob Bruun Larsen,2022-11-12 14:30:00,0,0,0,0,False,1,1,0.0
529001,85,0.03554241359233856,a,2022,VfB Stuttgart,Hoffenheim,Jacob Bruun Larsen,2023-05-27 13:30:00,0,0,0,0,False,1,1,0.0
491448,82,0.05230820178985596,h,2022,Bochum,Eintracht Frankfurt,Silvère Ganvoula,2022-10-08 13:30:00,0,0,0,0,False,1,0,0.0
491451,92,0.057670898735523224,h,2022,Bochum,Eintracht Frankfurt,Silvère Ganvoula,2022-10-08 13:30:00,0,0,0,0,False,2,0,0.05230820178985596
495693,87,0.0482059009373188,h,2022,Bochum,Union Berlin,Silvère Ganvoula,2022-10-23 13:30:00,0,0,0,0,False,2,0,0.0
496360,58,0.006725400220602751,a,2022,Wolfsburg,Bochum,Silvère Ganvoula,2022-10-29 13:30:00,0,0,0,0,False,0,3,0.0
497948,79,0.03897099941968918,a,2022,Borussia Dortmund,Bochum,Silvère Ganvoula,2022-11-05 14:30:00,0,0,0,0,False,0,3,0.0
497951,88,0.02043900080025196,a,2022,Borussia Dortmund,Bochum,Silvère Ganvoula,2022-11-05 14:30:00,0,0,0,0,False,0,3,0.03897099941968918
505470,86,0.10361900180578232,a,2022,Bayer Leverkusen,Bochum,Silvère Ganvoula,2023-01-25 19:30:00,0,0,0,0,False,0,2,0.0
508332,82,0.009914020076394081,a,2022,Bayern Munich,Bochum,Silvère Ganvoula,2023-02-11 14:30:00,0,0,0,0,False,0,3,0.0
479170,22,0.11473900079727173,a,2022,Wolfsburg,Werder Bremen,Leonardo Bittencourt,2022-08-06 13:30:00,0,0,0,0,True,1,1,0.0
479173,37,0.05468109995126724,a,2022,Wolfsburg,Werder Bremen,Leonardo Bittencourt,2022-08-06 13:30:00,1,0,0,0,False,2,1,0.11473900079727173
479176,60,0.03277270123362541,a,2022,Wolfsburg,Werder Bremen,Leonardo Bittencourt,2022-08-06 13:30:00,1,0,0,0,False,2,1,0.16942010074853897
481711,62,0.022671900689601898,a,2022,Borussia Dortmund,Werder Bremen,Leonardo Bittencourt,2022-08-20 13:30:00,0,0,0,0,False,0,1,0.0
484505,16,0.038425300270318985,h,2022,Werder Bremen,Eintracht Frankfurt,Leonardo Bittencourt,2022-08-28 15:30:00,0,0,0,0,True,1,1,0.0
496160,39,0.04885990172624588,h,2022,Werder Bremen,Hertha Berlin,Leonardo Bittencourt,2022-10-28 18:30:00,0,0,0,0,False,0,0,0.0
499976,41,0.04692459851503372,h,2022,Werder Bremen,RasenBallsport Leipzig,Leonardo Bittencourt,2022-11-12 14:30:00,0,0,0,0,False,0,1,0.0
504808,45,0.02457910031080246,a,2022,FC Cologne,Werder Bremen,Leonardo Bittencourt,2023-01-21 17:30:00,0,0,0,0,False,1,5,0.0
505514,21,0.10024099797010422,h,2022,Werder Bremen,Union Berlin,Leonardo Bittencourt,2023-01-25 19:30:00,0,0,0,0,False,1,1,0.0
505518,48,0.012419300153851509,h,2022,Werder Bremen,Union Berlin,Leonardo Bittencourt,2023-01-25 19:30:00,0,0,0,0,False,1,2,0.10024099797010422
505526,79,0.0394630990922451,h,2022,Werder Bremen,Union Berlin,Leonardo Bittencourt,2023-01-25 19:30:00,0,0,0,0,False,1,2,0.11266029812395573
507658,14,0.06150820106267929,a,2022,VfB Stuttgart,Werder Bremen,Leonardo Bittencourt,2023-02-05 14:30:00,0,0,0,0,False,0,0,0.0
507668,61,0.01756029948592186,a,2022,VfB Stuttgart,Werder Bremen,Leonardo Bittencourt,2023-02-05 14:30:00,0,0,0,0,False,1,0,0.06150820106267929
510805,47,0.02393149957060814,h,2022,Werder Bremen,Bochum,Leonardo Bittencourt,2023-02-25 14:30:00,0,0,0,0,False,2,0,0.0
512017,3,0.015787700191140175,a,2022,Augsburg,Werder Bremen,Leonardo Bittencourt,2023-03-04 14:30:00,0,0,0,0,False,0,0,0.0
517137,82,0.010863999836146832,h,2022,Werder Bremen,Hoffenheim,Leonardo Bittencourt,2023-04-02 15:30:00,0,0,0,0,False,1,2,0.0
517140,92,0.012122100219130516,h,2022,Werder Bremen,Hoffenheim,Leonardo Bittencourt,2023-04-02 15:30:00,0,0,0,0,False,1,2,0.010863999836146832
522895,5,0.09471853077411652,a,2022,Schalke 04,Werder Bremen,Leonardo Bittencourt,2023-04-29 16:30:00,0,0,0,0,False,0,0,0.0
522917,73,0.0398675911128521,a,2022,Schalke 04,Werder Bremen,Leonardo Bittencourt,2023-04-29 16:30:00,0,0,0,0,False,1,0,0.09471853077411652
522918,75,0.04266485571861267,a,2022,Schalke 04,Werder Bremen,Leonardo Bittencourt,2023-04-29 16:30:00,0,0,0,0,False,1,0,0.1345861218869686
524795,28,0.010133661329746246,h,2022,Werder Bremen,Bayern Munich,Leonardo Bittencourt,2023-05-06 16:30:00,0,0,0,0,False,0,0,0.0
524807,69,0.03125021979212761,h,2022,Werder Bremen,Bayern Munich,Leonardo Bittencourt,2023-05-06 16:30:00,0,0,0,0,False,0,1,0.010133661329746246
524810,74,0.01229678001254797,h,2022,Werder Bremen,Bayern Munich,Leonardo Bittencourt,2023-05-06 16:30:00,0,0,0,0,False,0,2,0.041383881121873856
526715,64,0.034230880439281464,a,2022,RasenBallsport Leipzig,Werder Bremen,Leonardo Bittencourt,2023-05-14 15:30:00,0,0,1,0,False,0,0,0.0
526716,69,0.31482818722724915,a,2022,RasenBallsport Leipzig,Werder Bremen,Leonardo Bittencourt,2023-05-14 15:30:00,0,0,0,0,True,0,0,0.034230880439281464
479234,62,0.08559619635343552,h,2022,Augsburg,Freiburg,Iago,2022-08-06 13:30:00,0,0,0,0,False,0,3,0.0
487220,2,0.021146100014448166,a,2022,Werder Bremen,Augsburg,Iago,2022-09-09 18:30:00,0,0,0,0,False,0,0,0.0
487226,25,0.019324099645018578,a,2022,Werder Bremen,Augsburg,Iago,2022-09-09 18:30:00,0,0,0,0,False,0,0,0.021146100014448166
491494,32,0.04317739978432655,h,2022,Augsburg,Wolfsburg,Iago,2022-10-08 13:30:00,0,0,0,0,False,0,1,0.0
491503,60,0.03763509914278984,h,2022,Augsburg,Wolfsburg,Iago,2022-10-08 13:30:00,0,0,0,0,False,1,1,0.04317739978432655
491508,65,0.20546600222587585,h,2022,Augsburg,Wolfsburg,Iago,2022-10-08 13:30:00,0,0,0,0,False,1,1,0.0808124989271164
493716,57,0.04687080159783363,a,2022,FC Cologne,Augsburg,Iago,2022-10-16 13:30:00,0,0,0,0,False,1,1,0.0
513457,64,0.03204280138015747,a,2022,Bayern Munich,Augsburg,Iago,2023-03-11 14:30:00,0,0,0,0,False,2,4,0.0
514860,3,0.013255399651825428,h,2022,Augsburg,Schalke 04,Iago,2023-03-18 14:30:00,0,0,0,0,False,0,0,0.0
479760,46,0.01133789960294962,h,2022,VfB Stuttgart,RasenBallsport Leipzig,Hiroki Ito,2022-08-07 13:30:00,0,0,0,0,False,1,1,0.0
480261,32,0.01086379960179329,a,2022,Werder Bremen,VfB Stuttgart,Hiroki Ito,2022-08-13 13:30:00,0,0,0,0,False,0,1,0.0
485791,11,0.01559399999678135,h,2022,VfB Stuttgart,Schalke 04,Hiroki Ito,2022-09-03 13:30:00,0,0,0,0,False,0,0,0.0
492477,24,0.03131299838423729,h,2022,VfB Stuttgart,Union Berlin,Hiroki Ito,2022-10-09 17:30:00,0,0,0,0,False,0,0,0.0
496387,48,0.02828110009431839,h,2022,VfB Stuttgart,Augsburg,Hiroki Ito,2022-10-29 13:30:00,0,0,0,0,False,1,1,0.0
496406,85,0.05710529908537865,h,2022,VfB Stuttgart,Augsburg,Hiroki Ito,2022-10-29 13:30:00,0,0,0,0,False,1,1,0.02828110009431839
499204,43,0.09400100260972977,h,2022,VfB Stuttgart,Hertha Berlin,Hiroki Ito,2022-11-08 19:30:00,0,0,0,0,False,1,1,0.0
499210,57,0.015039700083434582,h,2022,VfB Stuttgart,Hertha Berlin,Hiroki Ito,2022-11-08 19:30:00,0,0,0,0,False,1,1,0.09400100260972977
500075,3,0.006513900123536587,a,2022,Bayer Leverkusen,VfB Stuttgart,Hiroki Ito,2022-11-12 14:30:00,0,0,0,0,False,0,0,0.0
505558,20,0.005826809909194708,a,2022,RasenBallsport Leipzig,VfB Stuttgart,Hiroki Ito,2023-01-27 19:30:00,0,0,0,0,False,0,0,0.0
505567,47,0.08438490331172943,a,2022,RasenBallsport Leipzig,VfB Stuttgart,Hiroki Ito,2023-01-27 19:30:00,0,0,0,0,False,0,1,0.005826809909194708
505572,76,0.020075999200344086,a,2022,RasenBallsport Leipzig,VfB Stuttgart,Hiroki Ito,2023-01-27 19:30:00,0,0,0,0,False,1,2,0.09021171322092414
512354,16,0.015295499935746193,h,2022,VfB Stuttgart,Bayern Munich,Hiroki Ito,2023-03-04 17:30:00,0,0,0,0,False,0,0,0.0
514842,25,0.020045600831508636,h,2022,VfB Stuttgart,Wolfsburg,Hiroki Ito,2023-03-18 14:30:00,0,0,0,0,False,0,0,0.0
516245,39,0.01089209970086813,a,2022,Union Berlin,VfB Stuttgart,Hiroki Ito,2023-04-01 13:30:00,0,0,0,0,False,0,0,0.0
516249,45,0.02408749982714653,a,2022,Union Berlin,VfB Stuttgart,Hiroki Ito,2023-04-01 13:30:00,0,0,0,0,False,0,0,0.01089209970086813
518785,13,0.05886080116033554,a,2022,Bochum,VfB Stuttgart,Hiroki Ito,2023-04-09 15:30:00,0,0,0,0,True,0,0,0.0
518789,32,0.015872199088335037,a,2022,Bochum,VfB Stuttgart,Hiroki Ito,2023-04-09 15:30:00,1,0,0,0,False,1,0,0.05886080116033554
518795,52,0.026613999158143997,a,2022,Bochum,VfB Stuttgart,Hiroki Ito,2023-04-09 15:30:00,1,0,0,0,False,1,0,0.07473300024867058
526588,18,0.02616460993885994,h,2022,VfB Stuttgart,Bayer Leverkusen,Hiroki Ito,2023-05-14 13:30:00,0,0,0,0,False,0,0,0.0
528987,62,0.012844366952776909,h,2022,VfB Stuttgart,Hoffenheim,Hiroki Ito,2023-05-27 13:30:00,0,0,0,0,False,0,0,0.0
483460,78,0.12348300218582153,a,2022,Schalke 04,Union Berlin,Milos Pantovic,2022-08-27 13:30:00,0,0,0,0,False,4,1,0.0
488028,73,0.03385210037231445,a,2022,FC Cologne,Union Berlin,Milos Pantovic,2022-09-11 13:30:00,0,0,0,0,False,0,0,0.0
492489,89,0.4024690091609955,a,2022,VfB Stuttgart,Union Berlin,Milos Pantovic,2022-10-09 17:30:00,0,0,0,0,False,1,0,0.0
495688,59,0.02653989940881729,a,2022,Bochum,Union Berlin,Milos Pantovic,2022-10-23 13:30:00,0,0,1,0,False,0,1,0.0
495692,77,0.7576959729194641,a,2022,Bochum,Union Berlin,Milos Pantovic,2022-10-23 13:30:00,0,0,1,0,False,0,2,0.02653989940881729
495696,92,0.05940280109643936,a,2022,Bochum,Union Berlin,Milos Pantovic,2022-10-23 13:30:00,0,0,0,0,True,0,2,0.7842358723282814
484503,1,0.051217399537563324,a,2022,Werder Bremen,Eintracht Frankfurt,Mario Götze,2022-08-28 15:30:00,0,0,0,0,True,0,0,0.0
486181,18,0.015182999894022942,h,2022,Eintracht Frankfurt,RasenBallsport Leipzig,Mario Götze,2022-09-03 16:30:00,0,0,0,0,False,1,0,0.0
486190,58,0.45188000798225403,h,2022,Eintracht Frankfurt,RasenBallsport Leipzig,Mario Götze,2022-09-03 16:30:00,0,0,0,0,False,2,0,0.015182999894022942
486193,66,0.053275398910045624,h,2022,Eintracht Frankfurt,RasenBallsport Leipzig,Mario Götze,2022-09-03 16:30:00,0,0,0,0,False,2,0,0.46706300787627697
488667,3,0.015406300313770771,a,2022,VfB Stuttgart,Eintracht Frankfurt,Mario Götze,2022-09-17 13:30:00,0,0,0,0,False,0,0,0.0
488683,66,0.07593519985675812,a,2022,VfB Stuttgart,Eintracht Frankfurt,Mario Götze,2022-09-17 13:30:00,0,0,0,0,False,2,0,0.015406300313770771
489958,11,0.46890899538993835,h,2022,Eintracht Frankfurt,Union Berlin,Mario Götze,2022-10-01 13:30:00,0,0,0,0,True,0,0,0.0
491436,42,0.028945500031113625,a,2022,Bochum,Eintracht Frankfurt,Mario Götze,2022-10-08 13:30:00,0,0,0,0,False,0,0,0.0
491439,54,0.05861499905586243,a,2022,Bochum,Eintracht Frankfurt,Mario Götze,2022-10-08 13:30:00,0,0,0,0,False,0,0,0.028945500031113625
493047,4,0.017124999314546585,h,2022,Eintracht Frankfurt,Bayer Leverkusen,Mario Götze,2022-10-15 13:30:00,0,0,0,0,False,0,0,0.0
495195,27,0.10775099694728851,a,2022,Borussia M.Gladbach,Eintracht Frankfurt,Mario Götze,2022-10-22 16:30:00,0,0,0,0,False,1,0,0.0
495204,89,0.05753539875149727,a,2022,Borussia M.Gladbach,Eintracht Frankfurt,Mario Götze,2022-10-22 16:30:00,0,0,0,0,False,3,1,0.10775099694728851
496736,29,0.11342500150203705,h,2022,Eintracht Frankfurt,Borussia Dortmund,Mario Götze,2022-10-29 16:30:00,0,0,0,0,False,1,1,0.0
496744,56,0.10764800012111664,h,2022,Eintracht Frankfurt,Borussia Dortmund,Mario Götze,2022-10-29 16:30:00,0,0,0,0,False,1,2,0.11342500150203705
500732,73,0.014973499812185764,a,2022,Mainz 05,Eintracht Frankfurt,Mario Götze,2022-11-13 14:30:00,0,0,0,0,False,1,1,0.0
507057,84,0.31664299964904785,h,2022,Eintracht Frankfurt,Hertha Berlin,Mario Götze,2023-02-04 14:30:00,0,0,0,0,False,2,0,0.0
507059,85,0.28969699144363403,h,2022,Eintracht Frankfurt,Hertha Berlin,Mario Götze,2023-02-04 14:30:00,0,0,0,0,False,2,0,0.31664299964904785
513385,70,0.1233299970626831,h,2022,Eintracht Frankfurt,VfB Stuttgart,Mario Götze,2023-03-11 14:30:00,0,0,0,0,False,1,0,0.0
521041,21,0.07025375217199326,a,2022,Borussia Dortmund,Eintracht Frankfurt,Mario Götze,2023-04-22 16:30:00,0,0,0,0,False,0,1,0.0
521043,26,0.06569116562604904,a,2022,Borussia Dortmund,Eintracht Frankfurt,Mario Götze,2023-04-22 16:30:00,0,0,0,0,False,0,2,0.07025375217199326
521049,36,0.0736282542347908,a,2022,Borussia Dortmund,Eintracht Frankfurt,Mario Götze,2023-04-22 16:30:00,0,0,0,0,False,0,2,0.1359449177980423
524587,36,0.08117461949586868,a,2022,Hoffenheim,Eintracht Frankfurt,Mario Götze,2023-05-06 13:30:00,0,0,1,0,False,0,1,0.0
524594,53,0.46061262488365173,a,2022,Hoffenheim,Eintracht Frankfurt,Mario Götze,2023-05-06 13:30:00,0,0,0,0,True,0,3,0.08117461949586868
525891,51,0.08134816586971283,h,2022,Eintracht Frankfurt,Mainz 05,Mario Götze,2023-05-13 13:30:00,0,0,0,0,False,2,0,0.0
529136,38,0.07480675727128983,h,2022,Eintracht Frankfurt,Freiburg,Mario Götze,2023-05-27 13:30:00,0,0,0,0,False,0,0,0.0
529145,78,0.04125010967254639,h,2022,Eintracht Frankfurt,Freiburg,Mario Götze,2023-05-27 13:30:00,0,0,0,0,False,0,1,0.07480675727128983
499770,80,0.011480499990284443,a,2022,Borussia M.Gladbach,Borussia Dortmund,Antonios Papadopoulos,2022-11-11 19:30:00,0,0,0,0,False,2,4,0.0
486712,19,0.010565100237727165,h,2022,Borussia M.Gladbach,Mainz 05,Christoph Kramer,2022-09-04 15:30:00,0,0,0,0,False,0,0,0.0
490322,17,0.24055899679660797,a,2022,Werder Bremen,Borussia M.Gladbach,Christoph Kramer,2022-10-01 16:30:00,0,0,0,0,False,0,3,0.0
490321,17,0.06012770161032677,a,2022,Werder Bremen,Borussia M.Gladbach,Christoph Kramer,2022-10-01 16:30:00,0,0,0,0,False,0,3,0.24055899679660797
497646,9,0.045256998389959335,h,2022,Borussia M.Gladbach,VfB Stuttgart,Christoph Kramer,2022-11-04 18:30:00,0,0,0,0,False,1,0,0.0
507358,43,0.06183629855513573,h,2022,Borussia M.Gladbach,Schalke 04,Christoph Kramer,2023-02-04 17:30:00,0,0,0,0,False,0,0,0.0
518672,90,0.013765900395810604,h,2022,Borussia M.Gladbach,Wolfsburg,Christoph Kramer,2023-04-09 13:30:00,0,0,0,0,False,2,0,0.0
479872,38,0.1115880012512207,h,2022,FC Cologne,Schalke 04,Luca Kilian,2022-08-07 15:30:00,0,0,1,0,False,0,0,0.0
479879,48,0.8988180160522461,h,2022,FC Cologne,Schalke 04,Luca Kilian,2022-08-07 15:30:00,0,0,0,0,True,0,0,0.1115880012512207
484402,72,0.07837600260972977,h,2022,FC Cologne,VfB Stuttgart,Luca Kilian,2022-08-28 13:30:00,0,0,0,0,False,0,0,0.0
485769,42,0.012859099544584751,a,2022,Wolfsburg,FC Cologne,Luca Kilian,2022-09-03 13:30:00,0,0,0,0,False,1,1,0.0
488362,92,0.0248383991420269,h,2022,Mainz 05,Hertha Berlin,Danny da Costa,2022-09-16 18:30:00,0,0,0,0,False,0,1,0.0
499421,21,0.04747200012207031,a,2022,Schalke 04,Mainz 05,Danny da Costa,2022-11-09 19:30:00,0,0,0,0,False,0,1,0.0
499430,45,0.012787500396370888,a,2022,Schalke 04,Mainz 05,Danny da Costa,2022-11-09 19:30:00,0,0,0,0,False,0,1,0.04747200012207031
500738,88,0.0786316990852356,h,2022,Mainz 05,Eintracht Frankfurt,Danny da Costa,2022-11-13 14:30:00,0,0,0,0,False,1,1,0.0
507009,51,0.018667999655008316,a,2022,Union Berlin,Mainz 05,Danny da Costa,2023-02-04 14:30:00,0,0,0,0,False,0,1,0.0
525894,62,0.13833430409431458,a,2022,Eintracht Frankfurt,Mainz 05,Danny da Costa,2023-05-13 13:30:00,0,0,0,0,False,0,3,0.0
525893,62,0.3230981230735779,a,2022,Eintracht Frankfurt,Mainz 05,Danny da Costa,2023-05-13 13:30:00,0,0,0,0,False,0,3,0.13833430409431458
527307,79,0.013928248547017574,a,2022,Werder Bremen,FC Cologne,Dimitris Limnios,2023-05-20 13:30:00,0,0,0,0,False,1,1,0.0
480062,83,0.1311900019645691,a,2022,Freiburg,Borussia Dortmund,Youssoufa Moukoko,2022-08-12 18:30:00,0,0,0,0,True,1,1,0.0
481717,89,0.43549999594688416,h,2022,Borussia Dortmund,Werder Bremen,Youssoufa Moukoko,2022-08-20 13:30:00,0,0,0,0,False,2,1,0.0
488743,65,0.2843250036239624,h,2022,Borussia Dortmund,Schalke 04,Youssoufa Moukoko,2022-09-17 13:30:00,0,0,1,0,False,0,0,0.0
488744,68,0.027621399611234665,h,2022,Borussia Dortmund,Schalke 04,Youssoufa Moukoko,2022-09-17 13:30:00,0,0,1,0,False,0,0,0.2843250036239624
488746,78,0.5926300287246704,h,2022,Borussia Dortmund,Schalke 04,Youssoufa Moukoko,2022-09-17 13:30:00,0,0,0,0,True,0,0,0.31194640323519707
488751,90,0.4520150125026703,h,2022,Borussia Dortmund,Schalke 04,Youssoufa Moukoko,2022-09-17 13:30:00,1,0,0,0,False,1,0,0.9045764319598675
489955,87,0.316866010427475,a,2022,FC Cologne,Borussia Dortmund,Youssoufa Moukoko,2022-10-01 13:30:00,0,0,0,0,False,1,3,0.0
491758,73,0.09914399683475494,h,2022,Borussia Dortmund,Bayern Munich,Youssoufa Moukoko,2022-10-08 16:30:00,0,0,0,0,True,0,2,0.0
493817,34,0.016257399693131447,a,2022,Union Berlin,Borussia Dortmund,Youssoufa Moukoko,2022-10-16 15:30:00,0,0,0,0,False,0,2,0.0
493818,35,0.08999869972467422,a,2022,Union Berlin,Borussia Dortmund,Youssoufa Moukoko,2022-10-16 15:30:00,0,0,0,0,False,0,2,0.016257399693131447
493819,45,0.039635300636291504,a,2022,Union Berlin,Borussia Dortmund,Youssoufa Moukoko,2022-10-16 15:30:00,0,0,0,0,False,0,2,0.10625609941780567
493827,78,0.06790219992399216,a,2022,Union Berlin,Borussia Dortmund,Youssoufa Moukoko,2022-10-16 15:30:00,0,0,0,0,False,0,2,0.14589140005409718
493828,81,0.03558550029993057,a,2022,Union Berlin,Borussia Dortmund,Youssoufa Moukoko,2022-10-16 15:30:00,0,0,0,0,False,0,2,0.21379359997808933
495002,47,0.056217700242996216,h,2022,Borussia Dortmund,VfB Stuttgart,Youssoufa Moukoko,2022-10-22 13:30:00,0,0,1,0,False,3,0,0.0
495006,54,0.1434819996356964,h,2022,Borussia Dortmund,VfB Stuttgart,Youssoufa Moukoko,2022-10-22 13:30:00,0,0,1,0,False,4,0,0.056217700242996216
495009,71,0.7434099912643433,h,2022,Borussia Dortmund,VfB Stuttgart,Youssoufa Moukoko,2022-10-22 13:30:00,0,0,0,0,True,4,0,0.19969969987869263
497939,7,0.024278100579977036,h,2022,Borussia Dortmund,Bochum,Youssoufa Moukoko,2022-11-05 14:30:00,0,0,1,0,True,0,0,0.0
497943,46,0.026686500757932663,h,2022,Borussia Dortmund,Bochum,Youssoufa Moukoko,2022-11-05 14:30:00,1,0,0,0,True,2,0,0.024278100579977036
497946,56,0.5334540009498596,h,2022,Borussia Dortmund,Bochum,Youssoufa Moukoko,2022-11-05 14:30:00,1,0,0,0,False,3,0,0.0509646013379097
499008,40,0.04985659942030907,a,2022,Wolfsburg,Borussia Dortmund,Youssoufa Moukoko,2022-11-08 17:30:00,0,0,0,0,False,0,1,0.0
499014,55,0.319925993680954,a,2022,Wolfsburg,Borussia Dortmund,Youssoufa Moukoko,2022-11-08 17:30:00,0,0,0,0,False,0,1,0.04985659942030907
499024,81,0.021329399198293686,a,2022,Wolfsburg,Borussia Dortmund,Youssoufa Moukoko,2022-11-08 17:30:00,0,0,0,0,False,0,1,0.36978259310126305
499743,2,0.01943870075047016,a,2022,Borussia M.Gladbach,Borussia Dortmund,Youssoufa Moukoko,2022-11-11 19:30:00,0,0,0,0,False,0,0,0.0
499747,16,0.02925949916243553,a,2022,Borussia M.Gladbach,Borussia Dortmund,Youssoufa Moukoko,2022-11-11 19:30:00,0,0,0,0,False,0,1,0.01943870075047016
499752,32,0.47389599680900574,a,2022,Borussia M.Gladbach,Borussia Dortmund,Youssoufa Moukoko,2022-11-11 19:30:00,0,0,0,0,False,1,3,0.04869819991290569
499754,36,0.06824590265750885,a,2022,Borussia M.Gladbach,Borussia Dortmund,Youssoufa Moukoko,2022-11-11 19:30:00,0,0,0,0,False,1,3,0.5225941967219114
504980,1,0.03567669913172722,h,2022,Borussia Dortmund,Augsburg,Youssoufa Moukoko,2023-01-22 14:30:00,0,0,0,0,False,0,0,0.0
504987,22,0.40935400128364563,h,2022,Borussia Dortmund,Augsburg,Youssoufa Moukoko,2023-01-22 14:30:00,0,0,0,0,False,0,0,0.03567669913172722
505431,7,0.30948200821876526,a,2022,Mainz 05,Borussia Dortmund,Youssoufa Moukoko,2023-01-25 17:30:00,0,0,0,0,False,1,1,0.0
517973,78,0.6838070154190063,h,2022,Borussia Dortmund,Union Berlin,Youssoufa Moukoko,2023-04-08 13:30:00,0,0,0,0,True,1,1,0.0
522482,74,0.388446182012558,a,2022,Bochum,Borussia Dortmund,Youssoufa Moukoko,2023-04-28 18:30:00,0,0,0,0,False,1,1,0.0
522483,75,0.1499735414981842,a,2022,Bochum,Borussia Dortmund,Youssoufa Moukoko,2023-04-28 18:30:00,0,0,0,0,False,1,1,0.388446182012558
525195,79,0.46555960178375244,h,2022,Borussia Dortmund,Wolfsburg,Youssoufa Moukoko,2023-05-07 15:30:00,0,0,0,0,False,5,0,0.0
528895,63,0.038793325424194336,h,2022,Borussia Dortmund,Mainz 05,Youssoufa Moukoko,2023-05-27 13:30:00,0,0,0,0,False,0,2,0.0
528897,66,0.04440668970346451,h,2022,Borussia Dortmund,Mainz 05,Youssoufa Moukoko,2023-05-27 13:30:00,0,0,0,0,False,0,2,0.038793325424194336
479886,61,0.761381983757019,h,2022,FC Cologne,Schalke 04,Sargis Adamyan,2022-08-07 15:30:00,0,0,0,0,False,1,0,0.0
479885,61,0.12634800374507904,h,2022,FC Cologne,Schalke 04,Sargis Adamyan,2022-08-07 15:30:00,0,0,0,0,False,1,0,0.761381983757019
482427,43,0.04094640165567398,a,2022,Eintracht Frankfurt,FC Cologne,Sargis Adamyan,2022-08-21 13:30:00,0,0,0,0,False,0,0,0.0
485778,66,0.07689669728279114,a,2022,Wolfsburg,FC Cologne,Sargis Adamyan,2022-09-03 13:30:00,0,0,1,0,False,2,1,0.0
485780,69,0.11424300074577332,a,2022,Wolfsburg,FC Cologne,Sargis Adamyan,2022-09-03 13:30:00,0,0,1,0,False,2,1,0.07689669728279114
485786,80,0.562296986579895,a,2022,Wolfsburg,FC Cologne,Sargis Adamyan,2022-09-03 13:30:00,0,0,0,0,True,2,2,0.19113969802856445
489486,76,0.025648200884461403,a,2022,Bochum,FC Cologne,Sargis Adamyan,2022-09-18 15:30:00,0,0,0,0,False,0,0,0.0
489942,64,0.09262029826641083,h,2022,FC Cologne,Borussia Dortmund,Sargis Adamyan,2022-10-01 13:30:00,0,0,0,0,False,2,1,0.0
499267,7,0.12969200313091278,h,2022,FC Cologne,Bayer Leverkusen,Sargis Adamyan,2022-11-09 17:30:00,0,0,0,0,False,0,0,0.0
499277,45,0.055706799030303955,h,2022,FC Cologne,Bayer Leverkusen,Sargis Adamyan,2022-11-09 17:30:00,0,0,0,0,False,1,0,0.12969200313091278
499280,48,0.09942460060119629,h,2022,FC Cologne,Bayer Leverkusen,Sargis Adamyan,2022-11-09 17:30:00,0,0,0,0,False,1,0,0.18539880216121674
499283,52,0.026872599497437477,h,2022,FC Cologne,Bayer Leverkusen,Sargis Adamyan,2022-11-09 17:30:00,0,0,0,0,False,1,0,0.284823402762413
499290,71,0.029076799750328064,h,2022,FC Cologne,Bayer Leverkusen,Sargis Adamyan,2022-11-09 17:30:00,0,0,0,0,False,1,2,0.3116960022598505
499993,11,0.04236900061368942,a,2022,Hertha Berlin,FC Cologne,Sargis Adamyan,2022-11-12 14:30:00,0,0,0,0,False,0,1,0.0
499997,14,0.6360530257225037,a,2022,Hertha Berlin,FC Cologne,Sargis Adamyan,2022-11-12 14:30:00,0,0,0,0,False,0,1,0.04236900061368942
500000,22,0.8069440126419067,a,2022,Hertha Berlin,FC Cologne,Sargis Adamyan,2022-11-12 14:30:00,0,0,0,0,False,0,1,0.6784220263361931
506229,71,0.069343701004982,a,2022,Schalke 04,FC Cologne,Sargis Adamyan,2023-01-29 14:30:00,0,0,0,0,False,0,0,0.0
506231,74,0.05652249976992607,a,2022,Schalke 04,FC Cologne,Sargis Adamyan,2023-01-29 14:30:00,0,0,0,0,False,0,0,0.069343701004982
509056,70,0.5786439776420593,h,2022,FC Cologne,Eintracht Frankfurt,Sargis Adamyan,2023-02-12 16:30:00,0,0,0,0,False,1,0,0.0
510793,90,0.029041100293397903,h,2022,FC Cologne,Wolfsburg,Sargis Adamyan,2023-02-25 14:30:00,0,0,0,0,False,0,2,0.0
515237,20,0.056144699454307556,a,2022,Borussia Dortmund,FC Cologne,Sargis Adamyan,2023-03-18 17:30:00,0,0,0,0,False,0,2,0.0
506817,52,0.07510659843683243,h,2022,Augsburg,Bayer Leverkusen,Felix Uduokhai,2023-02-03 19:30:00,0,0,0,0,False,0,0,0.0
508251,76,0.10018199682235718,a,2022,Mainz 05,Augsburg,Felix Uduokhai,2023-02-11 14:30:00,0,0,0,0,False,1,3,0.0
522637,47,0.05341292545199394,a,2022,Eintracht Frankfurt,Augsburg,Felix Uduokhai,2023-04-29 13:30:00,0,0,0,0,False,0,0,0.0
525809,11,0.052387598901987076,a,2022,Bochum,Augsburg,Felix Uduokhai,2023-05-13 13:30:00,0,0,0,0,False,0,1,0.0
